,rt,stimulus,response,trial_type,trial_index,time_elapsed,internal_node_id,consent_response,consent_timestamp,task,response_text,response_type,condition,version,column_name,statement,choice_order,participant_id
0,2882,"<div class=""consent-text""> <h2>Consent Agreement</h2> <p> Please read this consent agreement carefully before deciding whether to participate in this experiment. </p> <p> <strong>Description:</strong> You are invited to participate in a research study about language and language learning. The purpose of the research is to understand how people learn new words. This research will be conducted through the Prolific platform, including participants from the US, UK, and Canada. If you decide to participate in this research, you will learn and use new words. </p> <p> <strong>Time Involvement:</strong> The task will last the amount of time advertised on Prolific. You are free to withdraw from the study at any time. </p> <p> <strong>Risks and Benefits:</strong> Study data will be stored securely, in compliance with Stanford University standards, minimizing the risk of confiden-tiality breach. This study advances our scientific understanding of how people learn new languages. We cannot and do not guarantee or promise that you will receive any benefits from this study. </p> <p> <strong>Compensation:</strong> You will receive payment in the amount advertised on Prolific. If you do not complete this study, you will receive prorated payment based on the time that you have spent. Additionally, you may be eligible for bonus payments as described in the instructions. </p> <p> <strong>Participant's Rights:</strong> If you have read this form and have decided to participate in this project, please understand your participation is voluntary and you have the right to withdraw your consent or discontinue participation at any time without penalty or loss of benefits to which you are otherwise entitled. The alternative is not to participate. You have the right to refuse to answer particular questions. The results of this research study may be presented at scientific or professional meetings or published in scientific journals. Your individual privacy will be maintained in all published and writ-ten data resulting from the study. In accordance with scientific norms, the data from this study may be used or shared with other researchers for future research (after removing personally identifying information) without additional consent from you. </p> <p> <strong>Contact Information:</strong> If you have any questions, concerns or complaints about this research, its procedures, risks and benefits, contact the Protocol Director, Robert Hawkins (<a href=""mailto:rdhawkins@stanford.edu"">rdhawkins@stanford.edu</a>, 217-549-6923). </p> <p> <strong>Independant Contact:</strong> If you are not satisfied with how this study is being conducted, or if you have any concerns, com-plaints, or general questions about the research or your rights as a participant, please contact the Stanford Institutional Review Board (IRB) to speak to someone independent of the research team at 650-723-2480 or toll free at 1-866-680-2906, or email at irbnonmed@stanford.edu. You can also write to the Stanford IRB, Stanford University, 1705 El Camino Real, Palo Alto, CA 94306. Please save or print a copy of this page for your records. </p> <p> <strong>If you agree to participate in this research, please click ""I agree""</strong> </p></br> </div>",0,html-button-response,0,2883,0.0-0.0,agree,2026-05-29T00:45:04.734Z,,,,,,,,,az3brmueas
1,2859,"
                <h2>Welcome!</h2>
                <p>You will be asked a few simple questions about the possible relationship
                between different things. The questions are unrelated to one another.</p>
                <p>For each question, you will read a statement and choose the most likely
                interpretation from the options presented.</p>
                <p>Please respond thoughtfully.</p>
            ",0,html-button-response,1,5743,0.0-1.0,,,,,,,,,,,az3brmueas
2,12750,"
        <p>Before we begin, here is a practice question to familiarize you with the format.</p>
        <p>Suppose you read the following piece of information:</p>
        <p class=""trial-statement"">&ldquo;While Maria was typing her report, the phone rang.&rdquo;</p>
        <p class=""trial-question"">Which of the following is most likely?</p>
    ",0,html-button-response,2,18493,0.0-2.0,,,practice,Maria began her report first,correct,,,,,,az3brmueas
3,14994,"
                    <p>Suppose you read the following piece of information:</p>
                    <p class=""trial-statement"">&ldquo;Agoriv is associated with a lower risk of Ceflar&rdquo;</p>
                    <p class=""trial-question"">Which of the following is most likely?</p>
                ",0,html-button-response,3,33488,0.0-3.0,,,causal_judgment,Agoriv causes a decrease in Ceflar,xy,risk_lower,A,risk_lower_A,Agoriv is associated with a lower risk of Ceflar,"xy,neither,yx",az3brmueas
4,13983,"
                    <p>Suppose you read the following piece of information:</p>
                    <p class=""trial-statement"">&ldquo;Rebosen is associated with a higher risk of Themaglin&rdquo;</p>
                    <p class=""trial-question"">Which of the following is most likely?</p>
                ",0,html-button-response,4,47471,0.0-4.0,,,causal_judgment,Rebosen causes an increase in Themaglin,xy,risk_increase,B,risk_increase_B,Rebosen is associated with a higher risk of Themaglin,"xy,neither,yx",az3brmueas
5,9311,"
                    <p>Suppose you read the following piece of information:</p>
                    <p class=""trial-statement"">&ldquo;Denoden is associated with Flembers&rdquo;</p>
                    <p class=""trial-question"">Which of the following is most likely?</p>
                ",0,html-button-response,5,56783,0.0-5.0,,,causal_judgment,Denoden causes Flembers,xy,assoc,A,assoc_A,Denoden is associated with Flembers,"xy,neither,yx",az3brmueas
6,7334,"
                    <p>Suppose you read the following piece of information:</p>
                    <p class=""trial-statement"">&ldquo;Efogen is associated with higher probability of Pneuben&rdquo;</p>
                    <p class=""trial-question"">Which of the following is most likely?</p>
                ",0,html-button-response,6,64117,0.0-6.0,,,causal_judgment,Efogen causes an increase in Pneuben,xy,prob_increase,B,prob_increase_B,Efogen is associated with higher probability of Pneuben,"xy,neither,yx",az3brmueas
7,6152,"
                    <p>Suppose you read the following piece of information:</p>
                    <p class=""trial-statement"">&ldquo;Laurem is associated with lower probability of Turilin&rdquo;</p>
                    <p class=""trial-question"">Which of the following is most likely?</p>
                ",0,html-button-response,7,70269,0.0-7.0,,,causal_judgment,Laurem causes a decrease in Turilin,xy,prob_lower,B,prob_lower_B,Laurem is associated with lower probability of Turilin,"xy,neither,yx",az3brmueas
8,19831,,"{""explain"":""Determine other meanings of the original statement.""}",survey-text,8,90103,0.0-8.0,,,screening,,,,,,,,az3brmueas
9,1535,,"{""comments"":""""}",survey-text,9,91639,0.0-9.0,,,comments,,,,,,,,az3brmueas
10,6157,,"{""age"":"""",""gender"":"""",""native_language"":"""",""education"":""""}",survey-text,10,97797,0.0-10.0,,,demographics,,,,,,,,az3brmueas
0,5435,"<div class=""consent-text""> <h2>Consent Agreement</h2> <p> Please read this consent agreement carefully before deciding whether to participate in this experiment. </p> <p> <strong>Description:</strong> You are invited to participate in a research study about language and language learning. The purpose of the research is to understand how people learn new words. This research will be conducted through the Prolific platform, including participants from the US, UK, and Canada. If you decide to participate in this research, you will learn and use new words. </p> <p> <strong>Time Involvement:</strong> The task will last the amount of time advertised on Prolific. You are free to withdraw from the study at any time. </p> <p> <strong>Risks and Benefits:</strong> Study data will be stored securely, in compliance with Stanford University standards, minimizing the risk of confiden-tiality breach. This study advances our scientific understanding of how people learn new languages. We cannot and do not guarantee or promise that you will receive any benefits from this study. </p> <p> <strong>Compensation:</strong> You will receive payment in the amount advertised on Prolific. If you do not complete this study, you will receive prorated payment based on the time that you have spent. Additionally, you may be eligible for bonus payments as described in the instructions. </p> <p> <strong>Participant's Rights:</strong> If you have read this form and have decided to participate in this project, please understand your participation is voluntary and you have the right to withdraw your consent or discontinue participation at any time without penalty or loss of benefits to which you are otherwise entitled. The alternative is not to participate. You have the right to refuse to answer particular questions. The results of this research study may be presented at scientific or professional meetings or published in scientific journals. Your individual privacy will be maintained in all published and writ-ten data resulting from the study. In accordance with scientific norms, the data from this study may be used or shared with other researchers for future research (after removing personally identifying information) without additional consent from you. </p> <p> <strong>Contact Information:</strong> If you have any questions, concerns or complaints about this research, its procedures, risks and benefits, contact the Protocol Director, Robert Hawkins (<a href=""mailto:rdhawkins@stanford.edu"">rdhawkins@stanford.edu</a>, 217-549-6923). </p> <p> <strong>Independant Contact:</strong> If you are not satisfied with how this study is being conducted, or if you have any concerns, com-plaints, or general questions about the research or your rights as a participant, please contact the Stanford Institutional Review Board (IRB) to speak to someone independent of the research team at 650-723-2480 or toll free at 1-866-680-2906, or email at irbnonmed@stanford.edu. You can also write to the Stanford IRB, Stanford University, 1705 El Camino Real, Palo Alto, CA 94306. Please save or print a copy of this page for your records. </p> <p> <strong>If you agree to participate in this research, please click ""I agree""</strong> </p></br> </div>",0,html-button-response,0,5445,0.0-0.0,agree,2026-05-29T00:45:24.577Z,,,,,,,,,z7maoatodd
1,9141,"
                <h2>Welcome!</h2>
                <p>You will be asked a few simple questions about the possible relationship
                between different things. The questions are unrelated to one another.</p>
                <p>For each question, you will read a statement and choose the most likely
                interpretation from the options presented.</p>
                <p>Please respond thoughtfully.</p>
            ",0,html-button-response,1,14595,0.0-1.0,,,,,,,,,,,z7maoatodd
2,13563,"
        <p>Before we begin, here is a practice question to familiarize you with the format.</p>
        <p>Suppose you read the following piece of information:</p>
        <p class=""trial-statement"">&ldquo;While Maria was typing her report, the phone rang.&rdquo;</p>
        <p class=""trial-question"">Which of the following is most likely?</p>
    ",1,html-button-response,2,28162,0.0-2.0,,,practice,Maria began her report first,correct,,,,,,z7maoatodd
3,16710,"
                    <p>Suppose you read the following piece of information:</p>
                    <p class=""trial-statement"">&ldquo;Rebosen is associated with a higher risk of Themaglin&rdquo;</p>
                    <p class=""trial-question"">Which of the following is most likely?</p>
                ",2,html-button-response,3,44878,0.0-3.0,,,causal_judgment,"A third factor is causally related to Rebosen and Themaglin, they are not directly related",neither,risk_increase,B,risk_increase_B,Rebosen is associated with a higher risk of Themaglin,"yx,xy,neither",z7maoatodd
4,13046,"
                    <p>Suppose you read the following piece of information:</p>
                    <p class=""trial-statement"">&ldquo;Agoriv is associated with a lower risk of Ceflar&rdquo;</p>
                    <p class=""trial-question"">Which of the following is most likely?</p>
                ",2,html-button-response,4,57929,0.0-4.0,,,causal_judgment,"A third factor is causally related to Agoriv and Ceflar, they are not directly related",neither,risk_lower,A,risk_lower_A,Agoriv is associated with a lower risk of Ceflar,"yx,xy,neither",z7maoatodd
5,3164,"
                    <p>Suppose you read the following piece of information:</p>
                    <p class=""trial-statement"">&ldquo;Efogen is associated with higher probability of Pneuben&rdquo;</p>
                    <p class=""trial-question"">Which of the following is most likely?</p>
                ",2,html-button-response,5,61095,0.0-5.0,,,causal_judgment,"A third factor is causally related to Efogen and Pneuben, they are not directly related",neither,prob_increase,B,prob_increase_B,Efogen is associated with higher probability of Pneuben,"yx,xy,neither",z7maoatodd
6,3560,"
                    <p>Suppose you read the following piece of information:</p>
                    <p class=""trial-statement"">&ldquo;Turilin is associated with lower probability of Laurem&rdquo;</p>
                    <p class=""trial-question"">Which of the following is most likely?</p>
                ",2,html-button-response,6,64659,0.0-6.0,,,causal_judgment,"A third factor is causally related to Turilin and Laurem, they are not directly related",neither,prob_lower,A,prob_lower_A,Turilin is associated with lower probability of Laurem,"yx,xy,neither",z7maoatodd
7,6927,"
                    <p>Suppose you read the following piece of information:</p>
                    <p class=""trial-statement"">&ldquo;Flembers is associated with Denoden&rdquo;</p>
                    <p class=""trial-question"">Which of the following is most likely?</p>
                ",2,html-button-response,7,71591,0.0-7.0,,,causal_judgment,"A third factor is causally related to Flembers and Denoden, they are not directly related",neither,assoc,B,assoc_B,Flembers is associated with Denoden,"yx,xy,neither",z7maoatodd
8,75257,,"{""explain"":""make decisions regarding the relationships of various made-up words""}",survey-text,8,146873,0.0-8.0,,,screening,,,,,,,,z7maoatodd
9,3369,,"{""comments"":""""}",survey-text,9,150252,0.0-9.0,,,comments,,,,,,,,z7maoatodd
10,13455,,"{""age"":""70"",""gender"":""male"",""native_language"":"""",""education"":""""}",survey-text,10,163720,0.0-10.0,,,demographics,,,,,,,,z7maoatodd
0,24062,"<div class=""consent-text""> <h2>Consent Agreement</h2> <p> Please read this consent agreement carefully before deciding whether to participate in this experiment. </p> <p> <strong>Description:</strong> You are invited to participate in a research study about language and language learning. The purpose of the research is to understand how people learn new words. This research will be conducted through the Prolific platform, including participants from the US, UK, and Canada. If you decide to participate in this research, you will learn and use new words. </p> <p> <strong>Time Involvement:</strong> The task will last the amount of time advertised on Prolific. You are free to withdraw from the study at any time. </p> <p> <strong>Risks and Benefits:</strong> Study data will be stored securely, in compliance with Stanford University standards, minimizing the risk of confiden-tiality breach. This study advances our scientific understanding of how people learn new languages. We cannot and do not guarantee or promise that you will receive any benefits from this study. </p> <p> <strong>Compensation:</strong> You will receive payment in the amount advertised on Prolific. If you do not complete this study, you will receive prorated payment based on the time that you have spent. Additionally, you may be eligible for bonus payments as described in the instructions. </p> <p> <strong>Participant's Rights:</strong> If you have read this form and have decided to participate in this project, please understand your participation is voluntary and you have the right to withdraw your consent or discontinue participation at any time without penalty or loss of benefits to which you are otherwise entitled. The alternative is not to participate. You have the right to refuse to answer particular questions. The results of this research study may be presented at scientific or professional meetings or published in scientific journals. Your individual privacy will be maintained in all published and writ-ten data resulting from the study. In accordance with scientific norms, the data from this study may be used or shared with other researchers for future research (after removing personally identifying information) without additional consent from you. </p> <p> <strong>Contact Information:</strong> If you have any questions, concerns or complaints about this research, its procedures, risks and benefits, contact the Protocol Director, Robert Hawkins (<a href=""mailto:rdhawkins@stanford.edu"">rdhawkins@stanford.edu</a>, 217-549-6923). </p> <p> <strong>Independant Contact:</strong> If you are not satisfied with how this study is being conducted, or if you have any concerns, com-plaints, or general questions about the research or your rights as a participant, please contact the Stanford Institutional Review Board (IRB) to speak to someone independent of the research team at 650-723-2480 or toll free at 1-866-680-2906, or email at irbnonmed@stanford.edu. You can also write to the Stanford IRB, Stanford University, 1705 El Camino Real, Palo Alto, CA 94306. Please save or print a copy of this page for your records. </p> <p> <strong>If you agree to participate in this research, please click ""I agree""</strong> </p></br> </div>",0,html-button-response,0,24067,0.0-0.0,agree,2026-05-29T00:45:22.898Z,,,,,,,,,d20y1rp7vj
1,24686,"
                <h2>Welcome!</h2>
                <p>You will be asked a few simple questions about the possible relationship
                between different things. The questions are unrelated to one another.</p>
                <p>For each question, you will read a statement and choose the most likely
                interpretation from the options presented.</p>
                <p>Please respond thoughtfully.</p>
            ",0,html-button-response,1,48755,0.0-1.0,,,,,,,,,,,d20y1rp7vj
2,7184,"
        <p>Before we begin, here is a practice question to familiarize you with the format.</p>
        <p>Suppose you read the following piece of information:</p>
        <p class=""trial-statement"">&ldquo;While Maria was typing her report, the phone rang.&rdquo;</p>
        <p class=""trial-question"">Which of the following is most likely?</p>
    ",0,html-button-response,2,55941,0.0-2.0,,,practice,Maria began her report first,correct,,,,,,d20y1rp7vj
3,12282,"
                    <p>Suppose you read the following piece of information:</p>
                    <p class=""trial-statement"">&ldquo;Laurem is associated with lower probability of Turilin&rdquo;</p>
                    <p class=""trial-question"">Which of the following is most likely?</p>
                ",0,html-button-response,3,68223,0.0-3.0,,,causal_judgment,Laurem causes a decrease in Turilin,xy,prob_lower,B,prob_lower_B,Laurem is associated with lower probability of Turilin,"xy,yx,neither",d20y1rp7vj
4,42208,"
                    <p>Suppose you read the following piece of information:</p>
                    <p class=""trial-statement"">&ldquo;Themaglin is associated with a higher risk of Rebosen&rdquo;</p>
                    <p class=""trial-question"">Which of the following is most likely?</p>
                ",0,html-button-response,4,110434,0.0-4.0,,,causal_judgment,Themaglin causes an increase in Rebosen,xy,risk_increase,A,risk_increase_A,Themaglin is associated with a higher risk of Rebosen,"xy,yx,neither",d20y1rp7vj
5,62379,"
                    <p>Suppose you read the following piece of information:</p>
                    <p class=""trial-statement"">&ldquo;Efogen is associated with higher probability of Pneuben&rdquo;</p>
                    <p class=""trial-question"">Which of the following is most likely?</p>
                ",0,html-button-response,5,172814,0.0-5.0,,,causal_judgment,Efogen causes an increase in Pneuben,xy,prob_increase,B,prob_increase_B,Efogen is associated with higher probability of Pneuben,"xy,yx,neither",d20y1rp7vj
6,5520,"
                    <p>Suppose you read the following piece of information:</p>
                    <p class=""trial-statement"">&ldquo;Agoriv is associated with a lower risk of Ceflar&rdquo;</p>
                    <p class=""trial-question"">Which of the following is most likely?</p>
                ",0,html-button-response,6,178336,0.0-6.0,,,causal_judgment,Agoriv causes a decrease in Ceflar,xy,risk_lower,A,risk_lower_A,Agoriv is associated with a lower risk of Ceflar,"xy,yx,neither",d20y1rp7vj
7,6911,"
                    <p>Suppose you read the following piece of information:</p>
                    <p class=""trial-statement"">&ldquo;Flembers is associated with Denoden&rdquo;</p>
                    <p class=""trial-question"">Which of the following is most likely?</p>
                ",0,html-button-response,7,185248,0.0-7.0,,,causal_judgment,Flembers causes Denoden,xy,assoc,B,assoc_B,Flembers is associated with Denoden,"xy,yx,neither",d20y1rp7vj
8,22604,,"{""explain"":""Evaluate associations between words in sentences""}",survey-text,8,207869,0.0-8.0,,,screening,,,,,,,,d20y1rp7vj
9,4530,,"{""comments"":""n/a""}",survey-text,9,212413,0.0-9.0,,,comments,,,,,,,,d20y1rp7vj
10,17200,,"{""age"":""36"",""gender"":""male"",""native_language"":""English"",""education"":""Bachelor's degree""}",survey-text,10,229626,0.0-10.0,,,demographics,,,,,,,,d20y1rp7vj
0,21895,"<div class=""consent-text""> <h2>Consent Agreement</h2> <p> Please read this consent agreement carefully before deciding whether to participate in this experiment. </p> <p> <strong>Description:</strong> You are invited to participate in a research study about language and language learning. The purpose of the research is to understand how people learn new words. This research will be conducted through the Prolific platform, including participants from the US, UK, and Canada. If you decide to participate in this research, you will learn and use new words. </p> <p> <strong>Time Involvement:</strong> The task will last the amount of time advertised on Prolific. You are free to withdraw from the study at any time. </p> <p> <strong>Risks and Benefits:</strong> Study data will be stored securely, in compliance with Stanford University standards, minimizing the risk of confiden-tiality breach. This study advances our scientific understanding of how people learn new languages. We cannot and do not guarantee or promise that you will receive any benefits from this study. </p> <p> <strong>Compensation:</strong> You will receive payment in the amount advertised on Prolific. If you do not complete this study, you will receive prorated payment based on the time that you have spent. Additionally, you may be eligible for bonus payments as described in the instructions. </p> <p> <strong>Participant's Rights:</strong> If you have read this form and have decided to participate in this project, please understand your participation is voluntary and you have the right to withdraw your consent or discontinue participation at any time without penalty or loss of benefits to which you are otherwise entitled. The alternative is not to participate. You have the right to refuse to answer particular questions. The results of this research study may be presented at scientific or professional meetings or published in scientific journals. Your individual privacy will be maintained in all published and writ-ten data resulting from the study. In accordance with scientific norms, the data from this study may be used or shared with other researchers for future research (after removing personally identifying information) without additional consent from you. </p> <p> <strong>Contact Information:</strong> If you have any questions, concerns or complaints about this research, its procedures, risks and benefits, contact the Protocol Director, Robert Hawkins (<a href=""mailto:rdhawkins@stanford.edu"">rdhawkins@stanford.edu</a>, 217-549-6923). </p> <p> <strong>Independant Contact:</strong> If you are not satisfied with how this study is being conducted, or if you have any concerns, com-plaints, or general questions about the research or your rights as a participant, please contact the Stanford Institutional Review Board (IRB) to speak to someone independent of the research team at 650-723-2480 or toll free at 1-866-680-2906, or email at irbnonmed@stanford.edu. You can also write to the Stanford IRB, Stanford University, 1705 El Camino Real, Palo Alto, CA 94306. Please save or print a copy of this page for your records. </p> <p> <strong>If you agree to participate in this research, please click ""I agree""</strong> </p></br> </div>",0,html-button-response,0,21902,0.0-0.0,agree,2026-05-29T00:45:31.700Z,,,,,,,,,xujow03f5x
1,9068,"
                <h2>Welcome!</h2>
                <p>You will be asked a few simple questions about the possible relationship
                between different things. The questions are unrelated to one another.</p>
                <p>For each question, you will read a statement and choose the most likely
                interpretation from the options presented.</p>
                <p>Please respond thoughtfully.</p>
            ",0,html-button-response,1,30971,0.0-1.0,,,,,,,,,,,xujow03f5x
2,18257,"
        <p>Before we begin, here is a practice question to familiarize you with the format.</p>
        <p>Suppose you read the following piece of information:</p>
        <p class=""trial-statement"">&ldquo;While Maria was typing her report, the phone rang.&rdquo;</p>
        <p class=""trial-question"">Which of the following is most likely?</p>
    ",0,html-button-response,2,49230,0.0-2.0,,,practice,Maria began her report first,correct,,,,,,xujow03f5x
3,22343,"
                    <p>Suppose you read the following piece of information:</p>
                    <p class=""trial-statement"">&ldquo;Pneuben is associated with higher probability of Efogen&rdquo;</p>
                    <p class=""trial-question"">Which of the following is most likely?</p>
                ",2,html-button-response,3,71576,0.0-3.0,,,causal_judgment,Efogen causes an increase in Pneuben,yx,prob_increase,A,prob_increase_A,Pneuben is associated with higher probability of Efogen,"neither,xy,yx",xujow03f5x
4,12481,"
                    <p>Suppose you read the following piece of information:</p>
                    <p class=""trial-statement"">&ldquo;Denoden is associated with Flembers&rdquo;</p>
                    <p class=""trial-question"">Which of the following is most likely?</p>
                ",2,html-button-response,4,84057,0.0-4.0,,,causal_judgment,Flembers causes Denoden,yx,assoc,A,assoc_A,Denoden is associated with Flembers,"neither,xy,yx",xujow03f5x
5,13293,"
                    <p>Suppose you read the following piece of information:</p>
                    <p class=""trial-statement"">&ldquo;Themaglin is associated with a higher risk of Rebosen&rdquo;</p>
                    <p class=""trial-question"">Which of the following is most likely?</p>
                ",2,html-button-response,5,97352,0.0-5.0,,,causal_judgment,Rebosen causes an increase in Themaglin,yx,risk_increase,A,risk_increase_A,Themaglin is associated with a higher risk of Rebosen,"neither,xy,yx",xujow03f5x
6,13425,"
                    <p>Suppose you read the following piece of information:</p>
                    <p class=""trial-statement"">&ldquo;Ceflar is associated with a lower risk of Agoriv&rdquo;</p>
                    <p class=""trial-question"">Which of the following is most likely?</p>
                ",2,html-button-response,6,110777,0.0-6.0,,,causal_judgment,Agoriv causes a decrease in Ceflar,yx,risk_lower,B,risk_lower_B,Ceflar is associated with a lower risk of Agoriv,"neither,xy,yx",xujow03f5x
7,13196,"
                    <p>Suppose you read the following piece of information:</p>
                    <p class=""trial-statement"">&ldquo;Laurem is associated with lower probability of Turilin&rdquo;</p>
                    <p class=""trial-question"">Which of the following is most likely?</p>
                ",2,html-button-response,7,123974,0.0-7.0,,,causal_judgment,Turilin causes a decrease in Laurem,yx,prob_lower,B,prob_lower_B,Laurem is associated with lower probability of Turilin,"neither,xy,yx",xujow03f5x
8,32676,,"{""explain"":""I was asked to look at unrelated sentences and how the words relate to each other.""}",survey-text,8,156664,0.0-8.0,,,screening,,,,,,,,xujow03f5x
9,1379,,"{""comments"":""""}",survey-text,9,158046,0.0-9.0,,,comments,,,,,,,,xujow03f5x
10,11438,,"{""age"":""21"",""gender"":""Male"",""native_language"":""English"",""education"":""""}",survey-text,10,169516,0.0-10.0,,,demographics,,,,,,,,xujow03f5x
0,17724,"<div class=""consent-text""> <h2>Consent Agreement</h2> <p> Please read this consent agreement carefully before deciding whether to participate in this experiment. </p> <p> <strong>Description:</strong> You are invited to participate in a research study about language and language learning. The purpose of the research is to understand how people learn new words. This research will be conducted through the Prolific platform, including participants from the US, UK, and Canada. If you decide to participate in this research, you will learn and use new words. </p> <p> <strong>Time Involvement:</strong> The task will last the amount of time advertised on Prolific. You are free to withdraw from the study at any time. </p> <p> <strong>Risks and Benefits:</strong> Study data will be stored securely, in compliance with Stanford University standards, minimizing the risk of confiden-tiality breach. This study advances our scientific understanding of how people learn new languages. We cannot and do not guarantee or promise that you will receive any benefits from this study. </p> <p> <strong>Compensation:</strong> You will receive payment in the amount advertised on Prolific. If you do not complete this study, you will receive prorated payment based on the time that you have spent. Additionally, you may be eligible for bonus payments as described in the instructions. </p> <p> <strong>Participant's Rights:</strong> If you have read this form and have decided to participate in this project, please understand your participation is voluntary and you have the right to withdraw your consent or discontinue participation at any time without penalty or loss of benefits to which you are otherwise entitled. The alternative is not to participate. You have the right to refuse to answer particular questions. The results of this research study may be presented at scientific or professional meetings or published in scientific journals. Your individual privacy will be maintained in all published and writ-ten data resulting from the study. In accordance with scientific norms, the data from this study may be used or shared with other researchers for future research (after removing personally identifying information) without additional consent from you. </p> <p> <strong>Contact Information:</strong> If you have any questions, concerns or complaints about this research, its procedures, risks and benefits, contact the Protocol Director, Robert Hawkins (<a href=""mailto:rdhawkins@stanford.edu"">rdhawkins@stanford.edu</a>, 217-549-6923). </p> <p> <strong>Independant Contact:</strong> If you are not satisfied with how this study is being conducted, or if you have any concerns, com-plaints, or general questions about the research or your rights as a participant, please contact the Stanford Institutional Review Board (IRB) to speak to someone independent of the research team at 650-723-2480 or toll free at 1-866-680-2906, or email at irbnonmed@stanford.edu. You can also write to the Stanford IRB, Stanford University, 1705 El Camino Real, Palo Alto, CA 94306. Please save or print a copy of this page for your records. </p> <p> <strong>If you agree to participate in this research, please click ""I agree""</strong> </p></br> </div>",0,html-button-response,0,17725,0.0-0.0,agree,2026-05-29T00:47:26.870Z,,,,,,,,,uax204vubm
1,3188,"
                <h2>Welcome!</h2>
                <p>You will be asked a few simple questions about the possible relationship
                between different things. The questions are unrelated to one another.</p>
                <p>For each question, you will read a statement and choose the most likely
                interpretation from the options presented.</p>
                <p>Please respond thoughtfully.</p>
            ",0,html-button-response,1,20914,0.0-1.0,,,,,,,,,,,uax204vubm
2,8044,"
        <p>Before we begin, here is a practice question to familiarize you with the format.</p>
        <p>Suppose you read the following piece of information:</p>
        <p class=""trial-statement"">&ldquo;While Maria was typing her report, the phone rang.&rdquo;</p>
        <p class=""trial-question"">Which of the following is most likely?</p>
    ",0,html-button-response,2,28960,0.0-2.0,,,practice,Maria began her report first,correct,,,,,,uax204vubm
3,29472,"
                    <p>Suppose you read the following piece of information:</p>
                    <p class=""trial-statement"">&ldquo;Themaglin is associated with a higher risk of Rebosen&rdquo;</p>
                    <p class=""trial-question"">Which of the following is most likely?</p>
                ",0,html-button-response,3,58433,0.0-3.0,,,causal_judgment,Themaglin causes an increase in Rebosen,xy,risk_increase,A,risk_increase_A,Themaglin is associated with a higher risk of Rebosen,"xy,neither,yx",uax204vubm
4,26235,"
                    <p>Suppose you read the following piece of information:</p>
                    <p class=""trial-statement"">&ldquo;Agoriv is associated with a lower risk of Ceflar&rdquo;</p>
                    <p class=""trial-question"">Which of the following is most likely?</p>
                ",0,html-button-response,4,84669,0.0-4.0,,,causal_judgment,Agoriv causes a decrease in Ceflar,xy,risk_lower,A,risk_lower_A,Agoriv is associated with a lower risk of Ceflar,"xy,neither,yx",uax204vubm
5,11737,"
                    <p>Suppose you read the following piece of information:</p>
                    <p class=""trial-statement"">&ldquo;Flembers is associated with Denoden&rdquo;</p>
                    <p class=""trial-question"">Which of the following is most likely?</p>
                ",0,html-button-response,5,96408,0.0-5.0,,,causal_judgment,Flembers causes Denoden,xy,assoc,B,assoc_B,Flembers is associated with Denoden,"xy,neither,yx",uax204vubm
6,11302,"
                    <p>Suppose you read the following piece of information:</p>
                    <p class=""trial-statement"">&ldquo;Laurem is associated with lower probability of Turilin&rdquo;</p>
                    <p class=""trial-question"">Which of the following is most likely?</p>
                ",0,html-button-response,6,107712,0.0-6.0,,,causal_judgment,Laurem causes a decrease in Turilin,xy,prob_lower,B,prob_lower_B,Laurem is associated with lower probability of Turilin,"xy,neither,yx",uax204vubm
7,10911,"
                    <p>Suppose you read the following piece of information:</p>
                    <p class=""trial-statement"">&ldquo;Efogen is associated with higher probability of Pneuben&rdquo;</p>
                    <p class=""trial-question"">Which of the following is most likely?</p>
                ",2,html-button-response,7,118624,0.0-7.0,,,causal_judgment,Pneuben causes an increase in Efogen,yx,prob_increase,B,prob_increase_B,Efogen is associated with higher probability of Pneuben,"xy,neither,yx",uax204vubm
8,19224,,"{""explain"":""How wording affects how people contextualize causation. ""}",survey-text,8,137855,0.0-8.0,,,screening,,,,,,,,uax204vubm
9,2456,,"{""comments"":""""}",survey-text,9,140314,0.0-9.0,,,comments,,,,,,,,uax204vubm
10,11392,,"{""age"":""33"",""gender"":""Male"",""native_language"":""English "",""education"":""Masters ""}",survey-text,10,151711,0.0-10.0,,,demographics,,,,,,,,uax204vubm
0,2535,"<div class=""consent-text""> <h2>Consent Agreement</h2> <p> Please read this consent agreement carefully before deciding whether to participate in this experiment. </p> <p> <strong>Description:</strong> You are invited to participate in a research study about language and language learning. The purpose of the research is to understand how people learn new words. This research will be conducted through the Prolific platform, including participants from the US, UK, and Canada. If you decide to participate in this research, you will learn and use new words. </p> <p> <strong>Time Involvement:</strong> The task will last the amount of time advertised on Prolific. You are free to withdraw from the study at any time. </p> <p> <strong>Risks and Benefits:</strong> Study data will be stored securely, in compliance with Stanford University standards, minimizing the risk of confiden-tiality breach. This study advances our scientific understanding of how people learn new languages. We cannot and do not guarantee or promise that you will receive any benefits from this study. </p> <p> <strong>Compensation:</strong> You will receive payment in the amount advertised on Prolific. If you do not complete this study, you will receive prorated payment based on the time that you have spent. Additionally, you may be eligible for bonus payments as described in the instructions. </p> <p> <strong>Participant's Rights:</strong> If you have read this form and have decided to participate in this project, please understand your participation is voluntary and you have the right to withdraw your consent or discontinue participation at any time without penalty or loss of benefits to which you are otherwise entitled. The alternative is not to participate. You have the right to refuse to answer particular questions. The results of this research study may be presented at scientific or professional meetings or published in scientific journals. Your individual privacy will be maintained in all published and writ-ten data resulting from the study. In accordance with scientific norms, the data from this study may be used or shared with other researchers for future research (after removing personally identifying information) without additional consent from you. </p> <p> <strong>Contact Information:</strong> If you have any questions, concerns or complaints about this research, its procedures, risks and benefits, contact the Protocol Director, Robert Hawkins (<a href=""mailto:rdhawkins@stanford.edu"">rdhawkins@stanford.edu</a>, 217-549-6923). </p> <p> <strong>Independant Contact:</strong> If you are not satisfied with how this study is being conducted, or if you have any concerns, com-plaints, or general questions about the research or your rights as a participant, please contact the Stanford Institutional Review Board (IRB) to speak to someone independent of the research team at 650-723-2480 or toll free at 1-866-680-2906, or email at irbnonmed@stanford.edu. You can also write to the Stanford IRB, Stanford University, 1705 El Camino Real, Palo Alto, CA 94306. Please save or print a copy of this page for your records. </p> <p> <strong>If you agree to participate in this research, please click ""I agree""</strong> </p></br> </div>",0,html-button-response,0,2540,0.0-0.0,agree,2026-05-29T00:45:10.578Z,,,,,,,,,3thab476en
1,2795,"
                <h2>Welcome!</h2>
                <p>You will be asked a few simple questions about the possible relationship
                between different things. The questions are unrelated to one another.</p>
                <p>For each question, you will read a statement and choose the most likely
                interpretation from the options presented.</p>
                <p>Please respond thoughtfully.</p>
            ",0,html-button-response,1,5339,0.0-1.0,,,,,,,,,,,3thab476en
2,15414,"
        <p>Before we begin, here is a practice question to familiarize you with the format.</p>
        <p>Suppose you read the following piece of information:</p>
        <p class=""trial-statement"">&ldquo;While Maria was typing her report, the phone rang.&rdquo;</p>
        <p class=""trial-question"">Which of the following is most likely?</p>
    ",1,html-button-response,2,20756,0.0-2.0,,,practice,Maria began her report first,correct,,,,,,3thab476en
3,27032,"
                    <p>Suppose you read the following piece of information:</p>
                    <p class=""trial-statement"">&ldquo;Turilin is associated with lower probability of Laurem&rdquo;</p>
                    <p class=""trial-question"">Which of the following is most likely?</p>
                ",1,html-button-response,3,47791,0.0-3.0,,,causal_judgment,Laurem causes a decrease in Turilin,yx,prob_lower,A,prob_lower_A,Turilin is associated with lower probability of Laurem,"neither,yx,xy",3thab476en
4,20616,"
                    <p>Suppose you read the following piece of information:</p>
                    <p class=""trial-statement"">&ldquo;Ceflar is associated with a lower risk of Agoriv&rdquo;</p>
                    <p class=""trial-question"">Which of the following is most likely?</p>
                ",1,html-button-response,4,68409,0.0-4.0,,,causal_judgment,Agoriv causes a decrease in Ceflar,yx,risk_lower,B,risk_lower_B,Ceflar is associated with a lower risk of Agoriv,"neither,yx,xy",3thab476en
5,11695,"
                    <p>Suppose you read the following piece of information:</p>
                    <p class=""trial-statement"">&ldquo;Pneuben is associated with higher probability of Efogen&rdquo;</p>
                    <p class=""trial-question"">Which of the following is most likely?</p>
                ",2,html-button-response,5,80107,0.0-5.0,,,causal_judgment,Pneuben causes an increase in Efogen,xy,prob_increase,A,prob_increase_A,Pneuben is associated with higher probability of Efogen,"neither,yx,xy",3thab476en
6,2977,"
                    <p>Suppose you read the following piece of information:</p>
                    <p class=""trial-statement"">&ldquo;Themaglin is associated with a higher risk of Rebosen&rdquo;</p>
                    <p class=""trial-question"">Which of the following is most likely?</p>
                ",1,html-button-response,6,83085,0.0-6.0,,,causal_judgment,Rebosen causes an increase in Themaglin,yx,risk_increase,A,risk_increase_A,Themaglin is associated with a higher risk of Rebosen,"neither,yx,xy",3thab476en
7,5341,"
                    <p>Suppose you read the following piece of information:</p>
                    <p class=""trial-statement"">&ldquo;Flembers is associated with Denoden&rdquo;</p>
                    <p class=""trial-question"">Which of the following is most likely?</p>
                ",0,html-button-response,7,88427,0.0-7.0,,,causal_judgment,"A third factor is causally related to Flembers and Denoden, they are not directly related",neither,assoc,B,assoc_B,Flembers is associated with Denoden,"neither,yx,xy",3thab476en
8,17896,,"{""explain"":""Associate 2 things together ""}",survey-text,8,106332,0.0-8.0,,,screening,,,,,,,,3thab476en
9,5067,,"{""comments"":""""}",survey-text,9,111401,0.0-9.0,,,comments,,,,,,,,3thab476en
10,18854,,"{""age"":""22"",""gender"":""Female"",""native_language"":"""",""education"":""""}",survey-text,10,130264,0.0-10.0,,,demographics,,,,,,,,3thab476en
0,3066,"<div class=""consent-text""> <h2>Consent Agreement</h2> <p> Please read this consent agreement carefully before deciding whether to participate in this experiment. </p> <p> <strong>Description:</strong> You are invited to participate in a research study about language and language learning. The purpose of the research is to understand how people learn new words. This research will be conducted through the Prolific platform, including participants from the US, UK, and Canada. If you decide to participate in this research, you will learn and use new words. </p> <p> <strong>Time Involvement:</strong> The task will last the amount of time advertised on Prolific. You are free to withdraw from the study at any time. </p> <p> <strong>Risks and Benefits:</strong> Study data will be stored securely, in compliance with Stanford University standards, minimizing the risk of confiden-tiality breach. This study advances our scientific understanding of how people learn new languages. We cannot and do not guarantee or promise that you will receive any benefits from this study. </p> <p> <strong>Compensation:</strong> You will receive payment in the amount advertised on Prolific. If you do not complete this study, you will receive prorated payment based on the time that you have spent. Additionally, you may be eligible for bonus payments as described in the instructions. </p> <p> <strong>Participant's Rights:</strong> If you have read this form and have decided to participate in this project, please understand your participation is voluntary and you have the right to withdraw your consent or discontinue participation at any time without penalty or loss of benefits to which you are otherwise entitled. The alternative is not to participate. You have the right to refuse to answer particular questions. The results of this research study may be presented at scientific or professional meetings or published in scientific journals. Your individual privacy will be maintained in all published and writ-ten data resulting from the study. In accordance with scientific norms, the data from this study may be used or shared with other researchers for future research (after removing personally identifying information) without additional consent from you. </p> <p> <strong>Contact Information:</strong> If you have any questions, concerns or complaints about this research, its procedures, risks and benefits, contact the Protocol Director, Robert Hawkins (<a href=""mailto:rdhawkins@stanford.edu"">rdhawkins@stanford.edu</a>, 217-549-6923). </p> <p> <strong>Independant Contact:</strong> If you are not satisfied with how this study is being conducted, or if you have any concerns, com-plaints, or general questions about the research or your rights as a participant, please contact the Stanford Institutional Review Board (IRB) to speak to someone independent of the research team at 650-723-2480 or toll free at 1-866-680-2906, or email at irbnonmed@stanford.edu. You can also write to the Stanford IRB, Stanford University, 1705 El Camino Real, Palo Alto, CA 94306. Please save or print a copy of this page for your records. </p> <p> <strong>If you agree to participate in this research, please click ""I agree""</strong> </p></br> </div>",0,html-button-response,0,3067,0.0-0.0,agree,2026-05-29T00:43:19.082Z,,,,,,,,,hrdrk8gbhq
1,13533,"
                <h2>Welcome!</h2>
                <p>You will be asked a few simple questions about the possible relationship
                between different things. The questions are unrelated to one another.</p>
                <p>For each question, you will read a statement and choose the most likely
                interpretation from the options presented.</p>
                <p>Please respond thoughtfully.</p>
            ",0,html-button-response,1,16601,0.0-1.0,,,,,,,,,,,hrdrk8gbhq
2,16133,"
        <p>Before we begin, here is a practice question to familiarize you with the format.</p>
        <p>Suppose you read the following piece of information:</p>
        <p class=""trial-statement"">&ldquo;While Maria was typing her report, the phone rang.&rdquo;</p>
        <p class=""trial-question"">Which of the following is most likely?</p>
    ",0,html-button-response,2,32734,0.0-2.0,,,practice,Maria began her report first,correct,,,,,,hrdrk8gbhq
3,20687,"
                    <p>Suppose you read the following piece of information:</p>
                    <p class=""trial-statement"">&ldquo;Efogen is associated with higher probability of Pneuben&rdquo;</p>
                    <p class=""trial-question"">Which of the following is most likely?</p>
                ",1,html-button-response,3,53422,0.0-3.0,,,causal_judgment,Efogen causes an increase in Pneuben,xy,prob_increase,B,prob_increase_B,Efogen is associated with higher probability of Pneuben,"neither,xy,yx",hrdrk8gbhq
4,19858,"
                    <p>Suppose you read the following piece of information:</p>
                    <p class=""trial-statement"">&ldquo;Ceflar is associated with a lower risk of Agoriv&rdquo;</p>
                    <p class=""trial-question"">Which of the following is most likely?</p>
                ",1,html-button-response,4,73281,0.0-4.0,,,causal_judgment,Ceflar causes a decrease in Agoriv,xy,risk_lower,B,risk_lower_B,Ceflar is associated with a lower risk of Agoriv,"neither,xy,yx",hrdrk8gbhq
5,21405,"
                    <p>Suppose you read the following piece of information:</p>
                    <p class=""trial-statement"">&ldquo;Flembers is associated with Denoden&rdquo;</p>
                    <p class=""trial-question"">Which of the following is most likely?</p>
                ",0,html-button-response,5,94686,0.0-5.0,,,causal_judgment,"A third factor is causally related to Flembers and Denoden, they are not directly related",neither,assoc,B,assoc_B,Flembers is associated with Denoden,"neither,xy,yx",hrdrk8gbhq
6,4362,"
                    <p>Suppose you read the following piece of information:</p>
                    <p class=""trial-statement"">&ldquo;Themaglin is associated with a higher risk of Rebosen&rdquo;</p>
                    <p class=""trial-question"">Which of the following is most likely?</p>
                ",0,html-button-response,6,99048,0.0-6.0,,,causal_judgment,"A third factor is causally related to Themaglin and Rebosen, they are not directly related",neither,risk_increase,A,risk_increase_A,Themaglin is associated with a higher risk of Rebosen,"neither,xy,yx",hrdrk8gbhq
7,14275,"
                    <p>Suppose you read the following piece of information:</p>
                    <p class=""trial-statement"">&ldquo;Turilin is associated with lower probability of Laurem&rdquo;</p>
                    <p class=""trial-question"">Which of the following is most likely?</p>
                ",1,html-button-response,7,113324,0.0-7.0,,,causal_judgment,Turilin causes a decrease in Laurem,xy,prob_lower,A,prob_lower_A,Turilin is associated with lower probability of Laurem,"neither,xy,yx",hrdrk8gbhq
8,30899,,"{""explain"":""DESCRIBE THE RELATIONS SHIP BETWEEN TWO WORDS IN A SENTENCE""}",survey-text,8,144224,0.0-8.0,,,screening,,,,,,,,hrdrk8gbhq
9,1719,,"{""comments"":""""}",survey-text,9,145944,0.0-9.0,,,comments,,,,,,,,hrdrk8gbhq
10,22863,,"{""age"":""70"",""gender"":""MALE"",""native_language"":""ENGLISH"",""education"":""BA""}",survey-text,10,168809,0.0-10.0,,,demographics,,,,,,,,hrdrk8gbhq
0,15144,"<div class=""consent-text""> <h2>Consent Agreement</h2> <p> Please read this consent agreement carefully before deciding whether to participate in this experiment. </p> <p> <strong>Description:</strong> You are invited to participate in a research study about language and language learning. The purpose of the research is to understand how people learn new words. This research will be conducted through the Prolific platform, including participants from the US, UK, and Canada. If you decide to participate in this research, you will learn and use new words. </p> <p> <strong>Time Involvement:</strong> The task will last the amount of time advertised on Prolific. You are free to withdraw from the study at any time. </p> <p> <strong>Risks and Benefits:</strong> Study data will be stored securely, in compliance with Stanford University standards, minimizing the risk of confiden-tiality breach. This study advances our scientific understanding of how people learn new languages. We cannot and do not guarantee or promise that you will receive any benefits from this study. </p> <p> <strong>Compensation:</strong> You will receive payment in the amount advertised on Prolific. If you do not complete this study, you will receive prorated payment based on the time that you have spent. Additionally, you may be eligible for bonus payments as described in the instructions. </p> <p> <strong>Participant's Rights:</strong> If you have read this form and have decided to participate in this project, please understand your participation is voluntary and you have the right to withdraw your consent or discontinue participation at any time without penalty or loss of benefits to which you are otherwise entitled. The alternative is not to participate. You have the right to refuse to answer particular questions. The results of this research study may be presented at scientific or professional meetings or published in scientific journals. Your individual privacy will be maintained in all published and writ-ten data resulting from the study. In accordance with scientific norms, the data from this study may be used or shared with other researchers for future research (after removing personally identifying information) without additional consent from you. </p> <p> <strong>Contact Information:</strong> If you have any questions, concerns or complaints about this research, its procedures, risks and benefits, contact the Protocol Director, Robert Hawkins (<a href=""mailto:rdhawkins@stanford.edu"">rdhawkins@stanford.edu</a>, 217-549-6923). </p> <p> <strong>Independant Contact:</strong> If you are not satisfied with how this study is being conducted, or if you have any concerns, com-plaints, or general questions about the research or your rights as a participant, please contact the Stanford Institutional Review Board (IRB) to speak to someone independent of the research team at 650-723-2480 or toll free at 1-866-680-2906, or email at irbnonmed@stanford.edu. You can also write to the Stanford IRB, Stanford University, 1705 El Camino Real, Palo Alto, CA 94306. Please save or print a copy of this page for your records. </p> <p> <strong>If you agree to participate in this research, please click ""I agree""</strong> </p></br> </div>",0,html-button-response,0,15148,0.0-0.0,agree,2026-05-29T00:45:33.542Z,,,,,,,,,ycaxqtnjrr
1,1273,"
                <h2>Welcome!</h2>
                <p>You will be asked a few simple questions about the possible relationship
                between different things. The questions are unrelated to one another.</p>
                <p>For each question, you will read a statement and choose the most likely
                interpretation from the options presented.</p>
                <p>Please respond thoughtfully.</p>
            ",0,html-button-response,1,16423,0.0-1.0,,,,,,,,,,,ycaxqtnjrr
2,13363,"
        <p>Before we begin, here is a practice question to familiarize you with the format.</p>
        <p>Suppose you read the following piece of information:</p>
        <p class=""trial-statement"">&ldquo;While Maria was typing her report, the phone rang.&rdquo;</p>
        <p class=""trial-question"">Which of the following is most likely?</p>
    ",0,html-button-response,2,29788,0.0-2.0,,,practice,Maria began her report first,correct,,,,,,ycaxqtnjrr
3,27543,"
                    <p>Suppose you read the following piece of information:</p>
                    <p class=""trial-statement"">&ldquo;Flembers is associated with Denoden&rdquo;</p>
                    <p class=""trial-question"">Which of the following is most likely?</p>
                ",2,html-button-response,3,57335,0.0-3.0,,,causal_judgment,Denoden causes Flembers,yx,assoc,B,assoc_B,Flembers is associated with Denoden,"neither,xy,yx",ycaxqtnjrr
4,25098,"
                    <p>Suppose you read the following piece of information:</p>
                    <p class=""trial-statement"">&ldquo;Agoriv is associated with a lower risk of Ceflar&rdquo;</p>
                    <p class=""trial-question"">Which of the following is most likely?</p>
                ",2,html-button-response,4,82437,0.0-4.0,,,causal_judgment,Ceflar causes a decrease in Agoriv,yx,risk_lower,A,risk_lower_A,Agoriv is associated with a lower risk of Ceflar,"neither,xy,yx",ycaxqtnjrr
5,18357,"
                    <p>Suppose you read the following piece of information:</p>
                    <p class=""trial-statement"">&ldquo;Pneuben is associated with higher probability of Efogen&rdquo;</p>
                    <p class=""trial-question"">Which of the following is most likely?</p>
                ",1,html-button-response,5,100797,0.0-5.0,,,causal_judgment,Pneuben causes an increase in Efogen,xy,prob_increase,A,prob_increase_A,Pneuben is associated with higher probability of Efogen,"neither,xy,yx",ycaxqtnjrr
6,12785,"
                    <p>Suppose you read the following piece of information:</p>
                    <p class=""trial-statement"">&ldquo;Themaglin is associated with a higher risk of Rebosen&rdquo;</p>
                    <p class=""trial-question"">Which of the following is most likely?</p>
                ",1,html-button-response,6,113584,0.0-6.0,,,causal_judgment,Themaglin causes an increase in Rebosen,xy,risk_increase,A,risk_increase_A,Themaglin is associated with a higher risk of Rebosen,"neither,xy,yx",ycaxqtnjrr
7,14949,"
                    <p>Suppose you read the following piece of information:</p>
                    <p class=""trial-statement"">&ldquo;Laurem is associated with lower probability of Turilin&rdquo;</p>
                    <p class=""trial-question"">Which of the following is most likely?</p>
                ",1,html-button-response,7,128536,0.0-7.0,,,causal_judgment,Laurem causes a decrease in Turilin,xy,prob_lower,B,prob_lower_B,Laurem is associated with lower probability of Turilin,"neither,xy,yx",ycaxqtnjrr
8,37484,,"{""explain"":""see how things are relatable""}",survey-text,8,166025,0.0-8.0,,,screening,,,,,,,,ycaxqtnjrr
9,18657,,"{""comments"":""was a little weird.. the words.""}",survey-text,9,184684,0.0-9.0,,,comments,,,,,,,,ycaxqtnjrr
10,14562,,"{""age"":""42"",""gender"":""female"",""native_language"":""English"",""education"":""some college""}",survey-text,10,199255,0.0-10.0,,,demographics,,,,,,,,ycaxqtnjrr
0,3160,"<div class=""consent-text""> <h2>Consent Agreement</h2> <p> Please read this consent agreement carefully before deciding whether to participate in this experiment. </p> <p> <strong>Description:</strong> You are invited to participate in a research study about language and language learning. The purpose of the research is to understand how people learn new words. This research will be conducted through the Prolific platform, including participants from the US, UK, and Canada. If you decide to participate in this research, you will learn and use new words. </p> <p> <strong>Time Involvement:</strong> The task will last the amount of time advertised on Prolific. You are free to withdraw from the study at any time. </p> <p> <strong>Risks and Benefits:</strong> Study data will be stored securely, in compliance with Stanford University standards, minimizing the risk of confiden-tiality breach. This study advances our scientific understanding of how people learn new languages. We cannot and do not guarantee or promise that you will receive any benefits from this study. </p> <p> <strong>Compensation:</strong> You will receive payment in the amount advertised on Prolific. If you do not complete this study, you will receive prorated payment based on the time that you have spent. Additionally, you may be eligible for bonus payments as described in the instructions. </p> <p> <strong>Participant's Rights:</strong> If you have read this form and have decided to participate in this project, please understand your participation is voluntary and you have the right to withdraw your consent or discontinue participation at any time without penalty or loss of benefits to which you are otherwise entitled. The alternative is not to participate. You have the right to refuse to answer particular questions. The results of this research study may be presented at scientific or professional meetings or published in scientific journals. Your individual privacy will be maintained in all published and writ-ten data resulting from the study. In accordance with scientific norms, the data from this study may be used or shared with other researchers for future research (after removing personally identifying information) without additional consent from you. </p> <p> <strong>Contact Information:</strong> If you have any questions, concerns or complaints about this research, its procedures, risks and benefits, contact the Protocol Director, Robert Hawkins (<a href=""mailto:rdhawkins@stanford.edu"">rdhawkins@stanford.edu</a>, 217-549-6923). </p> <p> <strong>Independant Contact:</strong> If you are not satisfied with how this study is being conducted, or if you have any concerns, com-plaints, or general questions about the research or your rights as a participant, please contact the Stanford Institutional Review Board (IRB) to speak to someone independent of the research team at 650-723-2480 or toll free at 1-866-680-2906, or email at irbnonmed@stanford.edu. You can also write to the Stanford IRB, Stanford University, 1705 El Camino Real, Palo Alto, CA 94306. Please save or print a copy of this page for your records. </p> <p> <strong>If you agree to participate in this research, please click ""I agree""</strong> </p></br> </div>",0,html-button-response,0,3168,0.0-0.0,agree,2026-05-29T01:17:14.256Z,,,,,,,,,23g792jl1y
1,1752,"
                <h2>Welcome!</h2>
                <p>You will be asked a few simple questions about the possible relationship
                between different things. The questions are unrelated to one another.</p>
                <p>For each question, you will read a statement and choose the most likely
                interpretation from the options presented.</p>
                <p>Please respond thoughtfully.</p>
            ",0,html-button-response,1,4935,0.0-1.0,,,,,,,,,,,23g792jl1y
2,9840,"
        <p>Before we begin, here is a practice question to familiarize you with the format.</p>
        <p>Suppose you read the following piece of information:</p>
        <p class=""trial-statement"">&ldquo;While Maria was typing her report, the phone rang.&rdquo;</p>
        <p class=""trial-question"">Which of the following is most likely?</p>
    ",0,html-button-response,2,14776,0.0-2.0,,,practice,Maria began her report first,correct,,,,,,23g792jl1y
3,20758,"
                    <p>Suppose you read the following piece of information:</p>
                    <p class=""trial-statement"">&ldquo;Flembers is associated with Denoden&rdquo;</p>
                    <p class=""trial-question"">Which of the following is most likely?</p>
                ",1,html-button-response,3,35537,0.0-3.0,,,causal_judgment,"A third factor is causally related to Flembers and Denoden, they are not directly related",neither,assoc,B,assoc_B,Flembers is associated with Denoden,"yx,neither,xy",23g792jl1y
4,16384,"
                    <p>Suppose you read the following piece of information:</p>
                    <p class=""trial-statement"">&ldquo;Rebosen is associated with a higher risk of Themaglin&rdquo;</p>
                    <p class=""trial-question"">Which of the following is most likely?</p>
                ",2,html-button-response,4,51922,0.0-4.0,,,causal_judgment,Rebosen causes an increase in Themaglin,xy,risk_increase,B,risk_increase_B,Rebosen is associated with a higher risk of Themaglin,"yx,neither,xy",23g792jl1y
5,12127,"
                    <p>Suppose you read the following piece of information:</p>
                    <p class=""trial-statement"">&ldquo;Turilin is associated with lower probability of Laurem&rdquo;</p>
                    <p class=""trial-question"">Which of the following is most likely?</p>
                ",2,html-button-response,5,64051,0.0-5.0,,,causal_judgment,Turilin causes a decrease in Laurem,xy,prob_lower,A,prob_lower_A,Turilin is associated with lower probability of Laurem,"yx,neither,xy",23g792jl1y
6,5311,"
                    <p>Suppose you read the following piece of information:</p>
                    <p class=""trial-statement"">&ldquo;Agoriv is associated with a lower risk of Ceflar&rdquo;</p>
                    <p class=""trial-question"">Which of the following is most likely?</p>
                ",2,html-button-response,6,69364,0.0-6.0,,,causal_judgment,Agoriv causes a decrease in Ceflar,xy,risk_lower,A,risk_lower_A,Agoriv is associated with a lower risk of Ceflar,"yx,neither,xy",23g792jl1y
7,6263,"
                    <p>Suppose you read the following piece of information:</p>
                    <p class=""trial-statement"">&ldquo;Efogen is associated with higher probability of Pneuben&rdquo;</p>
                    <p class=""trial-question"">Which of the following is most likely?</p>
                ",2,html-button-response,7,75630,0.0-7.0,,,causal_judgment,Efogen causes an increase in Pneuben,xy,prob_increase,B,prob_increase_B,Efogen is associated with higher probability of Pneuben,"yx,neither,xy",23g792jl1y
8,13134,,"{""explain"":""decide cause and effect from phrases""}",survey-text,8,88782,0.0-8.0,,,screening,,,,,,,,23g792jl1y
9,1492,,"{""comments"":""""}",survey-text,9,90293,0.0-9.0,,,comments,,,,,,,,23g792jl1y
10,5827,,"{""age"":""47"",""gender"":"""",""native_language"":"""",""education"":""""}",survey-text,10,96130,0.0-10.0,,,demographics,,,,,,,,23g792jl1y
0,8908,"<div class=""consent-text""> <h2>Consent Agreement</h2> <p> Please read this consent agreement carefully before deciding whether to participate in this experiment. </p> <p> <strong>Description:</strong> You are invited to participate in a research study about language and language learning. The purpose of the research is to understand how people learn new words. This research will be conducted through the Prolific platform, including participants from the US, UK, and Canada. If you decide to participate in this research, you will learn and use new words. </p> <p> <strong>Time Involvement:</strong> The task will last the amount of time advertised on Prolific. You are free to withdraw from the study at any time. </p> <p> <strong>Risks and Benefits:</strong> Study data will be stored securely, in compliance with Stanford University standards, minimizing the risk of confiden-tiality breach. This study advances our scientific understanding of how people learn new languages. We cannot and do not guarantee or promise that you will receive any benefits from this study. </p> <p> <strong>Compensation:</strong> You will receive payment in the amount advertised on Prolific. If you do not complete this study, you will receive prorated payment based on the time that you have spent. Additionally, you may be eligible for bonus payments as described in the instructions. </p> <p> <strong>Participant's Rights:</strong> If you have read this form and have decided to participate in this project, please understand your participation is voluntary and you have the right to withdraw your consent or discontinue participation at any time without penalty or loss of benefits to which you are otherwise entitled. The alternative is not to participate. You have the right to refuse to answer particular questions. The results of this research study may be presented at scientific or professional meetings or published in scientific journals. Your individual privacy will be maintained in all published and writ-ten data resulting from the study. In accordance with scientific norms, the data from this study may be used or shared with other researchers for future research (after removing personally identifying information) without additional consent from you. </p> <p> <strong>Contact Information:</strong> If you have any questions, concerns or complaints about this research, its procedures, risks and benefits, contact the Protocol Director, Robert Hawkins (<a href=""mailto:rdhawkins@stanford.edu"">rdhawkins@stanford.edu</a>, 217-549-6923). </p> <p> <strong>Independant Contact:</strong> If you are not satisfied with how this study is being conducted, or if you have any concerns, com-plaints, or general questions about the research or your rights as a participant, please contact the Stanford Institutional Review Board (IRB) to speak to someone independent of the research team at 650-723-2480 or toll free at 1-866-680-2906, or email at irbnonmed@stanford.edu. You can also write to the Stanford IRB, Stanford University, 1705 El Camino Real, Palo Alto, CA 94306. Please save or print a copy of this page for your records. </p> <p> <strong>If you agree to participate in this research, please click ""I agree""</strong> </p></br> </div>",0,html-button-response,0,8912,0.0-0.0,agree,2026-05-29T00:48:14.790Z,,,,,,,,,41m98gwogf
1,64790,"
                <h2>Welcome!</h2>
                <p>You will be asked a few simple questions about the possible relationship
                between different things. The questions are unrelated to one another.</p>
                <p>For each question, you will read a statement and choose the most likely
                interpretation from the options presented.</p>
                <p>Please respond thoughtfully.</p>
            ",0,html-button-response,1,73703,0.0-1.0,,,,,,,,,,,41m98gwogf
2,9415,"
        <p>Before we begin, here is a practice question to familiarize you with the format.</p>
        <p>Suppose you read the following piece of information:</p>
        <p class=""trial-statement"">&ldquo;While Maria was typing her report, the phone rang.&rdquo;</p>
        <p class=""trial-question"">Which of the following is most likely?</p>
    ",1,html-button-response,2,83119,0.0-2.0,,,practice,Maria began her report first,correct,,,,,,41m98gwogf
3,65067,"
                    <p>Suppose you read the following piece of information:</p>
                    <p class=""trial-statement"">&ldquo;Turilin is associated with lower probability of Laurem&rdquo;</p>
                    <p class=""trial-question"">Which of the following is most likely?</p>
                ",1,html-button-response,3,148187,0.0-3.0,,,causal_judgment,Laurem causes a decrease in Turilin,yx,prob_lower,A,prob_lower_A,Turilin is associated with lower probability of Laurem,"xy,yx,neither",41m98gwogf
4,42063,"
                    <p>Suppose you read the following piece of information:</p>
                    <p class=""trial-statement"">&ldquo;Rebosen is associated with a higher risk of Themaglin&rdquo;</p>
                    <p class=""trial-question"">Which of the following is most likely?</p>
                ",0,html-button-response,4,190252,0.0-4.0,,,causal_judgment,Rebosen causes an increase in Themaglin,xy,risk_increase,B,risk_increase_B,Rebosen is associated with a higher risk of Themaglin,"xy,yx,neither",41m98gwogf
5,17527,"
                    <p>Suppose you read the following piece of information:</p>
                    <p class=""trial-statement"">&ldquo;Efogen is associated with higher probability of Pneuben&rdquo;</p>
                    <p class=""trial-question"">Which of the following is most likely?</p>
                ",0,html-button-response,5,207779,0.0-5.0,,,causal_judgment,Efogen causes an increase in Pneuben,xy,prob_increase,B,prob_increase_B,Efogen is associated with higher probability of Pneuben,"xy,yx,neither",41m98gwogf
6,36158,"
                    <p>Suppose you read the following piece of information:</p>
                    <p class=""trial-statement"">&ldquo;Agoriv is associated with a lower risk of Ceflar&rdquo;</p>
                    <p class=""trial-question"">Which of the following is most likely?</p>
                ",0,html-button-response,6,243939,0.0-6.0,,,causal_judgment,Agoriv causes a decrease in Ceflar,xy,risk_lower,A,risk_lower_A,Agoriv is associated with a lower risk of Ceflar,"xy,yx,neither",41m98gwogf
7,20167,"
                    <p>Suppose you read the following piece of information:</p>
                    <p class=""trial-statement"">&ldquo;Flembers is associated with Denoden&rdquo;</p>
                    <p class=""trial-question"">Which of the following is most likely?</p>
                ",1,html-button-response,7,264107,0.0-7.0,,,causal_judgment,Denoden causes Flembers,yx,assoc,B,assoc_B,Flembers is associated with Denoden,"xy,yx,neither",41m98gwogf
8,29115,,"{""explain"":""decide which words have cause or affect on each other""}",survey-text,8,293228,0.0-8.0,,,screening,,,,,,,,41m98gwogf
9,4614,,"{""comments"":""no""}",survey-text,9,297844,0.0-9.0,,,comments,,,,,,,,41m98gwogf
10,37157,,"{""age"":""31"",""gender"":""female"",""native_language"":""english"",""education"":""some college""}",survey-text,10,335003,0.0-10.0,,,demographics,,,,,,,,41m98gwogf
0,9320,"<div class=""consent-text""> <h2>Consent Agreement</h2> <p> Please read this consent agreement carefully before deciding whether to participate in this experiment. </p> <p> <strong>Description:</strong> You are invited to participate in a research study about language and language learning. The purpose of the research is to understand how people learn new words. This research will be conducted through the Prolific platform, including participants from the US, UK, and Canada. If you decide to participate in this research, you will learn and use new words. </p> <p> <strong>Time Involvement:</strong> The task will last the amount of time advertised on Prolific. You are free to withdraw from the study at any time. </p> <p> <strong>Risks and Benefits:</strong> Study data will be stored securely, in compliance with Stanford University standards, minimizing the risk of confiden-tiality breach. This study advances our scientific understanding of how people learn new languages. We cannot and do not guarantee or promise that you will receive any benefits from this study. </p> <p> <strong>Compensation:</strong> You will receive payment in the amount advertised on Prolific. If you do not complete this study, you will receive prorated payment based on the time that you have spent. Additionally, you may be eligible for bonus payments as described in the instructions. </p> <p> <strong>Participant's Rights:</strong> If you have read this form and have decided to participate in this project, please understand your participation is voluntary and you have the right to withdraw your consent or discontinue participation at any time without penalty or loss of benefits to which you are otherwise entitled. The alternative is not to participate. You have the right to refuse to answer particular questions. The results of this research study may be presented at scientific or professional meetings or published in scientific journals. Your individual privacy will be maintained in all published and writ-ten data resulting from the study. In accordance with scientific norms, the data from this study may be used or shared with other researchers for future research (after removing personally identifying information) without additional consent from you. </p> <p> <strong>Contact Information:</strong> If you have any questions, concerns or complaints about this research, its procedures, risks and benefits, contact the Protocol Director, Robert Hawkins (<a href=""mailto:rdhawkins@stanford.edu"">rdhawkins@stanford.edu</a>, 217-549-6923). </p> <p> <strong>Independant Contact:</strong> If you are not satisfied with how this study is being conducted, or if you have any concerns, com-plaints, or general questions about the research or your rights as a participant, please contact the Stanford Institutional Review Board (IRB) to speak to someone independent of the research team at 650-723-2480 or toll free at 1-866-680-2906, or email at irbnonmed@stanford.edu. You can also write to the Stanford IRB, Stanford University, 1705 El Camino Real, Palo Alto, CA 94306. Please save or print a copy of this page for your records. </p> <p> <strong>If you agree to participate in this research, please click ""I agree""</strong> </p></br> </div>",0,html-button-response,0,9323,0.0-0.0,agree,2026-05-29T00:45:35.998Z,,,,,,,,,duklwk6u76
1,2494,"
                <h2>Welcome!</h2>
                <p>You will be asked a few simple questions about the possible relationship
                between different things. The questions are unrelated to one another.</p>
                <p>For each question, you will read a statement and choose the most likely
                interpretation from the options presented.</p>
                <p>Please respond thoughtfully.</p>
            ",0,html-button-response,1,11819,0.0-1.0,,,,,,,,,,,duklwk6u76
2,15026,"
        <p>Before we begin, here is a practice question to familiarize you with the format.</p>
        <p>Suppose you read the following piece of information:</p>
        <p class=""trial-statement"">&ldquo;While Maria was typing her report, the phone rang.&rdquo;</p>
        <p class=""trial-question"">Which of the following is most likely?</p>
    ",0,html-button-response,2,26848,0.0-2.0,,,practice,Maria began her report first,correct,,,,,,duklwk6u76
3,20823,"
                    <p>Suppose you read the following piece of information:</p>
                    <p class=""trial-statement"">&ldquo;Efogen is associated with higher probability of Pneuben&rdquo;</p>
                    <p class=""trial-question"">Which of the following is most likely?</p>
                ",2,html-button-response,3,47673,0.0-3.0,,,causal_judgment,"A third factor is causally related to Efogen and Pneuben, they are not directly related",neither,prob_increase,B,prob_increase_B,Efogen is associated with higher probability of Pneuben,"xy,yx,neither",duklwk6u76
4,20159,"
                    <p>Suppose you read the following piece of information:</p>
                    <p class=""trial-statement"">&ldquo;Ceflar is associated with a lower risk of Agoriv&rdquo;</p>
                    <p class=""trial-question"">Which of the following is most likely?</p>
                ",2,html-button-response,4,67834,0.0-4.0,,,causal_judgment,"A third factor is causally related to Ceflar and Agoriv, they are not directly related",neither,risk_lower,B,risk_lower_B,Ceflar is associated with a lower risk of Agoriv,"xy,yx,neither",duklwk6u76
5,39384,"
                    <p>Suppose you read the following piece of information:</p>
                    <p class=""trial-statement"">&ldquo;Rebosen is associated with a higher risk of Themaglin&rdquo;</p>
                    <p class=""trial-question"">Which of the following is most likely?</p>
                ",2,html-button-response,5,107220,0.0-5.0,,,causal_judgment,"A third factor is causally related to Rebosen and Themaglin, they are not directly related",neither,risk_increase,B,risk_increase_B,Rebosen is associated with a higher risk of Themaglin,"xy,yx,neither",duklwk6u76
6,4735,"
                    <p>Suppose you read the following piece of information:</p>
                    <p class=""trial-statement"">&ldquo;Denoden is associated with Flembers&rdquo;</p>
                    <p class=""trial-question"">Which of the following is most likely?</p>
                ",2,html-button-response,6,111955,0.0-6.0,,,causal_judgment,"A third factor is causally related to Denoden and Flembers, they are not directly related",neither,assoc,A,assoc_A,Denoden is associated with Flembers,"xy,yx,neither",duklwk6u76
7,17005,"
                    <p>Suppose you read the following piece of information:</p>
                    <p class=""trial-statement"">&ldquo;Turilin is associated with lower probability of Laurem&rdquo;</p>
                    <p class=""trial-question"">Which of the following is most likely?</p>
                ",2,html-button-response,7,128962,0.0-7.0,,,causal_judgment,"A third factor is causally related to Turilin and Laurem, they are not directly related",neither,prob_lower,A,prob_lower_A,Turilin is associated with lower probability of Laurem,"xy,yx,neither",duklwk6u76
8,137311,,"{""explain"":""Explain the behind sentences ""}",survey-text,8,266280,0.0-8.0,,,screening,,,,,,,,duklwk6u76
9,4073,,"{""comments"":""""}",survey-text,9,270355,0.0-9.0,,,comments,,,,,,,,duklwk6u76
10,19082,,"{""age"":""29"",""gender"":""Female "",""native_language"":""English "",""education"":""Bachelors ""}",survey-text,10,289448,0.0-10.0,,,demographics,,,,,,,,duklwk6u76
0,5367,"<div class=""consent-text""> <h2>Consent Agreement</h2> <p> Please read this consent agreement carefully before deciding whether to participate in this experiment. </p> <p> <strong>Description:</strong> You are invited to participate in a research study about language and language learning. The purpose of the research is to understand how people learn new words. This research will be conducted through the Prolific platform, including participants from the US, UK, and Canada. If you decide to participate in this research, you will learn and use new words. </p> <p> <strong>Time Involvement:</strong> The task will last the amount of time advertised on Prolific. You are free to withdraw from the study at any time. </p> <p> <strong>Risks and Benefits:</strong> Study data will be stored securely, in compliance with Stanford University standards, minimizing the risk of confiden-tiality breach. This study advances our scientific understanding of how people learn new languages. We cannot and do not guarantee or promise that you will receive any benefits from this study. </p> <p> <strong>Compensation:</strong> You will receive payment in the amount advertised on Prolific. If you do not complete this study, you will receive prorated payment based on the time that you have spent. Additionally, you may be eligible for bonus payments as described in the instructions. </p> <p> <strong>Participant's Rights:</strong> If you have read this form and have decided to participate in this project, please understand your participation is voluntary and you have the right to withdraw your consent or discontinue participation at any time without penalty or loss of benefits to which you are otherwise entitled. The alternative is not to participate. You have the right to refuse to answer particular questions. The results of this research study may be presented at scientific or professional meetings or published in scientific journals. Your individual privacy will be maintained in all published and writ-ten data resulting from the study. In accordance with scientific norms, the data from this study may be used or shared with other researchers for future research (after removing personally identifying information) without additional consent from you. </p> <p> <strong>Contact Information:</strong> If you have any questions, concerns or complaints about this research, its procedures, risks and benefits, contact the Protocol Director, Robert Hawkins (<a href=""mailto:rdhawkins@stanford.edu"">rdhawkins@stanford.edu</a>, 217-549-6923). </p> <p> <strong>Independant Contact:</strong> If you are not satisfied with how this study is being conducted, or if you have any concerns, com-plaints, or general questions about the research or your rights as a participant, please contact the Stanford Institutional Review Board (IRB) to speak to someone independent of the research team at 650-723-2480 or toll free at 1-866-680-2906, or email at irbnonmed@stanford.edu. You can also write to the Stanford IRB, Stanford University, 1705 El Camino Real, Palo Alto, CA 94306. Please save or print a copy of this page for your records. </p> <p> <strong>If you agree to participate in this research, please click ""I agree""</strong> </p></br> </div>",0,html-button-response,0,5371,0.0-0.0,agree,2026-05-29T01:17:24.575Z,,,,,,,,,073fe5lpcw
1,3856,"
                <h2>Welcome!</h2>
                <p>You will be asked a few simple questions about the possible relationship
                between different things. The questions are unrelated to one another.</p>
                <p>For each question, you will read a statement and choose the most likely
                interpretation from the options presented.</p>
                <p>Please respond thoughtfully.</p>
            ",0,html-button-response,1,9230,0.0-1.0,,,,,,,,,,,073fe5lpcw
2,4576,"
        <p>Before we begin, here is a practice question to familiarize you with the format.</p>
        <p>Suppose you read the following piece of information:</p>
        <p class=""trial-statement"">&ldquo;While Maria was typing her report, the phone rang.&rdquo;</p>
        <p class=""trial-question"">Which of the following is most likely?</p>
    ",0,html-button-response,2,13808,0.0-2.0,,,practice,Maria began her report first,correct,,,,,,073fe5lpcw
3,15261,"
                    <p>Suppose you read the following piece of information:</p>
                    <p class=""trial-statement"">&ldquo;Agoriv is associated with a lower risk of Ceflar&rdquo;</p>
                    <p class=""trial-question"">Which of the following is most likely?</p>
                ",2,html-button-response,3,29070,0.0-3.0,,,causal_judgment,Agoriv causes a decrease in Ceflar,xy,risk_lower,A,risk_lower_A,Agoriv is associated with a lower risk of Ceflar,"yx,neither,xy",073fe5lpcw
4,18932,"
                    <p>Suppose you read the following piece of information:</p>
                    <p class=""trial-statement"">&ldquo;Denoden is associated with Flembers&rdquo;</p>
                    <p class=""trial-question"">Which of the following is most likely?</p>
                ",0,html-button-response,4,48003,0.0-4.0,,,causal_judgment,Flembers causes Denoden,yx,assoc,A,assoc_A,Denoden is associated with Flembers,"yx,neither,xy",073fe5lpcw
5,13392,"
                    <p>Suppose you read the following piece of information:</p>
                    <p class=""trial-statement"">&ldquo;Turilin is associated with lower probability of Laurem&rdquo;</p>
                    <p class=""trial-question"">Which of the following is most likely?</p>
                ",2,html-button-response,5,61396,0.0-5.0,,,causal_judgment,Turilin causes a decrease in Laurem,xy,prob_lower,A,prob_lower_A,Turilin is associated with lower probability of Laurem,"yx,neither,xy",073fe5lpcw
6,5679,"
                    <p>Suppose you read the following piece of information:</p>
                    <p class=""trial-statement"">&ldquo;Rebosen is associated with a higher risk of Themaglin&rdquo;</p>
                    <p class=""trial-question"">Which of the following is most likely?</p>
                ",2,html-button-response,6,67077,0.0-6.0,,,causal_judgment,Rebosen causes an increase in Themaglin,xy,risk_increase,B,risk_increase_B,Rebosen is associated with a higher risk of Themaglin,"yx,neither,xy",073fe5lpcw
7,38888,"
                    <p>Suppose you read the following piece of information:</p>
                    <p class=""trial-statement"">&ldquo;Efogen is associated with higher probability of Pneuben&rdquo;</p>
                    <p class=""trial-question"">Which of the following is most likely?</p>
                ",2,html-button-response,7,105966,0.0-7.0,,,causal_judgment,Efogen causes an increase in Pneuben,xy,prob_increase,B,prob_increase_B,Efogen is associated with higher probability of Pneuben,"yx,neither,xy",073fe5lpcw
8,22517,,"{""explain"":""Choose the most likely interpretation based on one sentence of information""}",survey-text,8,128492,0.0-8.0,,,screening,,,,,,,,073fe5lpcw
9,1594,,"{""comments"":""""}",survey-text,9,130092,0.0-9.0,,,comments,,,,,,,,073fe5lpcw
10,20434,,"{""age"":""30"",""gender"":""Female"",""native_language"":""English"",""education"":""High School graduate""}",survey-text,10,150530,0.0-10.0,,,demographics,,,,,,,,073fe5lpcw
0,19591,"<div class=""consent-text""> <h2>Consent Agreement</h2> <p> Please read this consent agreement carefully before deciding whether to participate in this experiment. </p> <p> <strong>Description:</strong> You are invited to participate in a research study about language and language learning. The purpose of the research is to understand how people learn new words. This research will be conducted through the Prolific platform, including participants from the US, UK, and Canada. If you decide to participate in this research, you will learn and use new words. </p> <p> <strong>Time Involvement:</strong> The task will last the amount of time advertised on Prolific. You are free to withdraw from the study at any time. </p> <p> <strong>Risks and Benefits:</strong> Study data will be stored securely, in compliance with Stanford University standards, minimizing the risk of confiden-tiality breach. This study advances our scientific understanding of how people learn new languages. We cannot and do not guarantee or promise that you will receive any benefits from this study. </p> <p> <strong>Compensation:</strong> You will receive payment in the amount advertised on Prolific. If you do not complete this study, you will receive prorated payment based on the time that you have spent. Additionally, you may be eligible for bonus payments as described in the instructions. </p> <p> <strong>Participant's Rights:</strong> If you have read this form and have decided to participate in this project, please understand your participation is voluntary and you have the right to withdraw your consent or discontinue participation at any time without penalty or loss of benefits to which you are otherwise entitled. The alternative is not to participate. You have the right to refuse to answer particular questions. The results of this research study may be presented at scientific or professional meetings or published in scientific journals. Your individual privacy will be maintained in all published and writ-ten data resulting from the study. In accordance with scientific norms, the data from this study may be used or shared with other researchers for future research (after removing personally identifying information) without additional consent from you. </p> <p> <strong>Contact Information:</strong> If you have any questions, concerns or complaints about this research, its procedures, risks and benefits, contact the Protocol Director, Robert Hawkins (<a href=""mailto:rdhawkins@stanford.edu"">rdhawkins@stanford.edu</a>, 217-549-6923). </p> <p> <strong>Independant Contact:</strong> If you are not satisfied with how this study is being conducted, or if you have any concerns, com-plaints, or general questions about the research or your rights as a participant, please contact the Stanford Institutional Review Board (IRB) to speak to someone independent of the research team at 650-723-2480 or toll free at 1-866-680-2906, or email at irbnonmed@stanford.edu. You can also write to the Stanford IRB, Stanford University, 1705 El Camino Real, Palo Alto, CA 94306. Please save or print a copy of this page for your records. </p> <p> <strong>If you agree to participate in this research, please click ""I agree""</strong> </p></br> </div>",0,html-button-response,0,19593,0.0-0.0,agree,2026-05-29T00:46:55.416Z,,,,,,,,,sjoybzrlae
1,12248,"
                <h2>Welcome!</h2>
                <p>You will be asked a few simple questions about the possible relationship
                between different things. The questions are unrelated to one another.</p>
                <p>For each question, you will read a statement and choose the most likely
                interpretation from the options presented.</p>
                <p>Please respond thoughtfully.</p>
            ",0,html-button-response,1,31842,0.0-1.0,,,,,,,,,,,sjoybzrlae
2,18917,"
        <p>Before we begin, here is a practice question to familiarize you with the format.</p>
        <p>Suppose you read the following piece of information:</p>
        <p class=""trial-statement"">&ldquo;While Maria was typing her report, the phone rang.&rdquo;</p>
        <p class=""trial-question"">Which of the following is most likely?</p>
    ",1,html-button-response,2,50760,0.0-2.0,,,practice,Maria began her report first,correct,,,,,,sjoybzrlae
3,65005,"
                    <p>Suppose you read the following piece of information:</p>
                    <p class=""trial-statement"">&ldquo;Ceflar is associated with a lower risk of Agoriv&rdquo;</p>
                    <p class=""trial-question"">Which of the following is most likely?</p>
                ",1,html-button-response,3,115766,0.0-3.0,,,causal_judgment,Ceflar causes a decrease in Agoriv,xy,risk_lower,B,risk_lower_B,Ceflar is associated with a lower risk of Agoriv,"yx,xy,neither",sjoybzrlae
4,17032,"
                    <p>Suppose you read the following piece of information:</p>
                    <p class=""trial-statement"">&ldquo;Themaglin is associated with a higher risk of Rebosen&rdquo;</p>
                    <p class=""trial-question"">Which of the following is most likely?</p>
                ",1,html-button-response,4,132798,0.0-4.0,,,causal_judgment,Themaglin causes an increase in Rebosen,xy,risk_increase,A,risk_increase_A,Themaglin is associated with a higher risk of Rebosen,"yx,xy,neither",sjoybzrlae
5,29269,"
                    <p>Suppose you read the following piece of information:</p>
                    <p class=""trial-statement"">&ldquo;Laurem is associated with lower probability of Turilin&rdquo;</p>
                    <p class=""trial-question"">Which of the following is most likely?</p>
                ",1,html-button-response,5,162067,0.0-5.0,,,causal_judgment,Laurem causes a decrease in Turilin,xy,prob_lower,B,prob_lower_B,Laurem is associated with lower probability of Turilin,"yx,xy,neither",sjoybzrlae
6,15618,"
                    <p>Suppose you read the following piece of information:</p>
                    <p class=""trial-statement"">&ldquo;Denoden is associated with Flembers&rdquo;</p>
                    <p class=""trial-question"">Which of the following is most likely?</p>
                ",1,html-button-response,6,177687,0.0-6.0,,,causal_judgment,Denoden causes Flembers,xy,assoc,A,assoc_A,Denoden is associated with Flembers,"yx,xy,neither",sjoybzrlae
7,20787,"
                    <p>Suppose you read the following piece of information:</p>
                    <p class=""trial-statement"">&ldquo;Pneuben is associated with higher probability of Efogen&rdquo;</p>
                    <p class=""trial-question"">Which of the following is most likely?</p>
                ",1,html-button-response,7,198475,0.0-7.0,,,causal_judgment,Pneuben causes an increase in Efogen,xy,prob_increase,A,prob_increase_A,Pneuben is associated with higher probability of Efogen,"yx,xy,neither",sjoybzrlae
8,170480,,"{""explain"":""Determine how two objects affect each other given a relationship.""}",survey-text,8,368959,0.0-8.0,,,screening,,,,,,,,sjoybzrlae
9,1564,,"{""comments"":""""}",survey-text,9,370525,0.0-9.0,,,comments,,,,,,,,sjoybzrlae
10,10797,,"{""age"":""20"",""gender"":""Male"",""native_language"":""English"",""education"":""High School""}",survey-text,10,381323,0.0-10.0,,,demographics,,,,,,,,sjoybzrlae
0,7472,"<div class=""consent-text""> <h2>Consent Agreement</h2> <p> Please read this consent agreement carefully before deciding whether to participate in this experiment. </p> <p> <strong>Description:</strong> You are invited to participate in a research study about language and language learning. The purpose of the research is to understand how people learn new words. This research will be conducted through the Prolific platform, including participants from the US, UK, and Canada. If you decide to participate in this research, you will learn and use new words. </p> <p> <strong>Time Involvement:</strong> The task will last the amount of time advertised on Prolific. You are free to withdraw from the study at any time. </p> <p> <strong>Risks and Benefits:</strong> Study data will be stored securely, in compliance with Stanford University standards, minimizing the risk of confiden-tiality breach. This study advances our scientific understanding of how people learn new languages. We cannot and do not guarantee or promise that you will receive any benefits from this study. </p> <p> <strong>Compensation:</strong> You will receive payment in the amount advertised on Prolific. If you do not complete this study, you will receive prorated payment based on the time that you have spent. Additionally, you may be eligible for bonus payments as described in the instructions. </p> <p> <strong>Participant's Rights:</strong> If you have read this form and have decided to participate in this project, please understand your participation is voluntary and you have the right to withdraw your consent or discontinue participation at any time without penalty or loss of benefits to which you are otherwise entitled. The alternative is not to participate. You have the right to refuse to answer particular questions. The results of this research study may be presented at scientific or professional meetings or published in scientific journals. Your individual privacy will be maintained in all published and writ-ten data resulting from the study. In accordance with scientific norms, the data from this study may be used or shared with other researchers for future research (after removing personally identifying information) without additional consent from you. </p> <p> <strong>Contact Information:</strong> If you have any questions, concerns or complaints about this research, its procedures, risks and benefits, contact the Protocol Director, Robert Hawkins (<a href=""mailto:rdhawkins@stanford.edu"">rdhawkins@stanford.edu</a>, 217-549-6923). </p> <p> <strong>Independant Contact:</strong> If you are not satisfied with how this study is being conducted, or if you have any concerns, com-plaints, or general questions about the research or your rights as a participant, please contact the Stanford Institutional Review Board (IRB) to speak to someone independent of the research team at 650-723-2480 or toll free at 1-866-680-2906, or email at irbnonmed@stanford.edu. You can also write to the Stanford IRB, Stanford University, 1705 El Camino Real, Palo Alto, CA 94306. Please save or print a copy of this page for your records. </p> <p> <strong>If you agree to participate in this research, please click ""I agree""</strong> </p></br> </div>",0,html-button-response,0,7474,0.0-0.0,agree,2026-05-29T00:45:35.131Z,,,,,,,,,mrtxjm1v40
1,9044,"
                <h2>Welcome!</h2>
                <p>You will be asked a few simple questions about the possible relationship
                between different things. The questions are unrelated to one another.</p>
                <p>For each question, you will read a statement and choose the most likely
                interpretation from the options presented.</p>
                <p>Please respond thoughtfully.</p>
            ",0,html-button-response,1,16520,0.0-1.0,,,,,,,,,,,mrtxjm1v40
2,31759,"
        <p>Before we begin, here is a practice question to familiarize you with the format.</p>
        <p>Suppose you read the following piece of information:</p>
        <p class=""trial-statement"">&ldquo;While Maria was typing her report, the phone rang.&rdquo;</p>
        <p class=""trial-question"">Which of the following is most likely?</p>
    ",0,html-button-response,2,48284,0.0-2.0,,,practice,Maria began her report first,correct,,,,,,mrtxjm1v40
3,21404,"
                    <p>Suppose you read the following piece of information:</p>
                    <p class=""trial-statement"">&ldquo;Ceflar is associated with a lower risk of Agoriv&rdquo;</p>
                    <p class=""trial-question"">Which of the following is most likely?</p>
                ",1,html-button-response,3,69691,0.0-3.0,,,causal_judgment,"A third factor is causally related to Ceflar and Agoriv, they are not directly related",neither,risk_lower,B,risk_lower_B,Ceflar is associated with a lower risk of Agoriv,"yx,neither,xy",mrtxjm1v40
4,14159,"
                    <p>Suppose you read the following piece of information:</p>
                    <p class=""trial-statement"">&ldquo;Efogen is associated with higher probability of Pneuben&rdquo;</p>
                    <p class=""trial-question"">Which of the following is most likely?</p>
                ",2,html-button-response,4,83853,0.0-4.0,,,causal_judgment,Efogen causes an increase in Pneuben,xy,prob_increase,B,prob_increase_B,Efogen is associated with higher probability of Pneuben,"yx,neither,xy",mrtxjm1v40
5,12694,"
                    <p>Suppose you read the following piece of information:</p>
                    <p class=""trial-statement"">&ldquo;Themaglin is associated with a higher risk of Rebosen&rdquo;</p>
                    <p class=""trial-question"">Which of the following is most likely?</p>
                ",2,html-button-response,5,96549,0.0-5.0,,,causal_judgment,Themaglin causes an increase in Rebosen,xy,risk_increase,A,risk_increase_A,Themaglin is associated with a higher risk of Rebosen,"yx,neither,xy",mrtxjm1v40
6,9580,"
                    <p>Suppose you read the following piece of information:</p>
                    <p class=""trial-statement"">&ldquo;Denoden is associated with Flembers&rdquo;</p>
                    <p class=""trial-question"">Which of the following is most likely?</p>
                ",2,html-button-response,6,106130,0.0-6.0,,,causal_judgment,Denoden causes Flembers,xy,assoc,A,assoc_A,Denoden is associated with Flembers,"yx,neither,xy",mrtxjm1v40
7,17120,"
                    <p>Suppose you read the following piece of information:</p>
                    <p class=""trial-statement"">&ldquo;Turilin is associated with lower probability of Laurem&rdquo;</p>
                    <p class=""trial-question"">Which of the following is most likely?</p>
                ",0,html-button-response,7,123253,0.0-7.0,,,causal_judgment,Laurem causes a decrease in Turilin,yx,prob_lower,A,prob_lower_A,Turilin is associated with lower probability of Laurem,"yx,neither,xy",mrtxjm1v40
8,20838,,"{""explain"":""Answer a question based on a statement. ""}",survey-text,8,144110,0.0-8.0,,,screening,,,,,,,,mrtxjm1v40
9,3819,,"{""comments"":""""}",survey-text,9,147933,0.0-9.0,,,comments,,,,,,,,mrtxjm1v40
10,12788,,"{""age"":""41"",""gender"":""Male"",""native_language"":""English"",""education"":""""}",survey-text,10,160744,0.0-10.0,,,demographics,,,,,,,,mrtxjm1v40
0,24325,"<div class=""consent-text""> <h2>Consent Agreement</h2> <p> Please read this consent agreement carefully before deciding whether to participate in this experiment. </p> <p> <strong>Description:</strong> You are invited to participate in a research study about language and language learning. The purpose of the research is to understand how people learn new words. This research will be conducted through the Prolific platform, including participants from the US, UK, and Canada. If you decide to participate in this research, you will learn and use new words. </p> <p> <strong>Time Involvement:</strong> The task will last the amount of time advertised on Prolific. You are free to withdraw from the study at any time. </p> <p> <strong>Risks and Benefits:</strong> Study data will be stored securely, in compliance with Stanford University standards, minimizing the risk of confiden-tiality breach. This study advances our scientific understanding of how people learn new languages. We cannot and do not guarantee or promise that you will receive any benefits from this study. </p> <p> <strong>Compensation:</strong> You will receive payment in the amount advertised on Prolific. If you do not complete this study, you will receive prorated payment based on the time that you have spent. Additionally, you may be eligible for bonus payments as described in the instructions. </p> <p> <strong>Participant's Rights:</strong> If you have read this form and have decided to participate in this project, please understand your participation is voluntary and you have the right to withdraw your consent or discontinue participation at any time without penalty or loss of benefits to which you are otherwise entitled. The alternative is not to participate. You have the right to refuse to answer particular questions. The results of this research study may be presented at scientific or professional meetings or published in scientific journals. Your individual privacy will be maintained in all published and writ-ten data resulting from the study. In accordance with scientific norms, the data from this study may be used or shared with other researchers for future research (after removing personally identifying information) without additional consent from you. </p> <p> <strong>Contact Information:</strong> If you have any questions, concerns or complaints about this research, its procedures, risks and benefits, contact the Protocol Director, Robert Hawkins (<a href=""mailto:rdhawkins@stanford.edu"">rdhawkins@stanford.edu</a>, 217-549-6923). </p> <p> <strong>Independant Contact:</strong> If you are not satisfied with how this study is being conducted, or if you have any concerns, com-plaints, or general questions about the research or your rights as a participant, please contact the Stanford Institutional Review Board (IRB) to speak to someone independent of the research team at 650-723-2480 or toll free at 1-866-680-2906, or email at irbnonmed@stanford.edu. You can also write to the Stanford IRB, Stanford University, 1705 El Camino Real, Palo Alto, CA 94306. Please save or print a copy of this page for your records. </p> <p> <strong>If you agree to participate in this research, please click ""I agree""</strong> </p></br> </div>",0,html-button-response,0,24326,0.0-0.0,agree,2026-05-29T00:46:02.474Z,,,,,,,,,2ems5eb8dp
1,6662,"
                <h2>Welcome!</h2>
                <p>You will be asked a few simple questions about the possible relationship
                between different things. The questions are unrelated to one another.</p>
                <p>For each question, you will read a statement and choose the most likely
                interpretation from the options presented.</p>
                <p>Please respond thoughtfully.</p>
            ",0,html-button-response,1,30990,0.0-1.0,,,,,,,,,,,2ems5eb8dp
2,14362,"
        <p>Before we begin, here is a practice question to familiarize you with the format.</p>
        <p>Suppose you read the following piece of information:</p>
        <p class=""trial-statement"">&ldquo;While Maria was typing her report, the phone rang.&rdquo;</p>
        <p class=""trial-question"">Which of the following is most likely?</p>
    ",1,html-button-response,2,45352,0.0-2.0,,,practice,Maria began her report first,correct,,,,,,2ems5eb8dp
3,24393,"
                    <p>Suppose you read the following piece of information:</p>
                    <p class=""trial-statement"">&ldquo;Agoriv is associated with a lower risk of Ceflar&rdquo;</p>
                    <p class=""trial-question"">Which of the following is most likely?</p>
                ",2,html-button-response,3,69745,0.0-3.0,,,causal_judgment,Agoriv causes a decrease in Ceflar,xy,risk_lower,A,risk_lower_A,Agoriv is associated with a lower risk of Ceflar,"neither,yx,xy",2ems5eb8dp
4,12335,"
                    <p>Suppose you read the following piece of information:</p>
                    <p class=""trial-statement"">&ldquo;Rebosen is associated with a higher risk of Themaglin&rdquo;</p>
                    <p class=""trial-question"">Which of the following is most likely?</p>
                ",2,html-button-response,4,82081,0.0-4.0,,,causal_judgment,Rebosen causes an increase in Themaglin,xy,risk_increase,B,risk_increase_B,Rebosen is associated with a higher risk of Themaglin,"neither,yx,xy",2ems5eb8dp
5,13542,"
                    <p>Suppose you read the following piece of information:</p>
                    <p class=""trial-statement"">&ldquo;Denoden is associated with Flembers&rdquo;</p>
                    <p class=""trial-question"">Which of the following is most likely?</p>
                ",2,html-button-response,5,95624,0.0-5.0,,,causal_judgment,Denoden causes Flembers,xy,assoc,A,assoc_A,Denoden is associated with Flembers,"neither,yx,xy",2ems5eb8dp
6,11296,"
                    <p>Suppose you read the following piece of information:</p>
                    <p class=""trial-statement"">&ldquo;Pneuben is associated with higher probability of Efogen&rdquo;</p>
                    <p class=""trial-question"">Which of the following is most likely?</p>
                ",2,html-button-response,6,106920,0.0-6.0,,,causal_judgment,Pneuben causes an increase in Efogen,xy,prob_increase,A,prob_increase_A,Pneuben is associated with higher probability of Efogen,"neither,yx,xy",2ems5eb8dp
7,6346,"
                    <p>Suppose you read the following piece of information:</p>
                    <p class=""trial-statement"">&ldquo;Laurem is associated with lower probability of Turilin&rdquo;</p>
                    <p class=""trial-question"">Which of the following is most likely?</p>
                ",2,html-button-response,7,113267,0.0-7.0,,,causal_judgment,Laurem causes a decrease in Turilin,xy,prob_lower,B,prob_lower_B,Laurem is associated with lower probability of Turilin,"neither,yx,xy",2ems5eb8dp
8,28782,,"{""explain"":""Assess the relationship between unrelated words.""}",survey-text,8,142052,0.0-8.0,,,screening,,,,,,,,2ems5eb8dp
9,1072,,"{""comments"":""""}",survey-text,9,143125,0.0-9.0,,,comments,,,,,,,,2ems5eb8dp
10,20536,,"{""age"":""33"",""gender"":""F"",""native_language"":""English"",""education"":""Bachelor's""}",survey-text,10,163662,0.0-10.0,,,demographics,,,,,,,,2ems5eb8dp
0,2660,"<div class=""consent-text""> <h2>Consent Agreement</h2> <p> Please read this consent agreement carefully before deciding whether to participate in this experiment. </p> <p> <strong>Description:</strong> You are invited to participate in a research study about language and language learning. The purpose of the research is to understand how people learn new words. This research will be conducted through the Prolific platform, including participants from the US, UK, and Canada. If you decide to participate in this research, you will learn and use new words. </p> <p> <strong>Time Involvement:</strong> The task will last the amount of time advertised on Prolific. You are free to withdraw from the study at any time. </p> <p> <strong>Risks and Benefits:</strong> Study data will be stored securely, in compliance with Stanford University standards, minimizing the risk of confiden-tiality breach. This study advances our scientific understanding of how people learn new languages. We cannot and do not guarantee or promise that you will receive any benefits from this study. </p> <p> <strong>Compensation:</strong> You will receive payment in the amount advertised on Prolific. If you do not complete this study, you will receive prorated payment based on the time that you have spent. Additionally, you may be eligible for bonus payments as described in the instructions. </p> <p> <strong>Participant's Rights:</strong> If you have read this form and have decided to participate in this project, please understand your participation is voluntary and you have the right to withdraw your consent or discontinue participation at any time without penalty or loss of benefits to which you are otherwise entitled. The alternative is not to participate. You have the right to refuse to answer particular questions. The results of this research study may be presented at scientific or professional meetings or published in scientific journals. Your individual privacy will be maintained in all published and writ-ten data resulting from the study. In accordance with scientific norms, the data from this study may be used or shared with other researchers for future research (after removing personally identifying information) without additional consent from you. </p> <p> <strong>Contact Information:</strong> If you have any questions, concerns or complaints about this research, its procedures, risks and benefits, contact the Protocol Director, Robert Hawkins (<a href=""mailto:rdhawkins@stanford.edu"">rdhawkins@stanford.edu</a>, 217-549-6923). </p> <p> <strong>Independant Contact:</strong> If you are not satisfied with how this study is being conducted, or if you have any concerns, com-plaints, or general questions about the research or your rights as a participant, please contact the Stanford Institutional Review Board (IRB) to speak to someone independent of the research team at 650-723-2480 or toll free at 1-866-680-2906, or email at irbnonmed@stanford.edu. You can also write to the Stanford IRB, Stanford University, 1705 El Camino Real, Palo Alto, CA 94306. Please save or print a copy of this page for your records. </p> <p> <strong>If you agree to participate in this research, please click ""I agree""</strong> </p></br> </div>",0,html-button-response,0,2663,0.0-0.0,agree,2026-05-29T00:45:41.893Z,,,,,,,,,p9zjc0zq8j
1,2128,"
                <h2>Welcome!</h2>
                <p>You will be asked a few simple questions about the possible relationship
                between different things. The questions are unrelated to one another.</p>
                <p>For each question, you will read a statement and choose the most likely
                interpretation from the options presented.</p>
                <p>Please respond thoughtfully.</p>
            ",0,html-button-response,1,4792,0.0-1.0,,,,,,,,,,,p9zjc0zq8j
2,376507,"
        <p>Before we begin, here is a practice question to familiarize you with the format.</p>
        <p>Suppose you read the following piece of information:</p>
        <p class=""trial-statement"">&ldquo;While Maria was typing her report, the phone rang.&rdquo;</p>
        <p class=""trial-question"">Which of the following is most likely?</p>
    ",0,html-button-response,2,381301,0.0-2.0,,,practice,Maria began her report first,correct,,,,,,p9zjc0zq8j
3,24119,"
                    <p>Suppose you read the following piece of information:</p>
                    <p class=""trial-statement"">&ldquo;Ceflar is associated with a lower risk of Agoriv&rdquo;</p>
                    <p class=""trial-question"">Which of the following is most likely?</p>
                ",2,html-button-response,3,405420,0.0-3.0,,,causal_judgment,Ceflar causes a decrease in Agoriv,xy,risk_lower,B,risk_lower_B,Ceflar is associated with a lower risk of Agoriv,"yx,neither,xy",p9zjc0zq8j
4,69937,"
                    <p>Suppose you read the following piece of information:</p>
                    <p class=""trial-statement"">&ldquo;Pneuben is associated with higher probability of Efogen&rdquo;</p>
                    <p class=""trial-question"">Which of the following is most likely?</p>
                ",0,html-button-response,4,475358,0.0-4.0,,,causal_judgment,Efogen causes an increase in Pneuben,yx,prob_increase,A,prob_increase_A,Pneuben is associated with higher probability of Efogen,"yx,neither,xy",p9zjc0zq8j
5,26535,"
                    <p>Suppose you read the following piece of information:</p>
                    <p class=""trial-statement"">&ldquo;Flembers is associated with Denoden&rdquo;</p>
                    <p class=""trial-question"">Which of the following is most likely?</p>
                ",1,html-button-response,5,501895,0.0-5.0,,,causal_judgment,"A third factor is causally related to Flembers and Denoden, they are not directly related",neither,assoc,B,assoc_B,Flembers is associated with Denoden,"yx,neither,xy",p9zjc0zq8j
6,40249,"
                    <p>Suppose you read the following piece of information:</p>
                    <p class=""trial-statement"">&ldquo;Turilin is associated with lower probability of Laurem&rdquo;</p>
                    <p class=""trial-question"">Which of the following is most likely?</p>
                ",2,html-button-response,6,542145,0.0-6.0,,,causal_judgment,Turilin causes a decrease in Laurem,xy,prob_lower,A,prob_lower_A,Turilin is associated with lower probability of Laurem,"yx,neither,xy",p9zjc0zq8j
7,11204,"
                    <p>Suppose you read the following piece of information:</p>
                    <p class=""trial-statement"">&ldquo;Rebosen is associated with a higher risk of Themaglin&rdquo;</p>
                    <p class=""trial-question"">Which of the following is most likely?</p>
                ",0,html-button-response,7,553350,0.0-7.0,,,causal_judgment,Themaglin causes an increase in Rebosen,yx,risk_increase,B,risk_increase_B,Rebosen is associated with a higher risk of Themaglin,"yx,neither,xy",p9zjc0zq8j
8,150926,,"{""explain"":""I was asked to interpret the questions with a similar structure and format, but they might trigger a different understanding based on the choice of words used.""}",survey-text,8,704281,0.0-8.0,,,screening,,,,,,,,p9zjc0zq8j
9,82821,,"{""comments"":""This study is really interesting since I never thought that the same sentence could make different people read and comprehend it in a different way.""}",survey-text,9,787104,0.0-9.0,,,comments,,,,,,,,p9zjc0zq8j
10,17310,,"{""age"":""25"",""gender"":""Male"",""native_language"":""English"",""education"":""Masters""}",survey-text,10,804417,0.0-10.0,,,demographics,,,,,,,,p9zjc0zq8j
0,2192,"<div class=""consent-text""> <h2>Consent Agreement</h2> <p> Please read this consent agreement carefully before deciding whether to participate in this experiment. </p> <p> <strong>Description:</strong> You are invited to participate in a research study about language and language learning. The purpose of the research is to understand how people learn new words. This research will be conducted through the Prolific platform, including participants from the US, UK, and Canada. If you decide to participate in this research, you will learn and use new words. </p> <p> <strong>Time Involvement:</strong> The task will last the amount of time advertised on Prolific. You are free to withdraw from the study at any time. </p> <p> <strong>Risks and Benefits:</strong> Study data will be stored securely, in compliance with Stanford University standards, minimizing the risk of confiden-tiality breach. This study advances our scientific understanding of how people learn new languages. We cannot and do not guarantee or promise that you will receive any benefits from this study. </p> <p> <strong>Compensation:</strong> You will receive payment in the amount advertised on Prolific. If you do not complete this study, you will receive prorated payment based on the time that you have spent. Additionally, you may be eligible for bonus payments as described in the instructions. </p> <p> <strong>Participant's Rights:</strong> If you have read this form and have decided to participate in this project, please understand your participation is voluntary and you have the right to withdraw your consent or discontinue participation at any time without penalty or loss of benefits to which you are otherwise entitled. The alternative is not to participate. You have the right to refuse to answer particular questions. The results of this research study may be presented at scientific or professional meetings or published in scientific journals. Your individual privacy will be maintained in all published and writ-ten data resulting from the study. In accordance with scientific norms, the data from this study may be used or shared with other researchers for future research (after removing personally identifying information) without additional consent from you. </p> <p> <strong>Contact Information:</strong> If you have any questions, concerns or complaints about this research, its procedures, risks and benefits, contact the Protocol Director, Robert Hawkins (<a href=""mailto:rdhawkins@stanford.edu"">rdhawkins@stanford.edu</a>, 217-549-6923). </p> <p> <strong>Independant Contact:</strong> If you are not satisfied with how this study is being conducted, or if you have any concerns, com-plaints, or general questions about the research or your rights as a participant, please contact the Stanford Institutional Review Board (IRB) to speak to someone independent of the research team at 650-723-2480 or toll free at 1-866-680-2906, or email at irbnonmed@stanford.edu. You can also write to the Stanford IRB, Stanford University, 1705 El Camino Real, Palo Alto, CA 94306. Please save or print a copy of this page for your records. </p> <p> <strong>If you agree to participate in this research, please click ""I agree""</strong> </p></br> </div>",0,html-button-response,0,2193,0.0-0.0,agree,2026-05-29T00:45:51.040Z,,,,,,,,,crktm9ttt4
1,1208,"
                <h2>Welcome!</h2>
                <p>You will be asked a few simple questions about the possible relationship
                between different things. The questions are unrelated to one another.</p>
                <p>For each question, you will read a statement and choose the most likely
                interpretation from the options presented.</p>
                <p>Please respond thoughtfully.</p>
            ",0,html-button-response,1,3402,0.0-1.0,,,,,,,,,,,crktm9ttt4
2,8480,"
        <p>Before we begin, here is a practice question to familiarize you with the format.</p>
        <p>Suppose you read the following piece of information:</p>
        <p class=""trial-statement"">&ldquo;While Maria was typing her report, the phone rang.&rdquo;</p>
        <p class=""trial-question"">Which of the following is most likely?</p>
    ",1,html-button-response,2,11882,0.0-2.0,,,practice,Maria began her report first,correct,,,,,,crktm9ttt4
3,21519,"
                    <p>Suppose you read the following piece of information:</p>
                    <p class=""trial-statement"">&ldquo;Pneuben is associated with higher probability of Efogen&rdquo;</p>
                    <p class=""trial-question"">Which of the following is most likely?</p>
                ",1,html-button-response,3,33402,0.0-3.0,,,causal_judgment,Pneuben causes an increase in Efogen,xy,prob_increase,A,prob_increase_A,Pneuben is associated with higher probability of Efogen,"neither,xy,yx",crktm9ttt4
4,10233,"
                    <p>Suppose you read the following piece of information:</p>
                    <p class=""trial-statement"">&ldquo;Ceflar is associated with a lower risk of Agoriv&rdquo;</p>
                    <p class=""trial-question"">Which of the following is most likely?</p>
                ",1,html-button-response,4,43636,0.0-4.0,,,causal_judgment,Ceflar causes a decrease in Agoriv,xy,risk_lower,B,risk_lower_B,Ceflar is associated with a lower risk of Agoriv,"neither,xy,yx",crktm9ttt4
5,7617,"
                    <p>Suppose you read the following piece of information:</p>
                    <p class=""trial-statement"">&ldquo;Denoden is associated with Flembers&rdquo;</p>
                    <p class=""trial-question"">Which of the following is most likely?</p>
                ",0,html-button-response,5,51253,0.0-5.0,,,causal_judgment,"A third factor is causally related to Denoden and Flembers, they are not directly related",neither,assoc,A,assoc_A,Denoden is associated with Flembers,"neither,xy,yx",crktm9ttt4
6,4955,"
                    <p>Suppose you read the following piece of information:</p>
                    <p class=""trial-statement"">&ldquo;Themaglin is associated with a higher risk of Rebosen&rdquo;</p>
                    <p class=""trial-question"">Which of the following is most likely?</p>
                ",1,html-button-response,6,56209,0.0-6.0,,,causal_judgment,Themaglin causes an increase in Rebosen,xy,risk_increase,A,risk_increase_A,Themaglin is associated with a higher risk of Rebosen,"neither,xy,yx",crktm9ttt4
7,4134,"
                    <p>Suppose you read the following piece of information:</p>
                    <p class=""trial-statement"">&ldquo;Laurem is associated with lower probability of Turilin&rdquo;</p>
                    <p class=""trial-question"">Which of the following is most likely?</p>
                ",1,html-button-response,7,60343,0.0-7.0,,,causal_judgment,Laurem causes a decrease in Turilin,xy,prob_lower,B,prob_lower_B,Laurem is associated with lower probability of Turilin,"neither,xy,yx",crktm9ttt4
8,14411,,"{""explain"":""Read the sentence then answer what statement is more likely""}",survey-text,8,74760,0.0-8.0,,,screening,,,,,,,,crktm9ttt4
9,2132,,"{""comments"":""""}",survey-text,9,76894,0.0-9.0,,,comments,,,,,,,,crktm9ttt4
10,11230,,"{""age"":""29"",""gender"":""Male"",""native_language"":""English"",""education"":""High School Diploma""}",survey-text,10,88126,0.0-10.0,,,demographics,,,,,,,,crktm9ttt4
0,3734,"<div class=""consent-text""> <h2>Consent Agreement</h2> <p> Please read this consent agreement carefully before deciding whether to participate in this experiment. </p> <p> <strong>Description:</strong> You are invited to participate in a research study about language and language learning. The purpose of the research is to understand how people learn new words. This research will be conducted through the Prolific platform, including participants from the US, UK, and Canada. If you decide to participate in this research, you will learn and use new words. </p> <p> <strong>Time Involvement:</strong> The task will last the amount of time advertised on Prolific. You are free to withdraw from the study at any time. </p> <p> <strong>Risks and Benefits:</strong> Study data will be stored securely, in compliance with Stanford University standards, minimizing the risk of confiden-tiality breach. This study advances our scientific understanding of how people learn new languages. We cannot and do not guarantee or promise that you will receive any benefits from this study. </p> <p> <strong>Compensation:</strong> You will receive payment in the amount advertised on Prolific. If you do not complete this study, you will receive prorated payment based on the time that you have spent. Additionally, you may be eligible for bonus payments as described in the instructions. </p> <p> <strong>Participant's Rights:</strong> If you have read this form and have decided to participate in this project, please understand your participation is voluntary and you have the right to withdraw your consent or discontinue participation at any time without penalty or loss of benefits to which you are otherwise entitled. The alternative is not to participate. You have the right to refuse to answer particular questions. The results of this research study may be presented at scientific or professional meetings or published in scientific journals. Your individual privacy will be maintained in all published and writ-ten data resulting from the study. In accordance with scientific norms, the data from this study may be used or shared with other researchers for future research (after removing personally identifying information) without additional consent from you. </p> <p> <strong>Contact Information:</strong> If you have any questions, concerns or complaints about this research, its procedures, risks and benefits, contact the Protocol Director, Robert Hawkins (<a href=""mailto:rdhawkins@stanford.edu"">rdhawkins@stanford.edu</a>, 217-549-6923). </p> <p> <strong>Independant Contact:</strong> If you are not satisfied with how this study is being conducted, or if you have any concerns, com-plaints, or general questions about the research or your rights as a participant, please contact the Stanford Institutional Review Board (IRB) to speak to someone independent of the research team at 650-723-2480 or toll free at 1-866-680-2906, or email at irbnonmed@stanford.edu. You can also write to the Stanford IRB, Stanford University, 1705 El Camino Real, Palo Alto, CA 94306. Please save or print a copy of this page for your records. </p> <p> <strong>If you agree to participate in this research, please click ""I agree""</strong> </p></br> </div>",0,html-button-response,0,3737,0.0-0.0,agree,2026-05-29T00:45:16.191Z,,,,,,,,,e3p0hr2vyu
1,5283,"
                <h2>Welcome!</h2>
                <p>You will be asked a few simple questions about the possible relationship
                between different things. The questions are unrelated to one another.</p>
                <p>For each question, you will read a statement and choose the most likely
                interpretation from the options presented.</p>
                <p>Please respond thoughtfully.</p>
            ",0,html-button-response,1,9021,0.0-1.0,,,,,,,,,,,e3p0hr2vyu
2,11243,"
        <p>Before we begin, here is a practice question to familiarize you with the format.</p>
        <p>Suppose you read the following piece of information:</p>
        <p class=""trial-statement"">&ldquo;While Maria was typing her report, the phone rang.&rdquo;</p>
        <p class=""trial-question"">Which of the following is most likely?</p>
    ",1,html-button-response,2,20265,0.0-2.0,,,practice,Maria began her report first,correct,,,,,,e3p0hr2vyu
3,30402,"
                    <p>Suppose you read the following piece of information:</p>
                    <p class=""trial-statement"">&ldquo;Themaglin is associated with a higher risk of Rebosen&rdquo;</p>
                    <p class=""trial-question"">Which of the following is most likely?</p>
                ",0,html-button-response,3,50667,0.0-3.0,,,causal_judgment,Themaglin causes an increase in Rebosen,xy,risk_increase,A,risk_increase_A,Themaglin is associated with a higher risk of Rebosen,"xy,yx,neither",e3p0hr2vyu
4,17471,"
                    <p>Suppose you read the following piece of information:</p>
                    <p class=""trial-statement"">&ldquo;Turilin is associated with lower probability of Laurem&rdquo;</p>
                    <p class=""trial-question"">Which of the following is most likely?</p>
                ",0,html-button-response,4,68138,0.0-4.0,,,causal_judgment,Turilin causes a decrease in Laurem,xy,prob_lower,A,prob_lower_A,Turilin is associated with lower probability of Laurem,"xy,yx,neither",e3p0hr2vyu
5,17120,"
                    <p>Suppose you read the following piece of information:</p>
                    <p class=""trial-statement"">&ldquo;Pneuben is associated with higher probability of Efogen&rdquo;</p>
                    <p class=""trial-question"">Which of the following is most likely?</p>
                ",0,html-button-response,5,85259,0.0-5.0,,,causal_judgment,Pneuben causes an increase in Efogen,xy,prob_increase,A,prob_increase_A,Pneuben is associated with higher probability of Efogen,"xy,yx,neither",e3p0hr2vyu
6,13761,"
                    <p>Suppose you read the following piece of information:</p>
                    <p class=""trial-statement"">&ldquo;Ceflar is associated with a lower risk of Agoriv&rdquo;</p>
                    <p class=""trial-question"">Which of the following is most likely?</p>
                ",0,html-button-response,6,99021,0.0-6.0,,,causal_judgment,Ceflar causes a decrease in Agoriv,xy,risk_lower,B,risk_lower_B,Ceflar is associated with a lower risk of Agoriv,"xy,yx,neither",e3p0hr2vyu
7,7164,"
                    <p>Suppose you read the following piece of information:</p>
                    <p class=""trial-statement"">&ldquo;Flembers is associated with Denoden&rdquo;</p>
                    <p class=""trial-question"">Which of the following is most likely?</p>
                ",2,html-button-response,7,106185,0.0-7.0,,,causal_judgment,"A third factor is causally related to Flembers and Denoden, they are not directly related",neither,assoc,B,assoc_B,Flembers is associated with Denoden,"xy,yx,neither",e3p0hr2vyu
8,30439,,"{""explain"":""to compare and contrast causes to see similarity ""}",survey-text,8,136629,0.0-8.0,,,screening,,,,,,,,e3p0hr2vyu
9,4330,,"{""comments"":""""}",survey-text,9,140961,0.0-9.0,,,comments,,,,,,,,e3p0hr2vyu
10,13225,,"{""age"":""49"",""gender"":""male"",""native_language"":""english"",""education"":""some college""}",survey-text,10,154189,0.0-10.0,,,demographics,,,,,,,,e3p0hr2vyu
0,13223,"<div class=""consent-text""> <h2>Consent Agreement</h2> <p> Please read this consent agreement carefully before deciding whether to participate in this experiment. </p> <p> <strong>Description:</strong> You are invited to participate in a research study about language and language learning. The purpose of the research is to understand how people learn new words. This research will be conducted through the Prolific platform, including participants from the US, UK, and Canada. If you decide to participate in this research, you will learn and use new words. </p> <p> <strong>Time Involvement:</strong> The task will last the amount of time advertised on Prolific. You are free to withdraw from the study at any time. </p> <p> <strong>Risks and Benefits:</strong> Study data will be stored securely, in compliance with Stanford University standards, minimizing the risk of confiden-tiality breach. This study advances our scientific understanding of how people learn new languages. We cannot and do not guarantee or promise that you will receive any benefits from this study. </p> <p> <strong>Compensation:</strong> You will receive payment in the amount advertised on Prolific. If you do not complete this study, you will receive prorated payment based on the time that you have spent. Additionally, you may be eligible for bonus payments as described in the instructions. </p> <p> <strong>Participant's Rights:</strong> If you have read this form and have decided to participate in this project, please understand your participation is voluntary and you have the right to withdraw your consent or discontinue participation at any time without penalty or loss of benefits to which you are otherwise entitled. The alternative is not to participate. You have the right to refuse to answer particular questions. The results of this research study may be presented at scientific or professional meetings or published in scientific journals. Your individual privacy will be maintained in all published and writ-ten data resulting from the study. In accordance with scientific norms, the data from this study may be used or shared with other researchers for future research (after removing personally identifying information) without additional consent from you. </p> <p> <strong>Contact Information:</strong> If you have any questions, concerns or complaints about this research, its procedures, risks and benefits, contact the Protocol Director, Robert Hawkins (<a href=""mailto:rdhawkins@stanford.edu"">rdhawkins@stanford.edu</a>, 217-549-6923). </p> <p> <strong>Independant Contact:</strong> If you are not satisfied with how this study is being conducted, or if you have any concerns, com-plaints, or general questions about the research or your rights as a participant, please contact the Stanford Institutional Review Board (IRB) to speak to someone independent of the research team at 650-723-2480 or toll free at 1-866-680-2906, or email at irbnonmed@stanford.edu. You can also write to the Stanford IRB, Stanford University, 1705 El Camino Real, Palo Alto, CA 94306. Please save or print a copy of this page for your records. </p> <p> <strong>If you agree to participate in this research, please click ""I agree""</strong> </p></br> </div>",0,html-button-response,0,13226,0.0-0.0,agree,2026-05-29T00:45:14.150Z,,,,,,,,,ez7njswd37
1,15536,"
                <h2>Welcome!</h2>
                <p>You will be asked a few simple questions about the possible relationship
                between different things. The questions are unrelated to one another.</p>
                <p>For each question, you will read a statement and choose the most likely
                interpretation from the options presented.</p>
                <p>Please respond thoughtfully.</p>
            ",0,html-button-response,1,28764,0.0-1.0,,,,,,,,,,,ez7njswd37
2,30053,"
        <p>Before we begin, here is a practice question to familiarize you with the format.</p>
        <p>Suppose you read the following piece of information:</p>
        <p class=""trial-statement"">&ldquo;While Maria was typing her report, the phone rang.&rdquo;</p>
        <p class=""trial-question"">Which of the following is most likely?</p>
    ",1,html-button-response,2,58819,0.0-2.0,,,practice,Maria began her report first,correct,,,,,,ez7njswd37
3,41212,"
                    <p>Suppose you read the following piece of information:</p>
                    <p class=""trial-statement"">&ldquo;Efogen is associated with higher probability of Pneuben&rdquo;</p>
                    <p class=""trial-question"">Which of the following is most likely?</p>
                ",2,html-button-response,3,100033,0.0-3.0,,,causal_judgment,Pneuben causes an increase in Efogen,yx,prob_increase,B,prob_increase_B,Efogen is associated with higher probability of Pneuben,"neither,xy,yx",ez7njswd37
4,19878,"
                    <p>Suppose you read the following piece of information:</p>
                    <p class=""trial-statement"">&ldquo;Agoriv is associated with a lower risk of Ceflar&rdquo;</p>
                    <p class=""trial-question"">Which of the following is most likely?</p>
                ",1,html-button-response,4,119913,0.0-4.0,,,causal_judgment,Agoriv causes a decrease in Ceflar,xy,risk_lower,A,risk_lower_A,Agoriv is associated with a lower risk of Ceflar,"neither,xy,yx",ez7njswd37
5,40983,"
                    <p>Suppose you read the following piece of information:</p>
                    <p class=""trial-statement"">&ldquo;Turilin is associated with lower probability of Laurem&rdquo;</p>
                    <p class=""trial-question"">Which of the following is most likely?</p>
                ",1,html-button-response,5,160896,0.0-5.0,,,causal_judgment,Turilin causes a decrease in Laurem,xy,prob_lower,A,prob_lower_A,Turilin is associated with lower probability of Laurem,"neither,xy,yx",ez7njswd37
6,29593,"
                    <p>Suppose you read the following piece of information:</p>
                    <p class=""trial-statement"">&ldquo;Rebosen is associated with a higher risk of Themaglin&rdquo;</p>
                    <p class=""trial-question"">Which of the following is most likely?</p>
                ",1,html-button-response,6,190490,0.0-6.0,,,causal_judgment,Rebosen causes an increase in Themaglin,xy,risk_increase,B,risk_increase_B,Rebosen is associated with a higher risk of Themaglin,"neither,xy,yx",ez7njswd37
7,6286,"
                    <p>Suppose you read the following piece of information:</p>
                    <p class=""trial-statement"">&ldquo;Denoden is associated with Flembers&rdquo;</p>
                    <p class=""trial-question"">Which of the following is most likely?</p>
                ",1,html-button-response,7,196777,0.0-7.0,,,causal_judgment,Denoden causes Flembers,xy,assoc,A,assoc_A,Denoden is associated with Flembers,"neither,xy,yx",ez7njswd37
8,35715,,"{""explain"":""choosing the most likely ""}",survey-text,8,232534,0.0-8.0,,,screening,,,,,,,,ez7njswd37
9,4914,,"{""comments"":""""}",survey-text,9,237451,0.0-9.0,,,comments,,,,,,,,ez7njswd37
10,23000,,"{""age"":""28"",""gender"":""female"",""native_language"":""English"",""education"":""bachelor's ""}",survey-text,10,260456,0.0-10.0,,,demographics,,,,,,,,ez7njswd37
0,2079,"<div class=""consent-text""> <h2>Consent Agreement</h2> <p> Please read this consent agreement carefully before deciding whether to participate in this experiment. </p> <p> <strong>Description:</strong> You are invited to participate in a research study about language and language learning. The purpose of the research is to understand how people learn new words. This research will be conducted through the Prolific platform, including participants from the US, UK, and Canada. If you decide to participate in this research, you will learn and use new words. </p> <p> <strong>Time Involvement:</strong> The task will last the amount of time advertised on Prolific. You are free to withdraw from the study at any time. </p> <p> <strong>Risks and Benefits:</strong> Study data will be stored securely, in compliance with Stanford University standards, minimizing the risk of confiden-tiality breach. This study advances our scientific understanding of how people learn new languages. We cannot and do not guarantee or promise that you will receive any benefits from this study. </p> <p> <strong>Compensation:</strong> You will receive payment in the amount advertised on Prolific. If you do not complete this study, you will receive prorated payment based on the time that you have spent. Additionally, you may be eligible for bonus payments as described in the instructions. </p> <p> <strong>Participant's Rights:</strong> If you have read this form and have decided to participate in this project, please understand your participation is voluntary and you have the right to withdraw your consent or discontinue participation at any time without penalty or loss of benefits to which you are otherwise entitled. The alternative is not to participate. You have the right to refuse to answer particular questions. The results of this research study may be presented at scientific or professional meetings or published in scientific journals. Your individual privacy will be maintained in all published and writ-ten data resulting from the study. In accordance with scientific norms, the data from this study may be used or shared with other researchers for future research (after removing personally identifying information) without additional consent from you. </p> <p> <strong>Contact Information:</strong> If you have any questions, concerns or complaints about this research, its procedures, risks and benefits, contact the Protocol Director, Robert Hawkins (<a href=""mailto:rdhawkins@stanford.edu"">rdhawkins@stanford.edu</a>, 217-549-6923). </p> <p> <strong>Independant Contact:</strong> If you are not satisfied with how this study is being conducted, or if you have any concerns, com-plaints, or general questions about the research or your rights as a participant, please contact the Stanford Institutional Review Board (IRB) to speak to someone independent of the research team at 650-723-2480 or toll free at 1-866-680-2906, or email at irbnonmed@stanford.edu. You can also write to the Stanford IRB, Stanford University, 1705 El Camino Real, Palo Alto, CA 94306. Please save or print a copy of this page for your records. </p> <p> <strong>If you agree to participate in this research, please click ""I agree""</strong> </p></br> </div>",0,html-button-response,0,2082,0.0-0.0,agree,2026-05-29T00:47:50.179Z,,,,,,,,,s7hwy0jonb
1,7970,"
                <h2>Welcome!</h2>
                <p>You will be asked a few simple questions about the possible relationship
                between different things. The questions are unrelated to one another.</p>
                <p>For each question, you will read a statement and choose the most likely
                interpretation from the options presented.</p>
                <p>Please respond thoughtfully.</p>
            ",0,html-button-response,1,10052,0.0-1.0,,,,,,,,,,,s7hwy0jonb
2,10884,"
        <p>Before we begin, here is a practice question to familiarize you with the format.</p>
        <p>Suppose you read the following piece of information:</p>
        <p class=""trial-statement"">&ldquo;While Maria was typing her report, the phone rang.&rdquo;</p>
        <p class=""trial-question"">Which of the following is most likely?</p>
    ",0,html-button-response,2,20936,0.0-2.0,,,practice,Maria began her report first,correct,,,,,,s7hwy0jonb
3,21190,"
                    <p>Suppose you read the following piece of information:</p>
                    <p class=""trial-statement"">&ldquo;Pneuben is associated with higher probability of Efogen&rdquo;</p>
                    <p class=""trial-question"">Which of the following is most likely?</p>
                ",0,html-button-response,3,42127,0.0-3.0,,,causal_judgment,Pneuben causes an increase in Efogen,xy,prob_increase,A,prob_increase_A,Pneuben is associated with higher probability of Efogen,"xy,yx,neither",s7hwy0jonb
4,7001,"
                    <p>Suppose you read the following piece of information:</p>
                    <p class=""trial-statement"">&ldquo;Ceflar is associated with a lower risk of Agoriv&rdquo;</p>
                    <p class=""trial-question"">Which of the following is most likely?</p>
                ",0,html-button-response,4,49129,0.0-4.0,,,causal_judgment,Ceflar causes a decrease in Agoriv,xy,risk_lower,B,risk_lower_B,Ceflar is associated with a lower risk of Agoriv,"xy,yx,neither",s7hwy0jonb
5,20516,"
                    <p>Suppose you read the following piece of information:</p>
                    <p class=""trial-statement"">&ldquo;Turilin is associated with lower probability of Laurem&rdquo;</p>
                    <p class=""trial-question"">Which of the following is most likely?</p>
                ",0,html-button-response,5,69646,0.0-5.0,,,causal_judgment,Turilin causes a decrease in Laurem,xy,prob_lower,A,prob_lower_A,Turilin is associated with lower probability of Laurem,"xy,yx,neither",s7hwy0jonb
6,7308,"
                    <p>Suppose you read the following piece of information:</p>
                    <p class=""trial-statement"">&ldquo;Rebosen is associated with a higher risk of Themaglin&rdquo;</p>
                    <p class=""trial-question"">Which of the following is most likely?</p>
                ",0,html-button-response,6,76955,0.0-6.0,,,causal_judgment,Rebosen causes an increase in Themaglin,xy,risk_increase,B,risk_increase_B,Rebosen is associated with a higher risk of Themaglin,"xy,yx,neither",s7hwy0jonb
7,6937,"
                    <p>Suppose you read the following piece of information:</p>
                    <p class=""trial-statement"">&ldquo;Flembers is associated with Denoden&rdquo;</p>
                    <p class=""trial-question"">Which of the following is most likely?</p>
                ",2,html-button-response,7,83893,0.0-7.0,,,causal_judgment,"A third factor is causally related to Flembers and Denoden, they are not directly related",neither,assoc,B,assoc_B,Flembers is associated with Denoden,"xy,yx,neither",s7hwy0jonb
8,58183,,"{""explain"":""We were asked to read a statement, and discern whether one of them could or could not increase or decrease the other. ""}",survey-text,8,142081,0.0-8.0,,,screening,,,,,,,,s7hwy0jonb
9,1417,,"{""comments"":""""}",survey-text,9,143500,0.0-9.0,,,comments,,,,,,,,s7hwy0jonb
10,22847,,"{""age"":""19"",""gender"":""Male"",""native_language"":""English"",""education"":""Year 12 Australia""}",survey-text,10,166350,0.0-10.0,,,demographics,,,,,,,,s7hwy0jonb
0,6288,"<div class=""consent-text""> <h2>Consent Agreement</h2> <p> Please read this consent agreement carefully before deciding whether to participate in this experiment. </p> <p> <strong>Description:</strong> You are invited to participate in a research study about language and language learning. The purpose of the research is to understand how people learn new words. This research will be conducted through the Prolific platform, including participants from the US, UK, and Canada. If you decide to participate in this research, you will learn and use new words. </p> <p> <strong>Time Involvement:</strong> The task will last the amount of time advertised on Prolific. You are free to withdraw from the study at any time. </p> <p> <strong>Risks and Benefits:</strong> Study data will be stored securely, in compliance with Stanford University standards, minimizing the risk of confiden-tiality breach. This study advances our scientific understanding of how people learn new languages. We cannot and do not guarantee or promise that you will receive any benefits from this study. </p> <p> <strong>Compensation:</strong> You will receive payment in the amount advertised on Prolific. If you do not complete this study, you will receive prorated payment based on the time that you have spent. Additionally, you may be eligible for bonus payments as described in the instructions. </p> <p> <strong>Participant's Rights:</strong> If you have read this form and have decided to participate in this project, please understand your participation is voluntary and you have the right to withdraw your consent or discontinue participation at any time without penalty or loss of benefits to which you are otherwise entitled. The alternative is not to participate. You have the right to refuse to answer particular questions. The results of this research study may be presented at scientific or professional meetings or published in scientific journals. Your individual privacy will be maintained in all published and writ-ten data resulting from the study. In accordance with scientific norms, the data from this study may be used or shared with other researchers for future research (after removing personally identifying information) without additional consent from you. </p> <p> <strong>Contact Information:</strong> If you have any questions, concerns or complaints about this research, its procedures, risks and benefits, contact the Protocol Director, Robert Hawkins (<a href=""mailto:rdhawkins@stanford.edu"">rdhawkins@stanford.edu</a>, 217-549-6923). </p> <p> <strong>Independant Contact:</strong> If you are not satisfied with how this study is being conducted, or if you have any concerns, com-plaints, or general questions about the research or your rights as a participant, please contact the Stanford Institutional Review Board (IRB) to speak to someone independent of the research team at 650-723-2480 or toll free at 1-866-680-2906, or email at irbnonmed@stanford.edu. You can also write to the Stanford IRB, Stanford University, 1705 El Camino Real, Palo Alto, CA 94306. Please save or print a copy of this page for your records. </p> <p> <strong>If you agree to participate in this research, please click ""I agree""</strong> </p></br> </div>",0,html-button-response,0,6299,0.0-0.0,agree,2026-05-29T01:18:05.863Z,,,,,,,,,dr5ayb3q7p
1,2037,"
                <h2>Welcome!</h2>
                <p>You will be asked a few simple questions about the possible relationship
                between different things. The questions are unrelated to one another.</p>
                <p>For each question, you will read a statement and choose the most likely
                interpretation from the options presented.</p>
                <p>Please respond thoughtfully.</p>
            ",0,html-button-response,1,8342,0.0-1.0,,,,,,,,,,,dr5ayb3q7p
2,19269,"
        <p>Before we begin, here is a practice question to familiarize you with the format.</p>
        <p>Suppose you read the following piece of information:</p>
        <p class=""trial-statement"">&ldquo;While Maria was typing her report, the phone rang.&rdquo;</p>
        <p class=""trial-question"">Which of the following is most likely?</p>
    ",1,html-button-response,2,27616,0.0-2.0,,,practice,Maria began her report first,correct,,,,,,dr5ayb3q7p
3,20167,"
                    <p>Suppose you read the following piece of information:</p>
                    <p class=""trial-statement"">&ldquo;Efogen is associated with higher probability of Pneuben&rdquo;</p>
                    <p class=""trial-question"">Which of the following is most likely?</p>
                ",0,html-button-response,3,47788,0.0-3.0,,,causal_judgment,Efogen causes an increase in Pneuben,xy,prob_increase,B,prob_increase_B,Efogen is associated with higher probability of Pneuben,"xy,yx,neither",dr5ayb3q7p
4,8108,"
                    <p>Suppose you read the following piece of information:</p>
                    <p class=""trial-statement"">&ldquo;Agoriv is associated with a lower risk of Ceflar&rdquo;</p>
                    <p class=""trial-question"">Which of the following is most likely?</p>
                ",0,html-button-response,4,55900,0.0-4.0,,,causal_judgment,Agoriv causes a decrease in Ceflar,xy,risk_lower,A,risk_lower_A,Agoriv is associated with a lower risk of Ceflar,"xy,yx,neither",dr5ayb3q7p
5,17664,"
                    <p>Suppose you read the following piece of information:</p>
                    <p class=""trial-statement"">&ldquo;Flembers is associated with Denoden&rdquo;</p>
                    <p class=""trial-question"">Which of the following is most likely?</p>
                ",2,html-button-response,5,73569,0.0-5.0,,,causal_judgment,"A third factor is causally related to Flembers and Denoden, they are not directly related",neither,assoc,B,assoc_B,Flembers is associated with Denoden,"xy,yx,neither",dr5ayb3q7p
6,11402,"
                    <p>Suppose you read the following piece of information:</p>
                    <p class=""trial-statement"">&ldquo;Rebosen is associated with a higher risk of Themaglin&rdquo;</p>
                    <p class=""trial-question"">Which of the following is most likely?</p>
                ",0,html-button-response,6,84975,0.0-6.0,,,causal_judgment,Rebosen causes an increase in Themaglin,xy,risk_increase,B,risk_increase_B,Rebosen is associated with a higher risk of Themaglin,"xy,yx,neither",dr5ayb3q7p
7,12700,"
                    <p>Suppose you read the following piece of information:</p>
                    <p class=""trial-statement"">&ldquo;Turilin is associated with lower probability of Laurem&rdquo;</p>
                    <p class=""trial-question"">Which of the following is most likely?</p>
                ",0,html-button-response,7,97679,0.0-7.0,,,causal_judgment,Turilin causes a decrease in Laurem,xy,prob_lower,A,prob_lower_A,Turilin is associated with lower probability of Laurem,"xy,yx,neither",dr5ayb3q7p
8,21632,,"{""explain"":""Based on a sentence, what seems most likely.""}",survey-text,8,119320,0.0-8.0,,,screening,,,,,,,,dr5ayb3q7p
9,1396,,"{""comments"":""""}",survey-text,9,120727,0.0-9.0,,,comments,,,,,,,,dr5ayb3q7p
10,3433,,"{""age"":"""",""gender"":"""",""native_language"":"""",""education"":""""}",survey-text,10,124173,0.0-10.0,,,demographics,,,,,,,,dr5ayb3q7p
0,18001,"<div class=""consent-text""> <h2>Consent Agreement</h2> <p> Please read this consent agreement carefully before deciding whether to participate in this experiment. </p> <p> <strong>Description:</strong> You are invited to participate in a research study about language and language learning. The purpose of the research is to understand how people learn new words. This research will be conducted through the Prolific platform, including participants from the US, UK, and Canada. If you decide to participate in this research, you will learn and use new words. </p> <p> <strong>Time Involvement:</strong> The task will last the amount of time advertised on Prolific. You are free to withdraw from the study at any time. </p> <p> <strong>Risks and Benefits:</strong> Study data will be stored securely, in compliance with Stanford University standards, minimizing the risk of confiden-tiality breach. This study advances our scientific understanding of how people learn new languages. We cannot and do not guarantee or promise that you will receive any benefits from this study. </p> <p> <strong>Compensation:</strong> You will receive payment in the amount advertised on Prolific. If you do not complete this study, you will receive prorated payment based on the time that you have spent. Additionally, you may be eligible for bonus payments as described in the instructions. </p> <p> <strong>Participant's Rights:</strong> If you have read this form and have decided to participate in this project, please understand your participation is voluntary and you have the right to withdraw your consent or discontinue participation at any time without penalty or loss of benefits to which you are otherwise entitled. The alternative is not to participate. You have the right to refuse to answer particular questions. The results of this research study may be presented at scientific or professional meetings or published in scientific journals. Your individual privacy will be maintained in all published and writ-ten data resulting from the study. In accordance with scientific norms, the data from this study may be used or shared with other researchers for future research (after removing personally identifying information) without additional consent from you. </p> <p> <strong>Contact Information:</strong> If you have any questions, concerns or complaints about this research, its procedures, risks and benefits, contact the Protocol Director, Robert Hawkins (<a href=""mailto:rdhawkins@stanford.edu"">rdhawkins@stanford.edu</a>, 217-549-6923). </p> <p> <strong>Independant Contact:</strong> If you are not satisfied with how this study is being conducted, or if you have any concerns, com-plaints, or general questions about the research or your rights as a participant, please contact the Stanford Institutional Review Board (IRB) to speak to someone independent of the research team at 650-723-2480 or toll free at 1-866-680-2906, or email at irbnonmed@stanford.edu. You can also write to the Stanford IRB, Stanford University, 1705 El Camino Real, Palo Alto, CA 94306. Please save or print a copy of this page for your records. </p> <p> <strong>If you agree to participate in this research, please click ""I agree""</strong> </p></br> </div>",0,html-button-response,0,18009,0.0-0.0,agree,2026-05-29T00:45:54.175Z,,,,,,,,,4e5w2wrcky
1,15356,"
                <h2>Welcome!</h2>
                <p>You will be asked a few simple questions about the possible relationship
                between different things. The questions are unrelated to one another.</p>
                <p>For each question, you will read a statement and choose the most likely
                interpretation from the options presented.</p>
                <p>Please respond thoughtfully.</p>
            ",0,html-button-response,1,33371,0.0-1.0,,,,,,,,,,,4e5w2wrcky
2,11001,"
        <p>Before we begin, here is a practice question to familiarize you with the format.</p>
        <p>Suppose you read the following piece of information:</p>
        <p class=""trial-statement"">&ldquo;While Maria was typing her report, the phone rang.&rdquo;</p>
        <p class=""trial-question"">Which of the following is most likely?</p>
    ",1,html-button-response,2,44376,0.0-2.0,,,practice,Maria began her report first,correct,,,,,,4e5w2wrcky
3,12342,"
                    <p>Suppose you read the following piece of information:</p>
                    <p class=""trial-statement"">&ldquo;Turilin is associated with lower probability of Laurem&rdquo;</p>
                    <p class=""trial-question"">Which of the following is most likely?</p>
                ",0,html-button-response,3,56723,0.0-3.0,,,causal_judgment,Turilin causes a decrease in Laurem,xy,prob_lower,A,prob_lower_A,Turilin is associated with lower probability of Laurem,"xy,yx,neither",4e5w2wrcky
4,11325,"
                    <p>Suppose you read the following piece of information:</p>
                    <p class=""trial-statement"">&ldquo;Ceflar is associated with a lower risk of Agoriv&rdquo;</p>
                    <p class=""trial-question"">Which of the following is most likely?</p>
                ",0,html-button-response,4,68053,0.0-4.0,,,causal_judgment,Ceflar causes a decrease in Agoriv,xy,risk_lower,B,risk_lower_B,Ceflar is associated with a lower risk of Agoriv,"xy,yx,neither",4e5w2wrcky
5,6984,"
                    <p>Suppose you read the following piece of information:</p>
                    <p class=""trial-statement"">&ldquo;Rebosen is associated with a higher risk of Themaglin&rdquo;</p>
                    <p class=""trial-question"">Which of the following is most likely?</p>
                ",0,html-button-response,5,75042,0.0-5.0,,,causal_judgment,Rebosen causes an increase in Themaglin,xy,risk_increase,B,risk_increase_B,Rebosen is associated with a higher risk of Themaglin,"xy,yx,neither",4e5w2wrcky
6,11641,"
                    <p>Suppose you read the following piece of information:</p>
                    <p class=""trial-statement"">&ldquo;Denoden is associated with Flembers&rdquo;</p>
                    <p class=""trial-question"">Which of the following is most likely?</p>
                ",0,html-button-response,6,86687,0.0-6.0,,,causal_judgment,Denoden causes Flembers,xy,assoc,A,assoc_A,Denoden is associated with Flembers,"xy,yx,neither",4e5w2wrcky
7,27806,"
                    <p>Suppose you read the following piece of information:</p>
                    <p class=""trial-statement"">&ldquo;Efogen is associated with higher probability of Pneuben&rdquo;</p>
                    <p class=""trial-question"">Which of the following is most likely?</p>
                ",0,html-button-response,7,114496,0.0-7.0,,,causal_judgment,Efogen causes an increase in Pneuben,xy,prob_increase,B,prob_increase_B,Efogen is associated with higher probability of Pneuben,"xy,yx,neither",4e5w2wrcky
8,36501,,"{""explain"":""Talk about different medicines that affect each other""}",survey-text,8,151011,0.0-8.0,,,screening,,,,,,,,4e5w2wrcky
9,2724,,"{""comments"":""""}",survey-text,9,153746,0.0-9.0,,,comments,,,,,,,,4e5w2wrcky
10,29838,,"{""age"":""54"",""gender"":""Female"",""native_language"":""English"",""education"":""High school""}",survey-text,10,183596,0.0-10.0,,,demographics,,,,,,,,4e5w2wrcky
0,2755,"<div class=""consent-text""> <h2>Consent Agreement</h2> <p> Please read this consent agreement carefully before deciding whether to participate in this experiment. </p> <p> <strong>Description:</strong> You are invited to participate in a research study about language and language learning. The purpose of the research is to understand how people learn new words. This research will be conducted through the Prolific platform, including participants from the US, UK, and Canada. If you decide to participate in this research, you will learn and use new words. </p> <p> <strong>Time Involvement:</strong> The task will last the amount of time advertised on Prolific. You are free to withdraw from the study at any time. </p> <p> <strong>Risks and Benefits:</strong> Study data will be stored securely, in compliance with Stanford University standards, minimizing the risk of confiden-tiality breach. This study advances our scientific understanding of how people learn new languages. We cannot and do not guarantee or promise that you will receive any benefits from this study. </p> <p> <strong>Compensation:</strong> You will receive payment in the amount advertised on Prolific. If you do not complete this study, you will receive prorated payment based on the time that you have spent. Additionally, you may be eligible for bonus payments as described in the instructions. </p> <p> <strong>Participant's Rights:</strong> If you have read this form and have decided to participate in this project, please understand your participation is voluntary and you have the right to withdraw your consent or discontinue participation at any time without penalty or loss of benefits to which you are otherwise entitled. The alternative is not to participate. You have the right to refuse to answer particular questions. The results of this research study may be presented at scientific or professional meetings or published in scientific journals. Your individual privacy will be maintained in all published and writ-ten data resulting from the study. In accordance with scientific norms, the data from this study may be used or shared with other researchers for future research (after removing personally identifying information) without additional consent from you. </p> <p> <strong>Contact Information:</strong> If you have any questions, concerns or complaints about this research, its procedures, risks and benefits, contact the Protocol Director, Robert Hawkins (<a href=""mailto:rdhawkins@stanford.edu"">rdhawkins@stanford.edu</a>, 217-549-6923). </p> <p> <strong>Independant Contact:</strong> If you are not satisfied with how this study is being conducted, or if you have any concerns, com-plaints, or general questions about the research or your rights as a participant, please contact the Stanford Institutional Review Board (IRB) to speak to someone independent of the research team at 650-723-2480 or toll free at 1-866-680-2906, or email at irbnonmed@stanford.edu. You can also write to the Stanford IRB, Stanford University, 1705 El Camino Real, Palo Alto, CA 94306. Please save or print a copy of this page for your records. </p> <p> <strong>If you agree to participate in this research, please click ""I agree""</strong> </p></br> </div>",0,html-button-response,0,2758,0.0-0.0,agree,2026-05-29T00:45:06.238Z,,,,,,,,,qm1dhv6hv2
1,6950,"
                <h2>Welcome!</h2>
                <p>You will be asked a few simple questions about the possible relationship
                between different things. The questions are unrelated to one another.</p>
                <p>For each question, you will read a statement and choose the most likely
                interpretation from the options presented.</p>
                <p>Please respond thoughtfully.</p>
            ",0,html-button-response,1,9710,0.0-1.0,,,,,,,,,,,qm1dhv6hv2
2,14173,"
        <p>Before we begin, here is a practice question to familiarize you with the format.</p>
        <p>Suppose you read the following piece of information:</p>
        <p class=""trial-statement"">&ldquo;While Maria was typing her report, the phone rang.&rdquo;</p>
        <p class=""trial-question"">Which of the following is most likely?</p>
    ",0,html-button-response,2,23885,0.0-2.0,,,practice,Maria began her report first,correct,,,,,,qm1dhv6hv2
3,39191,"
                    <p>Suppose you read the following piece of information:</p>
                    <p class=""trial-statement"">&ldquo;Denoden is associated with Flembers&rdquo;</p>
                    <p class=""trial-question"">Which of the following is most likely?</p>
                ",1,html-button-response,3,63077,0.0-3.0,,,causal_judgment,"A third factor is causally related to Denoden and Flembers, they are not directly related",neither,assoc,A,assoc_A,Denoden is associated with Flembers,"xy,neither,yx",qm1dhv6hv2
4,42661,"
                    <p>Suppose you read the following piece of information:</p>
                    <p class=""trial-statement"">&ldquo;Efogen is associated with higher probability of Pneuben&rdquo;</p>
                    <p class=""trial-question"">Which of the following is most likely?</p>
                ",0,html-button-response,4,105739,0.0-4.0,,,causal_judgment,Efogen causes an increase in Pneuben,xy,prob_increase,B,prob_increase_B,Efogen is associated with higher probability of Pneuben,"xy,neither,yx",qm1dhv6hv2
5,23204,"
                    <p>Suppose you read the following piece of information:</p>
                    <p class=""trial-statement"">&ldquo;Ceflar is associated with a lower risk of Agoriv&rdquo;</p>
                    <p class=""trial-question"">Which of the following is most likely?</p>
                ",0,html-button-response,5,128944,0.0-5.0,,,causal_judgment,Ceflar causes a decrease in Agoriv,xy,risk_lower,B,risk_lower_B,Ceflar is associated with a lower risk of Agoriv,"xy,neither,yx",qm1dhv6hv2
6,13229,"
                    <p>Suppose you read the following piece of information:</p>
                    <p class=""trial-statement"">&ldquo;Themaglin is associated with a higher risk of Rebosen&rdquo;</p>
                    <p class=""trial-question"">Which of the following is most likely?</p>
                ",2,html-button-response,6,142175,0.0-6.0,,,causal_judgment,Rebosen causes an increase in Themaglin,yx,risk_increase,A,risk_increase_A,Themaglin is associated with a higher risk of Rebosen,"xy,neither,yx",qm1dhv6hv2
7,7207,"
                    <p>Suppose you read the following piece of information:</p>
                    <p class=""trial-statement"">&ldquo;Laurem is associated with lower probability of Turilin&rdquo;</p>
                    <p class=""trial-question"">Which of the following is most likely?</p>
                ",2,html-button-response,7,149382,0.0-7.0,,,causal_judgment,Turilin causes a decrease in Laurem,yx,prob_lower,B,prob_lower_B,Laurem is associated with lower probability of Turilin,"xy,neither,yx",qm1dhv6hv2
8,45262,,"{""explain"":""Describe the relationship between two items worded in various fashions.""}",survey-text,8,194653,0.0-8.0,,,screening,,,,,,,,qm1dhv6hv2
9,1885,,"{""comments"":""""}",survey-text,9,196540,0.0-9.0,,,comments,,,,,,,,qm1dhv6hv2
10,11996,,"{""age"":""38"",""gender"":""Male"",""native_language"":""English"",""education"":""High School""}",survey-text,10,208539,0.0-10.0,,,demographics,,,,,,,,qm1dhv6hv2
0,1661,"<div class=""consent-text""> <h2>Consent Agreement</h2> <p> Please read this consent agreement carefully before deciding whether to participate in this experiment. </p> <p> <strong>Description:</strong> You are invited to participate in a research study about language and language learning. The purpose of the research is to understand how people learn new words. This research will be conducted through the Prolific platform, including participants from the US, UK, and Canada. If you decide to participate in this research, you will learn and use new words. </p> <p> <strong>Time Involvement:</strong> The task will last the amount of time advertised on Prolific. You are free to withdraw from the study at any time. </p> <p> <strong>Risks and Benefits:</strong> Study data will be stored securely, in compliance with Stanford University standards, minimizing the risk of confiden-tiality breach. This study advances our scientific understanding of how people learn new languages. We cannot and do not guarantee or promise that you will receive any benefits from this study. </p> <p> <strong>Compensation:</strong> You will receive payment in the amount advertised on Prolific. If you do not complete this study, you will receive prorated payment based on the time that you have spent. Additionally, you may be eligible for bonus payments as described in the instructions. </p> <p> <strong>Participant's Rights:</strong> If you have read this form and have decided to participate in this project, please understand your participation is voluntary and you have the right to withdraw your consent or discontinue participation at any time without penalty or loss of benefits to which you are otherwise entitled. The alternative is not to participate. You have the right to refuse to answer particular questions. The results of this research study may be presented at scientific or professional meetings or published in scientific journals. Your individual privacy will be maintained in all published and writ-ten data resulting from the study. In accordance with scientific norms, the data from this study may be used or shared with other researchers for future research (after removing personally identifying information) without additional consent from you. </p> <p> <strong>Contact Information:</strong> If you have any questions, concerns or complaints about this research, its procedures, risks and benefits, contact the Protocol Director, Robert Hawkins (<a href=""mailto:rdhawkins@stanford.edu"">rdhawkins@stanford.edu</a>, 217-549-6923). </p> <p> <strong>Independant Contact:</strong> If you are not satisfied with how this study is being conducted, or if you have any concerns, com-plaints, or general questions about the research or your rights as a participant, please contact the Stanford Institutional Review Board (IRB) to speak to someone independent of the research team at 650-723-2480 or toll free at 1-866-680-2906, or email at irbnonmed@stanford.edu. You can also write to the Stanford IRB, Stanford University, 1705 El Camino Real, Palo Alto, CA 94306. Please save or print a copy of this page for your records. </p> <p> <strong>If you agree to participate in this research, please click ""I agree""</strong> </p></br> </div>",0,html-button-response,0,1663,0.0-0.0,agree,2026-05-29T00:49:13.088Z,,,,,,,,,lkfwmv4kk5
1,3170,"
                <h2>Welcome!</h2>
                <p>You will be asked a few simple questions about the possible relationship
                between different things. The questions are unrelated to one another.</p>
                <p>For each question, you will read a statement and choose the most likely
                interpretation from the options presented.</p>
                <p>Please respond thoughtfully.</p>
            ",0,html-button-response,1,4835,0.0-1.0,,,,,,,,,,,lkfwmv4kk5
2,15794,"
        <p>Before we begin, here is a practice question to familiarize you with the format.</p>
        <p>Suppose you read the following piece of information:</p>
        <p class=""trial-statement"">&ldquo;While Maria was typing her report, the phone rang.&rdquo;</p>
        <p class=""trial-question"">Which of the following is most likely?</p>
    ",1,html-button-response,2,20630,0.0-2.0,,,practice,Maria began her report first,correct,,,,,,lkfwmv4kk5
3,18352,"
                    <p>Suppose you read the following piece of information:</p>
                    <p class=""trial-statement"">&ldquo;Denoden is associated with Flembers&rdquo;</p>
                    <p class=""trial-question"">Which of the following is most likely?</p>
                ",2,html-button-response,3,38983,0.0-3.0,,,causal_judgment,"A third factor is causally related to Denoden and Flembers, they are not directly related",neither,assoc,A,assoc_A,Denoden is associated with Flembers,"xy,yx,neither",lkfwmv4kk5
4,9862,"
                    <p>Suppose you read the following piece of information:</p>
                    <p class=""trial-statement"">&ldquo;Turilin is associated with lower probability of Laurem&rdquo;</p>
                    <p class=""trial-question"">Which of the following is most likely?</p>
                ",0,html-button-response,4,48846,0.0-4.0,,,causal_judgment,Turilin causes a decrease in Laurem,xy,prob_lower,A,prob_lower_A,Turilin is associated with lower probability of Laurem,"xy,yx,neither",lkfwmv4kk5
5,5399,"
                    <p>Suppose you read the following piece of information:</p>
                    <p class=""trial-statement"">&ldquo;Rebosen is associated with a higher risk of Themaglin&rdquo;</p>
                    <p class=""trial-question"">Which of the following is most likely?</p>
                ",0,html-button-response,5,54246,0.0-5.0,,,causal_judgment,Rebosen causes an increase in Themaglin,xy,risk_increase,B,risk_increase_B,Rebosen is associated with a higher risk of Themaglin,"xy,yx,neither",lkfwmv4kk5
6,4626,"
                    <p>Suppose you read the following piece of information:</p>
                    <p class=""trial-statement"">&ldquo;Agoriv is associated with a lower risk of Ceflar&rdquo;</p>
                    <p class=""trial-question"">Which of the following is most likely?</p>
                ",0,html-button-response,6,58873,0.0-6.0,,,causal_judgment,Agoriv causes a decrease in Ceflar,xy,risk_lower,A,risk_lower_A,Agoriv is associated with a lower risk of Ceflar,"xy,yx,neither",lkfwmv4kk5
7,9307,"
                    <p>Suppose you read the following piece of information:</p>
                    <p class=""trial-statement"">&ldquo;Efogen is associated with higher probability of Pneuben&rdquo;</p>
                    <p class=""trial-question"">Which of the following is most likely?</p>
                ",0,html-button-response,7,68181,0.0-7.0,,,causal_judgment,Efogen causes an increase in Pneuben,xy,prob_increase,B,prob_increase_B,Efogen is associated with higher probability of Pneuben,"xy,yx,neither",lkfwmv4kk5
8,70812,,"{""explain"":""Answer how words are associated based how the interactions effect one another""}",survey-text,8,138998,0.0-8.0,,,screening,,,,,,,,lkfwmv4kk5
9,8353,,"{""comments"":""N/a. Have a great day :)""}",survey-text,9,147352,0.0-9.0,,,comments,,,,,,,,lkfwmv4kk5
10,21635,,"{""age"":""23"",""gender"":""Male"",""native_language"":""English"",""education"":""1.5 semesters of college (in progress)""}",survey-text,10,168990,0.0-10.0,,,demographics,,,,,,,,lkfwmv4kk5
0,4863,"<div class=""consent-text""> <h2>Consent Agreement</h2> <p> Please read this consent agreement carefully before deciding whether to participate in this experiment. </p> <p> <strong>Description:</strong> You are invited to participate in a research study about language and language learning. The purpose of the research is to understand how people learn new words. This research will be conducted through the Prolific platform, including participants from the US, UK, and Canada. If you decide to participate in this research, you will learn and use new words. </p> <p> <strong>Time Involvement:</strong> The task will last the amount of time advertised on Prolific. You are free to withdraw from the study at any time. </p> <p> <strong>Risks and Benefits:</strong> Study data will be stored securely, in compliance with Stanford University standards, minimizing the risk of confiden-tiality breach. This study advances our scientific understanding of how people learn new languages. We cannot and do not guarantee or promise that you will receive any benefits from this study. </p> <p> <strong>Compensation:</strong> You will receive payment in the amount advertised on Prolific. If you do not complete this study, you will receive prorated payment based on the time that you have spent. Additionally, you may be eligible for bonus payments as described in the instructions. </p> <p> <strong>Participant's Rights:</strong> If you have read this form and have decided to participate in this project, please understand your participation is voluntary and you have the right to withdraw your consent or discontinue participation at any time without penalty or loss of benefits to which you are otherwise entitled. The alternative is not to participate. You have the right to refuse to answer particular questions. The results of this research study may be presented at scientific or professional meetings or published in scientific journals. Your individual privacy will be maintained in all published and writ-ten data resulting from the study. In accordance with scientific norms, the data from this study may be used or shared with other researchers for future research (after removing personally identifying information) without additional consent from you. </p> <p> <strong>Contact Information:</strong> If you have any questions, concerns or complaints about this research, its procedures, risks and benefits, contact the Protocol Director, Robert Hawkins (<a href=""mailto:rdhawkins@stanford.edu"">rdhawkins@stanford.edu</a>, 217-549-6923). </p> <p> <strong>Independant Contact:</strong> If you are not satisfied with how this study is being conducted, or if you have any concerns, com-plaints, or general questions about the research or your rights as a participant, please contact the Stanford Institutional Review Board (IRB) to speak to someone independent of the research team at 650-723-2480 or toll free at 1-866-680-2906, or email at irbnonmed@stanford.edu. You can also write to the Stanford IRB, Stanford University, 1705 El Camino Real, Palo Alto, CA 94306. Please save or print a copy of this page for your records. </p> <p> <strong>If you agree to participate in this research, please click ""I agree""</strong> </p></br> </div>",0,html-button-response,0,4867,0.0-0.0,agree,2026-05-29T00:46:30.550Z,,,,,,,,,ge8e0v7k0b
1,13230,"
                <h2>Welcome!</h2>
                <p>You will be asked a few simple questions about the possible relationship
                between different things. The questions are unrelated to one another.</p>
                <p>For each question, you will read a statement and choose the most likely
                interpretation from the options presented.</p>
                <p>Please respond thoughtfully.</p>
            ",0,html-button-response,1,18101,0.0-1.0,,,,,,,,,,,ge8e0v7k0b
2,43032,"
        <p>Before we begin, here is a practice question to familiarize you with the format.</p>
        <p>Suppose you read the following piece of information:</p>
        <p class=""trial-statement"">&ldquo;While Maria was typing her report, the phone rang.&rdquo;</p>
        <p class=""trial-question"">Which of the following is most likely?</p>
    ",0,html-button-response,2,61135,0.0-2.0,,,practice,Maria began her report first,correct,,,,,,ge8e0v7k0b
3,29101,"
                    <p>Suppose you read the following piece of information:</p>
                    <p class=""trial-statement"">&ldquo;Ceflar is associated with a lower risk of Agoriv&rdquo;</p>
                    <p class=""trial-question"">Which of the following is most likely?</p>
                ",2,html-button-response,3,90237,0.0-3.0,,,causal_judgment,Agoriv causes a decrease in Ceflar,yx,risk_lower,B,risk_lower_B,Ceflar is associated with a lower risk of Agoriv,"neither,xy,yx",ge8e0v7k0b
4,7946,"
                    <p>Suppose you read the following piece of information:</p>
                    <p class=""trial-statement"">&ldquo;Pneuben is associated with higher probability of Efogen&rdquo;</p>
                    <p class=""trial-question"">Which of the following is most likely?</p>
                ",1,html-button-response,4,98185,0.0-4.0,,,causal_judgment,Pneuben causes an increase in Efogen,xy,prob_increase,A,prob_increase_A,Pneuben is associated with higher probability of Efogen,"neither,xy,yx",ge8e0v7k0b
5,7597,"
                    <p>Suppose you read the following piece of information:</p>
                    <p class=""trial-statement"">&ldquo;Rebosen is associated with a higher risk of Themaglin&rdquo;</p>
                    <p class=""trial-question"">Which of the following is most likely?</p>
                ",1,html-button-response,5,105784,0.0-5.0,,,causal_judgment,Rebosen causes an increase in Themaglin,xy,risk_increase,B,risk_increase_B,Rebosen is associated with a higher risk of Themaglin,"neither,xy,yx",ge8e0v7k0b
6,7056,"
                    <p>Suppose you read the following piece of information:</p>
                    <p class=""trial-statement"">&ldquo;Denoden is associated with Flembers&rdquo;</p>
                    <p class=""trial-question"">Which of the following is most likely?</p>
                ",1,html-button-response,6,112843,0.0-6.0,,,causal_judgment,Denoden causes Flembers,xy,assoc,A,assoc_A,Denoden is associated with Flembers,"neither,xy,yx",ge8e0v7k0b
7,10604,"
                    <p>Suppose you read the following piece of information:</p>
                    <p class=""trial-statement"">&ldquo;Turilin is associated with lower probability of Laurem&rdquo;</p>
                    <p class=""trial-question"">Which of the following is most likely?</p>
                ",1,html-button-response,7,123449,0.0-7.0,,,causal_judgment,Turilin causes a decrease in Laurem,xy,prob_lower,A,prob_lower_A,Turilin is associated with lower probability of Laurem,"neither,xy,yx",ge8e0v7k0b
8,62380,,"{""explain"":""I was asked to explain what I understood in the sentence""}",survey-text,8,185854,0.0-8.0,,,screening,,,,,,,,ge8e0v7k0b
9,6309,,"{""comments"":""No""}",survey-text,9,192167,0.0-9.0,,,comments,,,,,,,,ge8e0v7k0b
10,50485,,"{""age"":""32"",""gender"":""Female"",""native_language"":""Igbo"",""education"":""University""}",survey-text,10,242657,0.0-10.0,,,demographics,,,,,,,,ge8e0v7k0b
0,22099,"<div class=""consent-text""> <h2>Consent Agreement</h2> <p> Please read this consent agreement carefully before deciding whether to participate in this experiment. </p> <p> <strong>Description:</strong> You are invited to participate in a research study about language and language learning. The purpose of the research is to understand how people learn new words. This research will be conducted through the Prolific platform, including participants from the US, UK, and Canada. If you decide to participate in this research, you will learn and use new words. </p> <p> <strong>Time Involvement:</strong> The task will last the amount of time advertised on Prolific. You are free to withdraw from the study at any time. </p> <p> <strong>Risks and Benefits:</strong> Study data will be stored securely, in compliance with Stanford University standards, minimizing the risk of confiden-tiality breach. This study advances our scientific understanding of how people learn new languages. We cannot and do not guarantee or promise that you will receive any benefits from this study. </p> <p> <strong>Compensation:</strong> You will receive payment in the amount advertised on Prolific. If you do not complete this study, you will receive prorated payment based on the time that you have spent. Additionally, you may be eligible for bonus payments as described in the instructions. </p> <p> <strong>Participant's Rights:</strong> If you have read this form and have decided to participate in this project, please understand your participation is voluntary and you have the right to withdraw your consent or discontinue participation at any time without penalty or loss of benefits to which you are otherwise entitled. The alternative is not to participate. You have the right to refuse to answer particular questions. The results of this research study may be presented at scientific or professional meetings or published in scientific journals. Your individual privacy will be maintained in all published and writ-ten data resulting from the study. In accordance with scientific norms, the data from this study may be used or shared with other researchers for future research (after removing personally identifying information) without additional consent from you. </p> <p> <strong>Contact Information:</strong> If you have any questions, concerns or complaints about this research, its procedures, risks and benefits, contact the Protocol Director, Robert Hawkins (<a href=""mailto:rdhawkins@stanford.edu"">rdhawkins@stanford.edu</a>, 217-549-6923). </p> <p> <strong>Independant Contact:</strong> If you are not satisfied with how this study is being conducted, or if you have any concerns, com-plaints, or general questions about the research or your rights as a participant, please contact the Stanford Institutional Review Board (IRB) to speak to someone independent of the research team at 650-723-2480 or toll free at 1-866-680-2906, or email at irbnonmed@stanford.edu. You can also write to the Stanford IRB, Stanford University, 1705 El Camino Real, Palo Alto, CA 94306. Please save or print a copy of this page for your records. </p> <p> <strong>If you agree to participate in this research, please click ""I agree""</strong> </p></br> </div>",0,html-button-response,0,22102,0.0-0.0,agree,2026-05-29T00:46:04.472Z,,,,,,,,,kfsdxeoqb8
1,7913,"
                <h2>Welcome!</h2>
                <p>You will be asked a few simple questions about the possible relationship
                between different things. The questions are unrelated to one another.</p>
                <p>For each question, you will read a statement and choose the most likely
                interpretation from the options presented.</p>
                <p>Please respond thoughtfully.</p>
            ",0,html-button-response,1,30018,0.0-1.0,,,,,,,,,,,kfsdxeoqb8
2,9966,"
        <p>Before we begin, here is a practice question to familiarize you with the format.</p>
        <p>Suppose you read the following piece of information:</p>
        <p class=""trial-statement"">&ldquo;While Maria was typing her report, the phone rang.&rdquo;</p>
        <p class=""trial-question"">Which of the following is most likely?</p>
    ",0,html-button-response,2,39985,0.0-2.0,,,practice,Maria began her report first,correct,,,,,,kfsdxeoqb8
3,29448,"
                    <p>Suppose you read the following piece of information:</p>
                    <p class=""trial-statement"">&ldquo;Laurem is associated with lower probability of Turilin&rdquo;</p>
                    <p class=""trial-question"">Which of the following is most likely?</p>
                ",0,html-button-response,3,69434,0.0-3.0,,,causal_judgment,"A third factor is causally related to Laurem and Turilin, they are not directly related",neither,prob_lower,B,prob_lower_B,Laurem is associated with lower probability of Turilin,"neither,xy,yx",kfsdxeoqb8
4,9053,"
                    <p>Suppose you read the following piece of information:</p>
                    <p class=""trial-statement"">&ldquo;Themaglin is associated with a higher risk of Rebosen&rdquo;</p>
                    <p class=""trial-question"">Which of the following is most likely?</p>
                ",0,html-button-response,4,78488,0.0-4.0,,,causal_judgment,"A third factor is causally related to Themaglin and Rebosen, they are not directly related",neither,risk_increase,A,risk_increase_A,Themaglin is associated with a higher risk of Rebosen,"neither,xy,yx",kfsdxeoqb8
5,26245,"
                    <p>Suppose you read the following piece of information:</p>
                    <p class=""trial-statement"">&ldquo;Flembers is associated with Denoden&rdquo;</p>
                    <p class=""trial-question"">Which of the following is most likely?</p>
                ",2,html-button-response,5,104734,0.0-5.0,,,causal_judgment,Denoden causes Flembers,yx,assoc,B,assoc_B,Flembers is associated with Denoden,"neither,xy,yx",kfsdxeoqb8
6,31866,"
                    <p>Suppose you read the following piece of information:</p>
                    <p class=""trial-statement"">&ldquo;Ceflar is associated with a lower risk of Agoriv&rdquo;</p>
                    <p class=""trial-question"">Which of the following is most likely?</p>
                ",0,html-button-response,6,136601,0.0-6.0,,,causal_judgment,"A third factor is causally related to Ceflar and Agoriv, they are not directly related",neither,risk_lower,B,risk_lower_B,Ceflar is associated with a lower risk of Agoriv,"neither,xy,yx",kfsdxeoqb8
7,42381,"
                    <p>Suppose you read the following piece of information:</p>
                    <p class=""trial-statement"">&ldquo;Pneuben is associated with higher probability of Efogen&rdquo;</p>
                    <p class=""trial-question"">Which of the following is most likely?</p>
                ",2,html-button-response,7,178983,0.0-7.0,,,causal_judgment,Efogen causes an increase in Pneuben,yx,prob_increase,A,prob_increase_A,Pneuben is associated with higher probability of Efogen,"neither,xy,yx",kfsdxeoqb8
8,35029,,"{""explain"":""Describe causality between two words, and the words used to describe the relationship between them. ""}",survey-text,8,214018,0.0-8.0,,,screening,,,,,,,,kfsdxeoqb8
9,9048,,"{""comments"":""Tricky!""}",survey-text,9,223068,0.0-9.0,,,comments,,,,,,,,kfsdxeoqb8
10,12148,,"{""age"":""41"",""gender"":""F"",""native_language"":""English"",""education"":""Masters""}",survey-text,10,235219,0.0-10.0,,,demographics,,,,,,,,kfsdxeoqb8
0,53932,"<div class=""consent-text""> <h2>Consent Agreement</h2> <p> Please read this consent agreement carefully before deciding whether to participate in this experiment. </p> <p> <strong>Description:</strong> You are invited to participate in a research study about language and language learning. The purpose of the research is to understand how people learn new words. This research will be conducted through the Prolific platform, including participants from the US, UK, and Canada. If you decide to participate in this research, you will learn and use new words. </p> <p> <strong>Time Involvement:</strong> The task will last the amount of time advertised on Prolific. You are free to withdraw from the study at any time. </p> <p> <strong>Risks and Benefits:</strong> Study data will be stored securely, in compliance with Stanford University standards, minimizing the risk of confiden-tiality breach. This study advances our scientific understanding of how people learn new languages. We cannot and do not guarantee or promise that you will receive any benefits from this study. </p> <p> <strong>Compensation:</strong> You will receive payment in the amount advertised on Prolific. If you do not complete this study, you will receive prorated payment based on the time that you have spent. Additionally, you may be eligible for bonus payments as described in the instructions. </p> <p> <strong>Participant's Rights:</strong> If you have read this form and have decided to participate in this project, please understand your participation is voluntary and you have the right to withdraw your consent or discontinue participation at any time without penalty or loss of benefits to which you are otherwise entitled. The alternative is not to participate. You have the right to refuse to answer particular questions. The results of this research study may be presented at scientific or professional meetings or published in scientific journals. Your individual privacy will be maintained in all published and writ-ten data resulting from the study. In accordance with scientific norms, the data from this study may be used or shared with other researchers for future research (after removing personally identifying information) without additional consent from you. </p> <p> <strong>Contact Information:</strong> If you have any questions, concerns or complaints about this research, its procedures, risks and benefits, contact the Protocol Director, Robert Hawkins (<a href=""mailto:rdhawkins@stanford.edu"">rdhawkins@stanford.edu</a>, 217-549-6923). </p> <p> <strong>Independant Contact:</strong> If you are not satisfied with how this study is being conducted, or if you have any concerns, com-plaints, or general questions about the research or your rights as a participant, please contact the Stanford Institutional Review Board (IRB) to speak to someone independent of the research team at 650-723-2480 or toll free at 1-866-680-2906, or email at irbnonmed@stanford.edu. You can also write to the Stanford IRB, Stanford University, 1705 El Camino Real, Palo Alto, CA 94306. Please save or print a copy of this page for your records. </p> <p> <strong>If you agree to participate in this research, please click ""I agree""</strong> </p></br> </div>",0,html-button-response,0,53935,0.0-0.0,agree,2026-05-29T00:45:59.390Z,,,,,,,,,23s8prxj9u
1,9893,"
                <h2>Welcome!</h2>
                <p>You will be asked a few simple questions about the possible relationship
                between different things. The questions are unrelated to one another.</p>
                <p>For each question, you will read a statement and choose the most likely
                interpretation from the options presented.</p>
                <p>Please respond thoughtfully.</p>
            ",0,html-button-response,1,63829,0.0-1.0,,,,,,,,,,,23s8prxj9u
2,31271,"
        <p>Before we begin, here is a practice question to familiarize you with the format.</p>
        <p>Suppose you read the following piece of information:</p>
        <p class=""trial-statement"">&ldquo;While Maria was typing her report, the phone rang.&rdquo;</p>
        <p class=""trial-question"">Which of the following is most likely?</p>
    ",1,html-button-response,2,95103,0.0-2.0,,,practice,Maria began her report first,correct,,,,,,23s8prxj9u
3,17306,"
                    <p>Suppose you read the following piece of information:</p>
                    <p class=""trial-statement"">&ldquo;Flembers is associated with Denoden&rdquo;</p>
                    <p class=""trial-question"">Which of the following is most likely?</p>
                ",2,html-button-response,3,112411,0.0-3.0,,,causal_judgment,"A third factor is causally related to Flembers and Denoden, they are not directly related",neither,assoc,B,assoc_B,Flembers is associated with Denoden,"xy,yx,neither",23s8prxj9u
4,14309,"
                    <p>Suppose you read the following piece of information:</p>
                    <p class=""trial-statement"">&ldquo;Themaglin is associated with a higher risk of Rebosen&rdquo;</p>
                    <p class=""trial-question"">Which of the following is most likely?</p>
                ",0,html-button-response,4,126722,0.0-4.0,,,causal_judgment,Themaglin causes an increase in Rebosen,xy,risk_increase,A,risk_increase_A,Themaglin is associated with a higher risk of Rebosen,"xy,yx,neither",23s8prxj9u
5,13826,"
                    <p>Suppose you read the following piece of information:</p>
                    <p class=""trial-statement"">&ldquo;Efogen is associated with higher probability of Pneuben&rdquo;</p>
                    <p class=""trial-question"">Which of the following is most likely?</p>
                ",0,html-button-response,5,140550,0.0-5.0,,,causal_judgment,Efogen causes an increase in Pneuben,xy,prob_increase,B,prob_increase_B,Efogen is associated with higher probability of Pneuben,"xy,yx,neither",23s8prxj9u
6,12159,"
                    <p>Suppose you read the following piece of information:</p>
                    <p class=""trial-statement"">&ldquo;Agoriv is associated with a lower risk of Ceflar&rdquo;</p>
                    <p class=""trial-question"">Which of the following is most likely?</p>
                ",0,html-button-response,6,152711,0.0-6.0,,,causal_judgment,Agoriv causes a decrease in Ceflar,xy,risk_lower,A,risk_lower_A,Agoriv is associated with a lower risk of Ceflar,"xy,yx,neither",23s8prxj9u
7,10875,"
                    <p>Suppose you read the following piece of information:</p>
                    <p class=""trial-statement"">&ldquo;Laurem is associated with lower probability of Turilin&rdquo;</p>
                    <p class=""trial-question"">Which of the following is most likely?</p>
                ",0,html-button-response,7,163587,0.0-7.0,,,causal_judgment,Laurem causes a decrease in Turilin,xy,prob_lower,B,prob_lower_B,Laurem is associated with lower probability of Turilin,"xy,yx,neither",23s8prxj9u
8,28157,,"{""explain"":""To choose the correct option between different situations, it was a interesting project but I am not sure how good I did.""}",survey-text,8,191749,0.0-8.0,,,screening,,,,,,,,23s8prxj9u
9,1822,,"{""comments"":""""}",survey-text,9,193574,0.0-9.0,,,comments,,,,,,,,23s8prxj9u
10,17464,,"{""age"":""34"",""gender"":""Male"",""native_language"":""English"",""education"":""Masters""}",survey-text,10,211039,0.0-10.0,,,demographics,,,,,,,,23s8prxj9u
0,3285,"<div class=""consent-text""> <h2>Consent Agreement</h2> <p> Please read this consent agreement carefully before deciding whether to participate in this experiment. </p> <p> <strong>Description:</strong> You are invited to participate in a research study about language and language learning. The purpose of the research is to understand how people learn new words. This research will be conducted through the Prolific platform, including participants from the US, UK, and Canada. If you decide to participate in this research, you will learn and use new words. </p> <p> <strong>Time Involvement:</strong> The task will last the amount of time advertised on Prolific. You are free to withdraw from the study at any time. </p> <p> <strong>Risks and Benefits:</strong> Study data will be stored securely, in compliance with Stanford University standards, minimizing the risk of confiden-tiality breach. This study advances our scientific understanding of how people learn new languages. We cannot and do not guarantee or promise that you will receive any benefits from this study. </p> <p> <strong>Compensation:</strong> You will receive payment in the amount advertised on Prolific. If you do not complete this study, you will receive prorated payment based on the time that you have spent. Additionally, you may be eligible for bonus payments as described in the instructions. </p> <p> <strong>Participant's Rights:</strong> If you have read this form and have decided to participate in this project, please understand your participation is voluntary and you have the right to withdraw your consent or discontinue participation at any time without penalty or loss of benefits to which you are otherwise entitled. The alternative is not to participate. You have the right to refuse to answer particular questions. The results of this research study may be presented at scientific or professional meetings or published in scientific journals. Your individual privacy will be maintained in all published and writ-ten data resulting from the study. In accordance with scientific norms, the data from this study may be used or shared with other researchers for future research (after removing personally identifying information) without additional consent from you. </p> <p> <strong>Contact Information:</strong> If you have any questions, concerns or complaints about this research, its procedures, risks and benefits, contact the Protocol Director, Robert Hawkins (<a href=""mailto:rdhawkins@stanford.edu"">rdhawkins@stanford.edu</a>, 217-549-6923). </p> <p> <strong>Independant Contact:</strong> If you are not satisfied with how this study is being conducted, or if you have any concerns, com-plaints, or general questions about the research or your rights as a participant, please contact the Stanford Institutional Review Board (IRB) to speak to someone independent of the research team at 650-723-2480 or toll free at 1-866-680-2906, or email at irbnonmed@stanford.edu. You can also write to the Stanford IRB, Stanford University, 1705 El Camino Real, Palo Alto, CA 94306. Please save or print a copy of this page for your records. </p> <p> <strong>If you agree to participate in this research, please click ""I agree""</strong> </p></br> </div>",0,html-button-response,0,3288,0.0-0.0,agree,2026-05-29T00:57:14.498Z,,,,,,,,,rl9urayrqm
1,15127,"
                <h2>Welcome!</h2>
                <p>You will be asked a few simple questions about the possible relationship
                between different things. The questions are unrelated to one another.</p>
                <p>For each question, you will read a statement and choose the most likely
                interpretation from the options presented.</p>
                <p>Please respond thoughtfully.</p>
            ",0,html-button-response,1,18416,0.0-1.0,,,,,,,,,,,rl9urayrqm
2,16397,"
        <p>Before we begin, here is a practice question to familiarize you with the format.</p>
        <p>Suppose you read the following piece of information:</p>
        <p class=""trial-statement"">&ldquo;While Maria was typing her report, the phone rang.&rdquo;</p>
        <p class=""trial-question"">Which of the following is most likely?</p>
    ",1,html-button-response,2,34814,0.0-2.0,,,practice,Maria began her report first,correct,,,,,,rl9urayrqm
3,26121,"
                    <p>Suppose you read the following piece of information:</p>
                    <p class=""trial-statement"">&ldquo;Turilin is associated with lower probability of Laurem&rdquo;</p>
                    <p class=""trial-question"">Which of the following is most likely?</p>
                ",2,html-button-response,3,60936,0.0-3.0,,,causal_judgment,Turilin causes a decrease in Laurem,xy,prob_lower,A,prob_lower_A,Turilin is associated with lower probability of Laurem,"neither,yx,xy",rl9urayrqm
4,12062,"
                    <p>Suppose you read the following piece of information:</p>
                    <p class=""trial-statement"">&ldquo;Efogen is associated with higher probability of Pneuben&rdquo;</p>
                    <p class=""trial-question"">Which of the following is most likely?</p>
                ",2,html-button-response,4,72999,0.0-4.0,,,causal_judgment,Efogen causes an increase in Pneuben,xy,prob_increase,B,prob_increase_B,Efogen is associated with higher probability of Pneuben,"neither,yx,xy",rl9urayrqm
5,30112,"
                    <p>Suppose you read the following piece of information:</p>
                    <p class=""trial-statement"">&ldquo;Agoriv is associated with a lower risk of Ceflar&rdquo;</p>
                    <p class=""trial-question"">Which of the following is most likely?</p>
                ",2,html-button-response,5,103112,0.0-5.0,,,causal_judgment,Agoriv causes a decrease in Ceflar,xy,risk_lower,A,risk_lower_A,Agoriv is associated with a lower risk of Ceflar,"neither,yx,xy",rl9urayrqm
6,28761,"
                    <p>Suppose you read the following piece of information:</p>
                    <p class=""trial-statement"">&ldquo;Rebosen is associated with a higher risk of Themaglin&rdquo;</p>
                    <p class=""trial-question"">Which of the following is most likely?</p>
                ",1,html-button-response,6,131874,0.0-6.0,,,causal_judgment,Themaglin causes an increase in Rebosen,yx,risk_increase,B,risk_increase_B,Rebosen is associated with a higher risk of Themaglin,"neither,yx,xy",rl9urayrqm
7,15259,"
                    <p>Suppose you read the following piece of information:</p>
                    <p class=""trial-statement"">&ldquo;Flembers is associated with Denoden&rdquo;</p>
                    <p class=""trial-question"">Which of the following is most likely?</p>
                ",1,html-button-response,7,147134,0.0-7.0,,,causal_judgment,Denoden causes Flembers,yx,assoc,B,assoc_B,Flembers is associated with Denoden,"neither,yx,xy",rl9urayrqm
8,8032,,"{""explain"":""Interpret the sentences.""}",survey-text,8,155172,0.0-8.0,,,screening,,,,,,,,rl9urayrqm
9,4305,,"{""comments"":""No""}",survey-text,9,159479,0.0-9.0,,,comments,,,,,,,,rl9urayrqm
10,10940,,"{""age"":""42"",""gender"":""female"",""native_language"":""English"",""education"":""BA""}",survey-text,10,170422,0.0-10.0,,,demographics,,,,,,,,rl9urayrqm
0,4095,"<div class=""consent-text""> <h2>Consent Agreement</h2> <p> Please read this consent agreement carefully before deciding whether to participate in this experiment. </p> <p> <strong>Description:</strong> You are invited to participate in a research study about language and language learning. The purpose of the research is to understand how people learn new words. This research will be conducted through the Prolific platform, including participants from the US, UK, and Canada. If you decide to participate in this research, you will learn and use new words. </p> <p> <strong>Time Involvement:</strong> The task will last the amount of time advertised on Prolific. You are free to withdraw from the study at any time. </p> <p> <strong>Risks and Benefits:</strong> Study data will be stored securely, in compliance with Stanford University standards, minimizing the risk of confiden-tiality breach. This study advances our scientific understanding of how people learn new languages. We cannot and do not guarantee or promise that you will receive any benefits from this study. </p> <p> <strong>Compensation:</strong> You will receive payment in the amount advertised on Prolific. If you do not complete this study, you will receive prorated payment based on the time that you have spent. Additionally, you may be eligible for bonus payments as described in the instructions. </p> <p> <strong>Participant's Rights:</strong> If you have read this form and have decided to participate in this project, please understand your participation is voluntary and you have the right to withdraw your consent or discontinue participation at any time without penalty or loss of benefits to which you are otherwise entitled. The alternative is not to participate. You have the right to refuse to answer particular questions. The results of this research study may be presented at scientific or professional meetings or published in scientific journals. Your individual privacy will be maintained in all published and writ-ten data resulting from the study. In accordance with scientific norms, the data from this study may be used or shared with other researchers for future research (after removing personally identifying information) without additional consent from you. </p> <p> <strong>Contact Information:</strong> If you have any questions, concerns or complaints about this research, its procedures, risks and benefits, contact the Protocol Director, Robert Hawkins (<a href=""mailto:rdhawkins@stanford.edu"">rdhawkins@stanford.edu</a>, 217-549-6923). </p> <p> <strong>Independant Contact:</strong> If you are not satisfied with how this study is being conducted, or if you have any concerns, com-plaints, or general questions about the research or your rights as a participant, please contact the Stanford Institutional Review Board (IRB) to speak to someone independent of the research team at 650-723-2480 or toll free at 1-866-680-2906, or email at irbnonmed@stanford.edu. You can also write to the Stanford IRB, Stanford University, 1705 El Camino Real, Palo Alto, CA 94306. Please save or print a copy of this page for your records. </p> <p> <strong>If you agree to participate in this research, please click ""I agree""</strong> </p></br> </div>",0,html-button-response,0,4099,0.0-0.0,agree,2026-05-29T00:45:06.654Z,,,,,,,,,d2uj9jgxjn
1,5696,"
                <h2>Welcome!</h2>
                <p>You will be asked a few simple questions about the possible relationship
                between different things. The questions are unrelated to one another.</p>
                <p>For each question, you will read a statement and choose the most likely
                interpretation from the options presented.</p>
                <p>Please respond thoughtfully.</p>
            ",0,html-button-response,1,9797,0.0-1.0,,,,,,,,,,,d2uj9jgxjn
2,6349,"
        <p>Before we begin, here is a practice question to familiarize you with the format.</p>
        <p>Suppose you read the following piece of information:</p>
        <p class=""trial-statement"">&ldquo;While Maria was typing her report, the phone rang.&rdquo;</p>
        <p class=""trial-question"">Which of the following is most likely?</p>
    ",1,html-button-response,2,16147,0.0-2.0,,,practice,Maria began her report first,correct,,,,,,d2uj9jgxjn
3,11368,"
                    <p>Suppose you read the following piece of information:</p>
                    <p class=""trial-statement"">&ldquo;Denoden is associated with Flembers&rdquo;</p>
                    <p class=""trial-question"">Which of the following is most likely?</p>
                ",0,html-button-response,3,27515,0.0-3.0,,,causal_judgment,"A third factor is causally related to Denoden and Flembers, they are not directly related",neither,assoc,A,assoc_A,Denoden is associated with Flembers,"neither,xy,yx",d2uj9jgxjn
4,26886,"
                    <p>Suppose you read the following piece of information:</p>
                    <p class=""trial-statement"">&ldquo;Ceflar is associated with a lower risk of Agoriv&rdquo;</p>
                    <p class=""trial-question"">Which of the following is most likely?</p>
                ",1,html-button-response,4,54402,0.0-4.0,,,causal_judgment,Ceflar causes a decrease in Agoriv,xy,risk_lower,B,risk_lower_B,Ceflar is associated with a lower risk of Agoriv,"neither,xy,yx",d2uj9jgxjn
5,19188,"
                    <p>Suppose you read the following piece of information:</p>
                    <p class=""trial-statement"">&ldquo;Rebosen is associated with a higher risk of Themaglin&rdquo;</p>
                    <p class=""trial-question"">Which of the following is most likely?</p>
                ",1,html-button-response,5,73591,0.0-5.0,,,causal_judgment,Rebosen causes an increase in Themaglin,xy,risk_increase,B,risk_increase_B,Rebosen is associated with a higher risk of Themaglin,"neither,xy,yx",d2uj9jgxjn
6,28836,"
                    <p>Suppose you read the following piece of information:</p>
                    <p class=""trial-statement"">&ldquo;Laurem is associated with lower probability of Turilin&rdquo;</p>
                    <p class=""trial-question"">Which of the following is most likely?</p>
                ",1,html-button-response,6,102427,0.0-6.0,,,causal_judgment,Laurem causes a decrease in Turilin,xy,prob_lower,B,prob_lower_B,Laurem is associated with lower probability of Turilin,"neither,xy,yx",d2uj9jgxjn
7,8361,"
                    <p>Suppose you read the following piece of information:</p>
                    <p class=""trial-statement"">&ldquo;Pneuben is associated with higher probability of Efogen&rdquo;</p>
                    <p class=""trial-question"">Which of the following is most likely?</p>
                ",1,html-button-response,7,110789,0.0-7.0,,,causal_judgment,Pneuben causes an increase in Efogen,xy,prob_increase,A,prob_increase_A,Pneuben is associated with higher probability of Efogen,"neither,xy,yx",d2uj9jgxjn
8,20948,,"{""explain"":""Choose which option made the most sense given the information. ""}",survey-text,8,131744,0.0-8.0,,,screening,,,,,,,,d2uj9jgxjn
9,1490,,"{""comments"":""""}",survey-text,9,133236,0.0-9.0,,,comments,,,,,,,,d2uj9jgxjn
10,6304,,"{""age"":"""",""gender"":"""",""native_language"":"""",""education"":""""}",survey-text,10,139543,0.0-10.0,,,demographics,,,,,,,,d2uj9jgxjn
0,3234,"<div class=""consent-text""> <h2>Consent Agreement</h2> <p> Please read this consent agreement carefully before deciding whether to participate in this experiment. </p> <p> <strong>Description:</strong> You are invited to participate in a research study about language and language learning. The purpose of the research is to understand how people learn new words. This research will be conducted through the Prolific platform, including participants from the US, UK, and Canada. If you decide to participate in this research, you will learn and use new words. </p> <p> <strong>Time Involvement:</strong> The task will last the amount of time advertised on Prolific. You are free to withdraw from the study at any time. </p> <p> <strong>Risks and Benefits:</strong> Study data will be stored securely, in compliance with Stanford University standards, minimizing the risk of confiden-tiality breach. This study advances our scientific understanding of how people learn new languages. We cannot and do not guarantee or promise that you will receive any benefits from this study. </p> <p> <strong>Compensation:</strong> You will receive payment in the amount advertised on Prolific. If you do not complete this study, you will receive prorated payment based on the time that you have spent. Additionally, you may be eligible for bonus payments as described in the instructions. </p> <p> <strong>Participant's Rights:</strong> If you have read this form and have decided to participate in this project, please understand your participation is voluntary and you have the right to withdraw your consent or discontinue participation at any time without penalty or loss of benefits to which you are otherwise entitled. The alternative is not to participate. You have the right to refuse to answer particular questions. The results of this research study may be presented at scientific or professional meetings or published in scientific journals. Your individual privacy will be maintained in all published and writ-ten data resulting from the study. In accordance with scientific norms, the data from this study may be used or shared with other researchers for future research (after removing personally identifying information) without additional consent from you. </p> <p> <strong>Contact Information:</strong> If you have any questions, concerns or complaints about this research, its procedures, risks and benefits, contact the Protocol Director, Robert Hawkins (<a href=""mailto:rdhawkins@stanford.edu"">rdhawkins@stanford.edu</a>, 217-549-6923). </p> <p> <strong>Independant Contact:</strong> If you are not satisfied with how this study is being conducted, or if you have any concerns, com-plaints, or general questions about the research or your rights as a participant, please contact the Stanford Institutional Review Board (IRB) to speak to someone independent of the research team at 650-723-2480 or toll free at 1-866-680-2906, or email at irbnonmed@stanford.edu. You can also write to the Stanford IRB, Stanford University, 1705 El Camino Real, Palo Alto, CA 94306. Please save or print a copy of this page for your records. </p> <p> <strong>If you agree to participate in this research, please click ""I agree""</strong> </p></br> </div>",0,html-button-response,0,3238,0.0-0.0,agree,2026-05-29T00:45:09.914Z,,,,,,,,,g6ak7yw778
1,2296,"
                <h2>Welcome!</h2>
                <p>You will be asked a few simple questions about the possible relationship
                between different things. The questions are unrelated to one another.</p>
                <p>For each question, you will read a statement and choose the most likely
                interpretation from the options presented.</p>
                <p>Please respond thoughtfully.</p>
            ",0,html-button-response,1,5539,0.0-1.0,,,,,,,,,,,g6ak7yw778
2,9339,"
        <p>Before we begin, here is a practice question to familiarize you with the format.</p>
        <p>Suppose you read the following piece of information:</p>
        <p class=""trial-statement"">&ldquo;While Maria was typing her report, the phone rang.&rdquo;</p>
        <p class=""trial-question"">Which of the following is most likely?</p>
    ",1,html-button-response,2,14881,0.0-2.0,,,practice,Maria began her report first,correct,,,,,,g6ak7yw778
3,20713,"
                    <p>Suppose you read the following piece of information:</p>
                    <p class=""trial-statement"">&ldquo;Laurem is associated with lower probability of Turilin&rdquo;</p>
                    <p class=""trial-question"">Which of the following is most likely?</p>
                ",0,html-button-response,3,35597,0.0-3.0,,,causal_judgment,Laurem causes a decrease in Turilin,xy,prob_lower,B,prob_lower_B,Laurem is associated with lower probability of Turilin,"xy,neither,yx",g6ak7yw778
4,22528,"
                    <p>Suppose you read the following piece of information:</p>
                    <p class=""trial-statement"">&ldquo;Denoden is associated with Flembers&rdquo;</p>
                    <p class=""trial-question"">Which of the following is most likely?</p>
                ",2,html-button-response,4,58129,0.0-4.0,,,causal_judgment,Flembers causes Denoden,yx,assoc,A,assoc_A,Denoden is associated with Flembers,"xy,neither,yx",g6ak7yw778
5,19556,"
                    <p>Suppose you read the following piece of information:</p>
                    <p class=""trial-statement"">&ldquo;Rebosen is associated with a higher risk of Themaglin&rdquo;</p>
                    <p class=""trial-question"">Which of the following is most likely?</p>
                ",0,html-button-response,5,77688,0.0-5.0,,,causal_judgment,Rebosen causes an increase in Themaglin,xy,risk_increase,B,risk_increase_B,Rebosen is associated with a higher risk of Themaglin,"xy,neither,yx",g6ak7yw778
6,10000,"
                    <p>Suppose you read the following piece of information:</p>
                    <p class=""trial-statement"">&ldquo;Pneuben is associated with higher probability of Efogen&rdquo;</p>
                    <p class=""trial-question"">Which of the following is most likely?</p>
                ",0,html-button-response,6,87691,0.0-6.0,,,causal_judgment,Pneuben causes an increase in Efogen,xy,prob_increase,A,prob_increase_A,Pneuben is associated with higher probability of Efogen,"xy,neither,yx",g6ak7yw778
7,6306,"
                    <p>Suppose you read the following piece of information:</p>
                    <p class=""trial-statement"">&ldquo;Agoriv is associated with a lower risk of Ceflar&rdquo;</p>
                    <p class=""trial-question"">Which of the following is most likely?</p>
                ",0,html-button-response,7,94001,0.0-7.0,,,causal_judgment,Agoriv causes a decrease in Ceflar,xy,risk_lower,A,risk_lower_A,Agoriv is associated with a lower risk of Ceflar,"xy,neither,yx",g6ak7yw778
8,23383,,"{""explain"":""To select the choice that I interpreted the meaning of the sentence.""}",survey-text,8,117399,0.0-8.0,,,screening,,,,,,,,g6ak7yw778
9,1924,,"{""comments"":""""}",survey-text,9,119334,0.0-9.0,,,comments,,,,,,,,g6ak7yw778
10,11065,,"{""age"":""42"",""gender"":""Male"",""native_language"":""English"",""education"":""Masters""}",survey-text,10,130409,0.0-10.0,,,demographics,,,,,,,,g6ak7yw778
0,11368,"<div class=""consent-text""> <h2>Consent Agreement</h2> <p> Please read this consent agreement carefully before deciding whether to participate in this experiment. </p> <p> <strong>Description:</strong> You are invited to participate in a research study about language and language learning. The purpose of the research is to understand how people learn new words. This research will be conducted through the Prolific platform, including participants from the US, UK, and Canada. If you decide to participate in this research, you will learn and use new words. </p> <p> <strong>Time Involvement:</strong> The task will last the amount of time advertised on Prolific. You are free to withdraw from the study at any time. </p> <p> <strong>Risks and Benefits:</strong> Study data will be stored securely, in compliance with Stanford University standards, minimizing the risk of confiden-tiality breach. This study advances our scientific understanding of how people learn new languages. We cannot and do not guarantee or promise that you will receive any benefits from this study. </p> <p> <strong>Compensation:</strong> You will receive payment in the amount advertised on Prolific. If you do not complete this study, you will receive prorated payment based on the time that you have spent. Additionally, you may be eligible for bonus payments as described in the instructions. </p> <p> <strong>Participant's Rights:</strong> If you have read this form and have decided to participate in this project, please understand your participation is voluntary and you have the right to withdraw your consent or discontinue participation at any time without penalty or loss of benefits to which you are otherwise entitled. The alternative is not to participate. You have the right to refuse to answer particular questions. The results of this research study may be presented at scientific or professional meetings or published in scientific journals. Your individual privacy will be maintained in all published and writ-ten data resulting from the study. In accordance with scientific norms, the data from this study may be used or shared with other researchers for future research (after removing personally identifying information) without additional consent from you. </p> <p> <strong>Contact Information:</strong> If you have any questions, concerns or complaints about this research, its procedures, risks and benefits, contact the Protocol Director, Robert Hawkins (<a href=""mailto:rdhawkins@stanford.edu"">rdhawkins@stanford.edu</a>, 217-549-6923). </p> <p> <strong>Independant Contact:</strong> If you are not satisfied with how this study is being conducted, or if you have any concerns, com-plaints, or general questions about the research or your rights as a participant, please contact the Stanford Institutional Review Board (IRB) to speak to someone independent of the research team at 650-723-2480 or toll free at 1-866-680-2906, or email at irbnonmed@stanford.edu. You can also write to the Stanford IRB, Stanford University, 1705 El Camino Real, Palo Alto, CA 94306. Please save or print a copy of this page for your records. </p> <p> <strong>If you agree to participate in this research, please click ""I agree""</strong> </p></br> </div>",0,html-button-response,0,11370,0.0-0.0,agree,2026-05-29T00:45:12.847Z,,,,,,,,,0os0ulgts1
1,6710,"
                <h2>Welcome!</h2>
                <p>You will be asked a few simple questions about the possible relationship
                between different things. The questions are unrelated to one another.</p>
                <p>For each question, you will read a statement and choose the most likely
                interpretation from the options presented.</p>
                <p>Please respond thoughtfully.</p>
            ",0,html-button-response,1,18082,0.0-1.0,,,,,,,,,,,0os0ulgts1
2,15813,"
        <p>Before we begin, here is a practice question to familiarize you with the format.</p>
        <p>Suppose you read the following piece of information:</p>
        <p class=""trial-statement"">&ldquo;While Maria was typing her report, the phone rang.&rdquo;</p>
        <p class=""trial-question"">Which of the following is most likely?</p>
    ",0,html-button-response,2,33897,0.0-2.0,,,practice,Maria began her report first,correct,,,,,,0os0ulgts1
3,39633,"
                    <p>Suppose you read the following piece of information:</p>
                    <p class=""trial-statement"">&ldquo;Themaglin is associated with a higher risk of Rebosen&rdquo;</p>
                    <p class=""trial-question"">Which of the following is most likely?</p>
                ",2,html-button-response,3,73532,0.0-3.0,,,causal_judgment,Themaglin causes an increase in Rebosen,xy,risk_increase,A,risk_increase_A,Themaglin is associated with a higher risk of Rebosen,"yx,neither,xy",0os0ulgts1
4,9215,"
                    <p>Suppose you read the following piece of information:</p>
                    <p class=""trial-statement"">&ldquo;Agoriv is associated with a lower risk of Ceflar&rdquo;</p>
                    <p class=""trial-question"">Which of the following is most likely?</p>
                ",2,html-button-response,4,82748,0.0-4.0,,,causal_judgment,Agoriv causes a decrease in Ceflar,xy,risk_lower,A,risk_lower_A,Agoriv is associated with a lower risk of Ceflar,"yx,neither,xy",0os0ulgts1
5,14222,"
                    <p>Suppose you read the following piece of information:</p>
                    <p class=""trial-statement"">&ldquo;Turilin is associated with lower probability of Laurem&rdquo;</p>
                    <p class=""trial-question"">Which of the following is most likely?</p>
                ",1,html-button-response,5,96972,0.0-5.0,,,causal_judgment,"A third factor is causally related to Turilin and Laurem, they are not directly related",neither,prob_lower,A,prob_lower_A,Turilin is associated with lower probability of Laurem,"yx,neither,xy",0os0ulgts1
6,10706,"
                    <p>Suppose you read the following piece of information:</p>
                    <p class=""trial-statement"">&ldquo;Efogen is associated with higher probability of Pneuben&rdquo;</p>
                    <p class=""trial-question"">Which of the following is most likely?</p>
                ",1,html-button-response,6,107680,0.0-6.0,,,causal_judgment,"A third factor is causally related to Efogen and Pneuben, they are not directly related",neither,prob_increase,B,prob_increase_B,Efogen is associated with higher probability of Pneuben,"yx,neither,xy",0os0ulgts1
7,8876,"
                    <p>Suppose you read the following piece of information:</p>
                    <p class=""trial-statement"">&ldquo;Flembers is associated with Denoden&rdquo;</p>
                    <p class=""trial-question"">Which of the following is most likely?</p>
                ",2,html-button-response,7,116557,0.0-7.0,,,causal_judgment,Flembers causes Denoden,xy,assoc,B,assoc_B,Flembers is associated with Denoden,"yx,neither,xy",0os0ulgts1
8,36405,,"{""explain"":""I was asked how nonsense words were associated to each other.""}",survey-text,8,152971,0.0-8.0,,,screening,,,,,,,,0os0ulgts1
9,38742,,"{""comments"":""The statistics student in me would want to say that none of them are known to be causally related, only correlated.""}",survey-text,9,191716,0.0-9.0,,,comments,,,,,,,,0os0ulgts1
10,12803,,"{""age"":""27"",""gender"":""Male"",""native_language"":""English"",""education"":""Master of Arts""}",survey-text,10,204523,0.0-10.0,,,demographics,,,,,,,,0os0ulgts1
0,25163,"<div class=""consent-text""> <h2>Consent Agreement</h2> <p> Please read this consent agreement carefully before deciding whether to participate in this experiment. </p> <p> <strong>Description:</strong> You are invited to participate in a research study about language and language learning. The purpose of the research is to understand how people learn new words. This research will be conducted through the Prolific platform, including participants from the US, UK, and Canada. If you decide to participate in this research, you will learn and use new words. </p> <p> <strong>Time Involvement:</strong> The task will last the amount of time advertised on Prolific. You are free to withdraw from the study at any time. </p> <p> <strong>Risks and Benefits:</strong> Study data will be stored securely, in compliance with Stanford University standards, minimizing the risk of confiden-tiality breach. This study advances our scientific understanding of how people learn new languages. We cannot and do not guarantee or promise that you will receive any benefits from this study. </p> <p> <strong>Compensation:</strong> You will receive payment in the amount advertised on Prolific. If you do not complete this study, you will receive prorated payment based on the time that you have spent. Additionally, you may be eligible for bonus payments as described in the instructions. </p> <p> <strong>Participant's Rights:</strong> If you have read this form and have decided to participate in this project, please understand your participation is voluntary and you have the right to withdraw your consent or discontinue participation at any time without penalty or loss of benefits to which you are otherwise entitled. The alternative is not to participate. You have the right to refuse to answer particular questions. The results of this research study may be presented at scientific or professional meetings or published in scientific journals. Your individual privacy will be maintained in all published and writ-ten data resulting from the study. In accordance with scientific norms, the data from this study may be used or shared with other researchers for future research (after removing personally identifying information) without additional consent from you. </p> <p> <strong>Contact Information:</strong> If you have any questions, concerns or complaints about this research, its procedures, risks and benefits, contact the Protocol Director, Robert Hawkins (<a href=""mailto:rdhawkins@stanford.edu"">rdhawkins@stanford.edu</a>, 217-549-6923). </p> <p> <strong>Independant Contact:</strong> If you are not satisfied with how this study is being conducted, or if you have any concerns, com-plaints, or general questions about the research or your rights as a participant, please contact the Stanford Institutional Review Board (IRB) to speak to someone independent of the research team at 650-723-2480 or toll free at 1-866-680-2906, or email at irbnonmed@stanford.edu. You can also write to the Stanford IRB, Stanford University, 1705 El Camino Real, Palo Alto, CA 94306. Please save or print a copy of this page for your records. </p> <p> <strong>If you agree to participate in this research, please click ""I agree""</strong> </p></br> </div>",0,html-button-response,0,25170,0.0-0.0,agree,2026-05-29T00:47:19.785Z,,,,,,,,,1va618sb11
1,63230,"
                <h2>Welcome!</h2>
                <p>You will be asked a few simple questions about the possible relationship
                between different things. The questions are unrelated to one another.</p>
                <p>For each question, you will read a statement and choose the most likely
                interpretation from the options presented.</p>
                <p>Please respond thoughtfully.</p>
            ",0,html-button-response,1,88406,0.0-1.0,,,,,,,,,,,1va618sb11
2,138197,"
        <p>Before we begin, here is a practice question to familiarize you with the format.</p>
        <p>Suppose you read the following piece of information:</p>
        <p class=""trial-statement"">&ldquo;While Maria was typing her report, the phone rang.&rdquo;</p>
        <p class=""trial-question"">Which of the following is most likely?</p>
    ",0,html-button-response,2,227191,0.0-2.0,,,practice,Maria began her report first,correct,,,,,,1va618sb11
3,26854,"
                    <p>Suppose you read the following piece of information:</p>
                    <p class=""trial-statement"">&ldquo;Flembers is associated with Denoden&rdquo;</p>
                    <p class=""trial-question"">Which of the following is most likely?</p>
                ",2,html-button-response,3,254048,0.0-3.0,,,causal_judgment,"A third factor is causally related to Flembers and Denoden, they are not directly related",neither,assoc,B,assoc_B,Flembers is associated with Denoden,"xy,yx,neither",1va618sb11
4,57563,"
                    <p>Suppose you read the following piece of information:</p>
                    <p class=""trial-statement"">&ldquo;Themaglin is associated with a higher risk of Rebosen&rdquo;</p>
                    <p class=""trial-question"">Which of the following is most likely?</p>
                ",2,html-button-response,4,311613,0.0-4.0,,,causal_judgment,"A third factor is causally related to Themaglin and Rebosen, they are not directly related",neither,risk_increase,A,risk_increase_A,Themaglin is associated with a higher risk of Rebosen,"xy,yx,neither",1va618sb11
5,56862,"
                    <p>Suppose you read the following piece of information:</p>
                    <p class=""trial-statement"">&ldquo;Agoriv is associated with a lower risk of Ceflar&rdquo;</p>
                    <p class=""trial-question"">Which of the following is most likely?</p>
                ",1,html-button-response,5,368477,0.0-5.0,,,causal_judgment,Ceflar causes a decrease in Agoriv,yx,risk_lower,A,risk_lower_A,Agoriv is associated with a lower risk of Ceflar,"xy,yx,neither",1va618sb11
6,87252,"
                    <p>Suppose you read the following piece of information:</p>
                    <p class=""trial-statement"">&ldquo;Laurem is associated with lower probability of Turilin&rdquo;</p>
                    <p class=""trial-question"">Which of the following is most likely?</p>
                ",2,html-button-response,6,455731,0.0-6.0,,,causal_judgment,"A third factor is causally related to Laurem and Turilin, they are not directly related",neither,prob_lower,B,prob_lower_B,Laurem is associated with lower probability of Turilin,"xy,yx,neither",1va618sb11
7,76451,"
                    <p>Suppose you read the following piece of information:</p>
                    <p class=""trial-statement"">&ldquo;Efogen is associated with higher probability of Pneuben&rdquo;</p>
                    <p class=""trial-question"">Which of the following is most likely?</p>
                ",2,html-button-response,7,532185,0.0-7.0,,,causal_judgment,"A third factor is causally related to Efogen and Pneuben, they are not directly related",neither,prob_increase,B,prob_increase_B,Efogen is associated with higher probability of Pneuben,"xy,yx,neither",1va618sb11
8,24464,,"{""explain"":""Selection the answer the best explains the relation""}",survey-text,8,556665,0.0-8.0,,,screening,,,,,,,,1va618sb11
9,3628,,"{""comments"":""No""}",survey-text,9,560297,0.0-9.0,,,comments,,,,,,,,1va618sb11
10,32777,,"{""age"":""35"",""gender"":""Female"",""native_language"":""English"",""education"":""High School Graduate""}",survey-text,10,593079,0.0-10.0,,,demographics,,,,,,,,1va618sb11
0,2607,"<div class=""consent-text""> <h2>Consent Agreement</h2> <p> Please read this consent agreement carefully before deciding whether to participate in this experiment. </p> <p> <strong>Description:</strong> You are invited to participate in a research study about language and language learning. The purpose of the research is to understand how people learn new words. This research will be conducted through the Prolific platform, including participants from the US, UK, and Canada. If you decide to participate in this research, you will learn and use new words. </p> <p> <strong>Time Involvement:</strong> The task will last the amount of time advertised on Prolific. You are free to withdraw from the study at any time. </p> <p> <strong>Risks and Benefits:</strong> Study data will be stored securely, in compliance with Stanford University standards, minimizing the risk of confiden-tiality breach. This study advances our scientific understanding of how people learn new languages. We cannot and do not guarantee or promise that you will receive any benefits from this study. </p> <p> <strong>Compensation:</strong> You will receive payment in the amount advertised on Prolific. If you do not complete this study, you will receive prorated payment based on the time that you have spent. Additionally, you may be eligible for bonus payments as described in the instructions. </p> <p> <strong>Participant's Rights:</strong> If you have read this form and have decided to participate in this project, please understand your participation is voluntary and you have the right to withdraw your consent or discontinue participation at any time without penalty or loss of benefits to which you are otherwise entitled. The alternative is not to participate. You have the right to refuse to answer particular questions. The results of this research study may be presented at scientific or professional meetings or published in scientific journals. Your individual privacy will be maintained in all published and writ-ten data resulting from the study. In accordance with scientific norms, the data from this study may be used or shared with other researchers for future research (after removing personally identifying information) without additional consent from you. </p> <p> <strong>Contact Information:</strong> If you have any questions, concerns or complaints about this research, its procedures, risks and benefits, contact the Protocol Director, Robert Hawkins (<a href=""mailto:rdhawkins@stanford.edu"">rdhawkins@stanford.edu</a>, 217-549-6923). </p> <p> <strong>Independant Contact:</strong> If you are not satisfied with how this study is being conducted, or if you have any concerns, com-plaints, or general questions about the research or your rights as a participant, please contact the Stanford Institutional Review Board (IRB) to speak to someone independent of the research team at 650-723-2480 or toll free at 1-866-680-2906, or email at irbnonmed@stanford.edu. You can also write to the Stanford IRB, Stanford University, 1705 El Camino Real, Palo Alto, CA 94306. Please save or print a copy of this page for your records. </p> <p> <strong>If you agree to participate in this research, please click ""I agree""</strong> </p></br> </div>",0,html-button-response,0,2608,0.0-0.0,agree,2026-05-29T00:45:05.593Z,,,,,,,,,26bubuy7dm
1,3708,"
                <h2>Welcome!</h2>
                <p>You will be asked a few simple questions about the possible relationship
                between different things. The questions are unrelated to one another.</p>
                <p>For each question, you will read a statement and choose the most likely
                interpretation from the options presented.</p>
                <p>Please respond thoughtfully.</p>
            ",0,html-button-response,1,6317,0.0-1.0,,,,,,,,,,,26bubuy7dm
2,12341,"
        <p>Before we begin, here is a practice question to familiarize you with the format.</p>
        <p>Suppose you read the following piece of information:</p>
        <p class=""trial-statement"">&ldquo;While Maria was typing her report, the phone rang.&rdquo;</p>
        <p class=""trial-question"">Which of the following is most likely?</p>
    ",0,html-button-response,2,18660,0.0-2.0,,,practice,Maria began her report first,correct,,,,,,26bubuy7dm
3,26939,"
                    <p>Suppose you read the following piece of information:</p>
                    <p class=""trial-statement"">&ldquo;Ceflar is associated with a lower risk of Agoriv&rdquo;</p>
                    <p class=""trial-question"">Which of the following is most likely?</p>
                ",2,html-button-response,3,45600,0.0-3.0,,,causal_judgment,Ceflar causes a decrease in Agoriv,xy,risk_lower,B,risk_lower_B,Ceflar is associated with a lower risk of Agoriv,"yx,neither,xy",26bubuy7dm
4,23935,"
                    <p>Suppose you read the following piece of information:</p>
                    <p class=""trial-statement"">&ldquo;Denoden is associated with Flembers&rdquo;</p>
                    <p class=""trial-question"">Which of the following is most likely?</p>
                ",1,html-button-response,4,69537,0.0-4.0,,,causal_judgment,"A third factor is causally related to Denoden and Flembers, they are not directly related",neither,assoc,A,assoc_A,Denoden is associated with Flembers,"yx,neither,xy",26bubuy7dm
5,12168,"
                    <p>Suppose you read the following piece of information:</p>
                    <p class=""trial-statement"">&ldquo;Laurem is associated with lower probability of Turilin&rdquo;</p>
                    <p class=""trial-question"">Which of the following is most likely?</p>
                ",1,html-button-response,5,81706,0.0-5.0,,,causal_judgment,"A third factor is causally related to Laurem and Turilin, they are not directly related",neither,prob_lower,B,prob_lower_B,Laurem is associated with lower probability of Turilin,"yx,neither,xy",26bubuy7dm
6,14248,"
                    <p>Suppose you read the following piece of information:</p>
                    <p class=""trial-statement"">&ldquo;Themaglin is associated with a higher risk of Rebosen&rdquo;</p>
                    <p class=""trial-question"">Which of the following is most likely?</p>
                ",1,html-button-response,6,95955,0.0-6.0,,,causal_judgment,"A third factor is causally related to Themaglin and Rebosen, they are not directly related",neither,risk_increase,A,risk_increase_A,Themaglin is associated with a higher risk of Rebosen,"yx,neither,xy",26bubuy7dm
7,10273,"
                    <p>Suppose you read the following piece of information:</p>
                    <p class=""trial-statement"">&ldquo;Efogen is associated with higher probability of Pneuben&rdquo;</p>
                    <p class=""trial-question"">Which of the following is most likely?</p>
                ",1,html-button-response,7,106229,0.0-7.0,,,causal_judgment,"A third factor is causally related to Efogen and Pneuben, they are not directly related",neither,prob_increase,B,prob_increase_B,Efogen is associated with higher probability of Pneuben,"yx,neither,xy",26bubuy7dm
8,21818,,"{""explain"":""Interpret the meaning of sentences ""}",survey-text,8,128051,0.0-8.0,,,screening,,,,,,,,26bubuy7dm
9,7695,,"{""comments"":""Interesting ""}",survey-text,9,135747,0.0-9.0,,,comments,,,,,,,,26bubuy7dm
10,24072,,"{""age"":""50"",""gender"":""Female"",""native_language"":""English"",""education"":""Bachelor degree""}",survey-text,10,159823,0.0-10.0,,,demographics,,,,,,,,26bubuy7dm
0,48905,"<div class=""consent-text""> <h2>Consent Agreement</h2> <p> Please read this consent agreement carefully before deciding whether to participate in this experiment. </p> <p> <strong>Description:</strong> You are invited to participate in a research study about language and language learning. The purpose of the research is to understand how people learn new words. This research will be conducted through the Prolific platform, including participants from the US, UK, and Canada. If you decide to participate in this research, you will learn and use new words. </p> <p> <strong>Time Involvement:</strong> The task will last the amount of time advertised on Prolific. You are free to withdraw from the study at any time. </p> <p> <strong>Risks and Benefits:</strong> Study data will be stored securely, in compliance with Stanford University standards, minimizing the risk of confiden-tiality breach. This study advances our scientific understanding of how people learn new languages. We cannot and do not guarantee or promise that you will receive any benefits from this study. </p> <p> <strong>Compensation:</strong> You will receive payment in the amount advertised on Prolific. If you do not complete this study, you will receive prorated payment based on the time that you have spent. Additionally, you may be eligible for bonus payments as described in the instructions. </p> <p> <strong>Participant's Rights:</strong> If you have read this form and have decided to participate in this project, please understand your participation is voluntary and you have the right to withdraw your consent or discontinue participation at any time without penalty or loss of benefits to which you are otherwise entitled. The alternative is not to participate. You have the right to refuse to answer particular questions. The results of this research study may be presented at scientific or professional meetings or published in scientific journals. Your individual privacy will be maintained in all published and writ-ten data resulting from the study. In accordance with scientific norms, the data from this study may be used or shared with other researchers for future research (after removing personally identifying information) without additional consent from you. </p> <p> <strong>Contact Information:</strong> If you have any questions, concerns or complaints about this research, its procedures, risks and benefits, contact the Protocol Director, Robert Hawkins (<a href=""mailto:rdhawkins@stanford.edu"">rdhawkins@stanford.edu</a>, 217-549-6923). </p> <p> <strong>Independant Contact:</strong> If you are not satisfied with how this study is being conducted, or if you have any concerns, com-plaints, or general questions about the research or your rights as a participant, please contact the Stanford Institutional Review Board (IRB) to speak to someone independent of the research team at 650-723-2480 or toll free at 1-866-680-2906, or email at irbnonmed@stanford.edu. You can also write to the Stanford IRB, Stanford University, 1705 El Camino Real, Palo Alto, CA 94306. Please save or print a copy of this page for your records. </p> <p> <strong>If you agree to participate in this research, please click ""I agree""</strong> </p></br> </div>",0,html-button-response,0,48907,0.0-0.0,agree,2026-05-29T00:46:00.389Z,,,,,,,,,t3za9yhr8s
1,2369,"
                <h2>Welcome!</h2>
                <p>You will be asked a few simple questions about the possible relationship
                between different things. The questions are unrelated to one another.</p>
                <p>For each question, you will read a statement and choose the most likely
                interpretation from the options presented.</p>
                <p>Please respond thoughtfully.</p>
            ",0,html-button-response,1,51277,0.0-1.0,,,,,,,,,,,t3za9yhr8s
2,9232,"
        <p>Before we begin, here is a practice question to familiarize you with the format.</p>
        <p>Suppose you read the following piece of information:</p>
        <p class=""trial-statement"">&ldquo;While Maria was typing her report, the phone rang.&rdquo;</p>
        <p class=""trial-question"">Which of the following is most likely?</p>
    ",0,html-button-response,2,60510,0.0-2.0,,,practice,Maria began her report first,correct,,,,,,t3za9yhr8s
3,18926,"
                    <p>Suppose you read the following piece of information:</p>
                    <p class=""trial-statement"">&ldquo;Rebosen is associated with a higher risk of Themaglin&rdquo;</p>
                    <p class=""trial-question"">Which of the following is most likely?</p>
                ",0,html-button-response,3,79437,0.0-3.0,,,causal_judgment,Rebosen causes an increase in Themaglin,xy,risk_increase,B,risk_increase_B,Rebosen is associated with a higher risk of Themaglin,"xy,yx,neither",t3za9yhr8s
4,10196,"
                    <p>Suppose you read the following piece of information:</p>
                    <p class=""trial-statement"">&ldquo;Ceflar is associated with a lower risk of Agoriv&rdquo;</p>
                    <p class=""trial-question"">Which of the following is most likely?</p>
                ",0,html-button-response,4,89637,0.0-4.0,,,causal_judgment,Ceflar causes a decrease in Agoriv,xy,risk_lower,B,risk_lower_B,Ceflar is associated with a lower risk of Agoriv,"xy,yx,neither",t3za9yhr8s
5,6877,"
                    <p>Suppose you read the following piece of information:</p>
                    <p class=""trial-statement"">&ldquo;Laurem is associated with lower probability of Turilin&rdquo;</p>
                    <p class=""trial-question"">Which of the following is most likely?</p>
                ",0,html-button-response,5,96517,0.0-5.0,,,causal_judgment,Laurem causes a decrease in Turilin,xy,prob_lower,B,prob_lower_B,Laurem is associated with lower probability of Turilin,"xy,yx,neither",t3za9yhr8s
6,6624,"
                    <p>Suppose you read the following piece of information:</p>
                    <p class=""trial-statement"">&ldquo;Pneuben is associated with higher probability of Efogen&rdquo;</p>
                    <p class=""trial-question"">Which of the following is most likely?</p>
                ",0,html-button-response,6,103142,0.0-6.0,,,causal_judgment,Pneuben causes an increase in Efogen,xy,prob_increase,A,prob_increase_A,Pneuben is associated with higher probability of Efogen,"xy,yx,neither",t3za9yhr8s
7,9453,"
                    <p>Suppose you read the following piece of information:</p>
                    <p class=""trial-statement"">&ldquo;Denoden is associated with Flembers&rdquo;</p>
                    <p class=""trial-question"">Which of the following is most likely?</p>
                ",2,html-button-response,7,112596,0.0-7.0,,,causal_judgment,"A third factor is causally related to Denoden and Flembers, they are not directly related",neither,assoc,A,assoc_A,Denoden is associated with Flembers,"xy,yx,neither",t3za9yhr8s
8,35302,,"{""explain"":""I was asked to determine if something caused something else based on corollary statements. ""}",survey-text,8,147935,0.0-8.0,,,screening,,,,,,,,t3za9yhr8s
9,2336,,"{""comments"":""""}",survey-text,9,150281,0.0-9.0,,,comments,,,,,,,,t3za9yhr8s
10,15596,,"{""age"":""45"",""gender"":""female"",""native_language"":""english"",""education"":""Bachelors degree""}",survey-text,10,165880,0.0-10.0,,,demographics,,,,,,,,t3za9yhr8s
0,28173,"<div class=""consent-text""> <h2>Consent Agreement</h2> <p> Please read this consent agreement carefully before deciding whether to participate in this experiment. </p> <p> <strong>Description:</strong> You are invited to participate in a research study about language and language learning. The purpose of the research is to understand how people learn new words. This research will be conducted through the Prolific platform, including participants from the US, UK, and Canada. If you decide to participate in this research, you will learn and use new words. </p> <p> <strong>Time Involvement:</strong> The task will last the amount of time advertised on Prolific. You are free to withdraw from the study at any time. </p> <p> <strong>Risks and Benefits:</strong> Study data will be stored securely, in compliance with Stanford University standards, minimizing the risk of confiden-tiality breach. This study advances our scientific understanding of how people learn new languages. We cannot and do not guarantee or promise that you will receive any benefits from this study. </p> <p> <strong>Compensation:</strong> You will receive payment in the amount advertised on Prolific. If you do not complete this study, you will receive prorated payment based on the time that you have spent. Additionally, you may be eligible for bonus payments as described in the instructions. </p> <p> <strong>Participant's Rights:</strong> If you have read this form and have decided to participate in this project, please understand your participation is voluntary and you have the right to withdraw your consent or discontinue participation at any time without penalty or loss of benefits to which you are otherwise entitled. The alternative is not to participate. You have the right to refuse to answer particular questions. The results of this research study may be presented at scientific or professional meetings or published in scientific journals. Your individual privacy will be maintained in all published and writ-ten data resulting from the study. In accordance with scientific norms, the data from this study may be used or shared with other researchers for future research (after removing personally identifying information) without additional consent from you. </p> <p> <strong>Contact Information:</strong> If you have any questions, concerns or complaints about this research, its procedures, risks and benefits, contact the Protocol Director, Robert Hawkins (<a href=""mailto:rdhawkins@stanford.edu"">rdhawkins@stanford.edu</a>, 217-549-6923). </p> <p> <strong>Independant Contact:</strong> If you are not satisfied with how this study is being conducted, or if you have any concerns, com-plaints, or general questions about the research or your rights as a participant, please contact the Stanford Institutional Review Board (IRB) to speak to someone independent of the research team at 650-723-2480 or toll free at 1-866-680-2906, or email at irbnonmed@stanford.edu. You can also write to the Stanford IRB, Stanford University, 1705 El Camino Real, Palo Alto, CA 94306. Please save or print a copy of this page for your records. </p> <p> <strong>If you agree to participate in this research, please click ""I agree""</strong> </p></br> </div>",0,html-button-response,0,28175,0.0-0.0,agree,2026-05-29T01:05:12.946Z,,,,,,,,,1lc0n5g2zd
1,23320,"
                <h2>Welcome!</h2>
                <p>You will be asked a few simple questions about the possible relationship
                between different things. The questions are unrelated to one another.</p>
                <p>For each question, you will read a statement and choose the most likely
                interpretation from the options presented.</p>
                <p>Please respond thoughtfully.</p>
            ",0,html-button-response,1,51497,0.0-1.0,,,,,,,,,,,1lc0n5g2zd
2,16700,"
        <p>Before we begin, here is a practice question to familiarize you with the format.</p>
        <p>Suppose you read the following piece of information:</p>
        <p class=""trial-statement"">&ldquo;While Maria was typing her report, the phone rang.&rdquo;</p>
        <p class=""trial-question"">Which of the following is most likely?</p>
    ",0,html-button-response,2,68197,0.0-2.0,,,practice,Maria began her report first,correct,,,,,,1lc0n5g2zd
3,58463,"
                    <p>Suppose you read the following piece of information:</p>
                    <p class=""trial-statement"">&ldquo;Flembers is associated with Denoden&rdquo;</p>
                    <p class=""trial-question"">Which of the following is most likely?</p>
                ",2,html-button-response,3,126661,0.0-3.0,,,causal_judgment,Flembers causes Denoden,xy,assoc,B,assoc_B,Flembers is associated with Denoden,"yx,neither,xy",1lc0n5g2zd
4,8110,"
                    <p>Suppose you read the following piece of information:</p>
                    <p class=""trial-statement"">&ldquo;Turilin is associated with lower probability of Laurem&rdquo;</p>
                    <p class=""trial-question"">Which of the following is most likely?</p>
                ",2,html-button-response,4,134772,0.0-4.0,,,causal_judgment,Turilin causes a decrease in Laurem,xy,prob_lower,A,prob_lower_A,Turilin is associated with lower probability of Laurem,"yx,neither,xy",1lc0n5g2zd
5,10365,"
                    <p>Suppose you read the following piece of information:</p>
                    <p class=""trial-statement"">&ldquo;Agoriv is associated with a lower risk of Ceflar&rdquo;</p>
                    <p class=""trial-question"">Which of the following is most likely?</p>
                ",2,html-button-response,5,145138,0.0-5.0,,,causal_judgment,Agoriv causes a decrease in Ceflar,xy,risk_lower,A,risk_lower_A,Agoriv is associated with a lower risk of Ceflar,"yx,neither,xy",1lc0n5g2zd
6,9015,"
                    <p>Suppose you read the following piece of information:</p>
                    <p class=""trial-statement"">&ldquo;Rebosen is associated with a higher risk of Themaglin&rdquo;</p>
                    <p class=""trial-question"">Which of the following is most likely?</p>
                ",2,html-button-response,6,154153,0.0-6.0,,,causal_judgment,Rebosen causes an increase in Themaglin,xy,risk_increase,B,risk_increase_B,Rebosen is associated with a higher risk of Themaglin,"yx,neither,xy",1lc0n5g2zd
7,6316,"
                    <p>Suppose you read the following piece of information:</p>
                    <p class=""trial-statement"">&ldquo;Efogen is associated with higher probability of Pneuben&rdquo;</p>
                    <p class=""trial-question"">Which of the following is most likely?</p>
                ",2,html-button-response,7,160470,0.0-7.0,,,causal_judgment,Efogen causes an increase in Pneuben,xy,prob_increase,B,prob_increase_B,Efogen is associated with higher probability of Pneuben,"yx,neither,xy",1lc0n5g2zd
8,37925,,"{""explain"":""Read a statement and choose the likely interpretation or meaning""}",survey-text,8,198400,0.0-8.0,,,screening,,,,,,,,1lc0n5g2zd
9,2711,,"{""comments"":""""}",survey-text,9,201114,0.0-9.0,,,comments,,,,,,,,1lc0n5g2zd
10,13525,,"{""age"":""39"",""gender"":""M"",""native_language"":""English"",""education"":""MSc""}",survey-text,10,214641,0.0-10.0,,,demographics,,,,,,,,1lc0n5g2zd
0,4734,"<div class=""consent-text""> <h2>Consent Agreement</h2> <p> Please read this consent agreement carefully before deciding whether to participate in this experiment. </p> <p> <strong>Description:</strong> You are invited to participate in a research study about language and language learning. The purpose of the research is to understand how people learn new words. This research will be conducted through the Prolific platform, including participants from the US, UK, and Canada. If you decide to participate in this research, you will learn and use new words. </p> <p> <strong>Time Involvement:</strong> The task will last the amount of time advertised on Prolific. You are free to withdraw from the study at any time. </p> <p> <strong>Risks and Benefits:</strong> Study data will be stored securely, in compliance with Stanford University standards, minimizing the risk of confiden-tiality breach. This study advances our scientific understanding of how people learn new languages. We cannot and do not guarantee or promise that you will receive any benefits from this study. </p> <p> <strong>Compensation:</strong> You will receive payment in the amount advertised on Prolific. If you do not complete this study, you will receive prorated payment based on the time that you have spent. Additionally, you may be eligible for bonus payments as described in the instructions. </p> <p> <strong>Participant's Rights:</strong> If you have read this form and have decided to participate in this project, please understand your participation is voluntary and you have the right to withdraw your consent or discontinue participation at any time without penalty or loss of benefits to which you are otherwise entitled. The alternative is not to participate. You have the right to refuse to answer particular questions. The results of this research study may be presented at scientific or professional meetings or published in scientific journals. Your individual privacy will be maintained in all published and writ-ten data resulting from the study. In accordance with scientific norms, the data from this study may be used or shared with other researchers for future research (after removing personally identifying information) without additional consent from you. </p> <p> <strong>Contact Information:</strong> If you have any questions, concerns or complaints about this research, its procedures, risks and benefits, contact the Protocol Director, Robert Hawkins (<a href=""mailto:rdhawkins@stanford.edu"">rdhawkins@stanford.edu</a>, 217-549-6923). </p> <p> <strong>Independant Contact:</strong> If you are not satisfied with how this study is being conducted, or if you have any concerns, com-plaints, or general questions about the research or your rights as a participant, please contact the Stanford Institutional Review Board (IRB) to speak to someone independent of the research team at 650-723-2480 or toll free at 1-866-680-2906, or email at irbnonmed@stanford.edu. You can also write to the Stanford IRB, Stanford University, 1705 El Camino Real, Palo Alto, CA 94306. Please save or print a copy of this page for your records. </p> <p> <strong>If you agree to participate in this research, please click ""I agree""</strong> </p></br> </div>",0,html-button-response,0,4736,0.0-0.0,agree,2026-05-29T00:47:08.132Z,,,,,,,,,kvg1rxagyn
1,8510,"
                <h2>Welcome!</h2>
                <p>You will be asked a few simple questions about the possible relationship
                between different things. The questions are unrelated to one another.</p>
                <p>For each question, you will read a statement and choose the most likely
                interpretation from the options presented.</p>
                <p>Please respond thoughtfully.</p>
            ",0,html-button-response,1,13247,0.0-1.0,,,,,,,,,,,kvg1rxagyn
2,7135,"
        <p>Before we begin, here is a practice question to familiarize you with the format.</p>
        <p>Suppose you read the following piece of information:</p>
        <p class=""trial-statement"">&ldquo;While Maria was typing her report, the phone rang.&rdquo;</p>
        <p class=""trial-question"">Which of the following is most likely?</p>
    ",1,html-button-response,2,20383,0.0-2.0,,,practice,Maria began her report first,correct,,,,,,kvg1rxagyn
3,10327,"
                    <p>Suppose you read the following piece of information:</p>
                    <p class=""trial-statement"">&ldquo;Turilin is associated with lower probability of Laurem&rdquo;</p>
                    <p class=""trial-question"">Which of the following is most likely?</p>
                ",1,html-button-response,3,30711,0.0-3.0,,,causal_judgment,Laurem causes a decrease in Turilin,yx,prob_lower,A,prob_lower_A,Turilin is associated with lower probability of Laurem,"neither,yx,xy",kvg1rxagyn
4,4719,"
                    <p>Suppose you read the following piece of information:</p>
                    <p class=""trial-statement"">&ldquo;Pneuben is associated with higher probability of Efogen&rdquo;</p>
                    <p class=""trial-question"">Which of the following is most likely?</p>
                ",1,html-button-response,4,35431,0.0-4.0,,,causal_judgment,Efogen causes an increase in Pneuben,yx,prob_increase,A,prob_increase_A,Pneuben is associated with higher probability of Efogen,"neither,yx,xy",kvg1rxagyn
5,8855,"
                    <p>Suppose you read the following piece of information:</p>
                    <p class=""trial-statement"">&ldquo;Flembers is associated with Denoden&rdquo;</p>
                    <p class=""trial-question"">Which of the following is most likely?</p>
                ",1,html-button-response,5,44287,0.0-5.0,,,causal_judgment,Denoden causes Flembers,yx,assoc,B,assoc_B,Flembers is associated with Denoden,"neither,yx,xy",kvg1rxagyn
6,1935,"
                    <p>Suppose you read the following piece of information:</p>
                    <p class=""trial-statement"">&ldquo;Rebosen is associated with a higher risk of Themaglin&rdquo;</p>
                    <p class=""trial-question"">Which of the following is most likely?</p>
                ",1,html-button-response,6,46223,0.0-6.0,,,causal_judgment,Themaglin causes an increase in Rebosen,yx,risk_increase,B,risk_increase_B,Rebosen is associated with a higher risk of Themaglin,"neither,yx,xy",kvg1rxagyn
7,11255,"
                    <p>Suppose you read the following piece of information:</p>
                    <p class=""trial-statement"">&ldquo;Ceflar is associated with a lower risk of Agoriv&rdquo;</p>
                    <p class=""trial-question"">Which of the following is most likely?</p>
                ",0,html-button-response,7,57479,0.0-7.0,,,causal_judgment,"A third factor is causally related to Ceflar and Agoriv, they are not directly related",neither,risk_lower,B,risk_lower_B,Ceflar is associated with a lower risk of Agoriv,"neither,yx,xy",kvg1rxagyn
8,30156,,"{""explain"":""interpret associations in a given statement""}",survey-text,8,87639,0.0-8.0,,,screening,,,,,,,,kvg1rxagyn
9,4766,,"{""comments"":""n/a""}",survey-text,9,92407,0.0-9.0,,,comments,,,,,,,,kvg1rxagyn
10,21919,,"{""age"":""55"",""gender"":""female"",""native_language"":""English"",""education"":""""}",survey-text,10,114327,0.0-10.0,,,demographics,,,,,,,,kvg1rxagyn
0,2402,"<div class=""consent-text""> <h2>Consent Agreement</h2> <p> Please read this consent agreement carefully before deciding whether to participate in this experiment. </p> <p> <strong>Description:</strong> You are invited to participate in a research study about language and language learning. The purpose of the research is to understand how people learn new words. This research will be conducted through the Prolific platform, including participants from the US, UK, and Canada. If you decide to participate in this research, you will learn and use new words. </p> <p> <strong>Time Involvement:</strong> The task will last the amount of time advertised on Prolific. You are free to withdraw from the study at any time. </p> <p> <strong>Risks and Benefits:</strong> Study data will be stored securely, in compliance with Stanford University standards, minimizing the risk of confiden-tiality breach. This study advances our scientific understanding of how people learn new languages. We cannot and do not guarantee or promise that you will receive any benefits from this study. </p> <p> <strong>Compensation:</strong> You will receive payment in the amount advertised on Prolific. If you do not complete this study, you will receive prorated payment based on the time that you have spent. Additionally, you may be eligible for bonus payments as described in the instructions. </p> <p> <strong>Participant's Rights:</strong> If you have read this form and have decided to participate in this project, please understand your participation is voluntary and you have the right to withdraw your consent or discontinue participation at any time without penalty or loss of benefits to which you are otherwise entitled. The alternative is not to participate. You have the right to refuse to answer particular questions. The results of this research study may be presented at scientific or professional meetings or published in scientific journals. Your individual privacy will be maintained in all published and writ-ten data resulting from the study. In accordance with scientific norms, the data from this study may be used or shared with other researchers for future research (after removing personally identifying information) without additional consent from you. </p> <p> <strong>Contact Information:</strong> If you have any questions, concerns or complaints about this research, its procedures, risks and benefits, contact the Protocol Director, Robert Hawkins (<a href=""mailto:rdhawkins@stanford.edu"">rdhawkins@stanford.edu</a>, 217-549-6923). </p> <p> <strong>Independant Contact:</strong> If you are not satisfied with how this study is being conducted, or if you have any concerns, com-plaints, or general questions about the research or your rights as a participant, please contact the Stanford Institutional Review Board (IRB) to speak to someone independent of the research team at 650-723-2480 or toll free at 1-866-680-2906, or email at irbnonmed@stanford.edu. You can also write to the Stanford IRB, Stanford University, 1705 El Camino Real, Palo Alto, CA 94306. Please save or print a copy of this page for your records. </p> <p> <strong>If you agree to participate in this research, please click ""I agree""</strong> </p></br> </div>",0,html-button-response,0,2404,0.0-0.0,agree,2026-05-29T00:48:17.327Z,,,,,,,,,ug665ekl79
1,7470,"
                <h2>Welcome!</h2>
                <p>You will be asked a few simple questions about the possible relationship
                between different things. The questions are unrelated to one another.</p>
                <p>For each question, you will read a statement and choose the most likely
                interpretation from the options presented.</p>
                <p>Please respond thoughtfully.</p>
            ",0,html-button-response,1,9876,0.0-1.0,,,,,,,,,,,ug665ekl79
2,25138,"
        <p>Before we begin, here is a practice question to familiarize you with the format.</p>
        <p>Suppose you read the following piece of information:</p>
        <p class=""trial-statement"">&ldquo;While Maria was typing her report, the phone rang.&rdquo;</p>
        <p class=""trial-question"">Which of the following is most likely?</p>
    ",0,html-button-response,2,35015,0.0-2.0,,,practice,Maria began her report first,correct,,,,,,ug665ekl79
3,14211,"
                    <p>Suppose you read the following piece of information:</p>
                    <p class=""trial-statement"">&ldquo;Efogen is associated with higher probability of Pneuben&rdquo;</p>
                    <p class=""trial-question"">Which of the following is most likely?</p>
                ",1,html-button-response,3,49227,0.0-3.0,,,causal_judgment,Efogen causes an increase in Pneuben,xy,prob_increase,B,prob_increase_B,Efogen is associated with higher probability of Pneuben,"neither,xy,yx",ug665ekl79
4,12336,"
                    <p>Suppose you read the following piece of information:</p>
                    <p class=""trial-statement"">&ldquo;Laurem is associated with lower probability of Turilin&rdquo;</p>
                    <p class=""trial-question"">Which of the following is most likely?</p>
                ",1,html-button-response,4,61564,0.0-4.0,,,causal_judgment,Laurem causes a decrease in Turilin,xy,prob_lower,B,prob_lower_B,Laurem is associated with lower probability of Turilin,"neither,xy,yx",ug665ekl79
5,11473,"
                    <p>Suppose you read the following piece of information:</p>
                    <p class=""trial-statement"">&ldquo;Agoriv is associated with a lower risk of Ceflar&rdquo;</p>
                    <p class=""trial-question"">Which of the following is most likely?</p>
                ",1,html-button-response,5,73038,0.0-5.0,,,causal_judgment,Agoriv causes a decrease in Ceflar,xy,risk_lower,A,risk_lower_A,Agoriv is associated with a lower risk of Ceflar,"neither,xy,yx",ug665ekl79
6,30050,"
                    <p>Suppose you read the following piece of information:</p>
                    <p class=""trial-statement"">&ldquo;Flembers is associated with Denoden&rdquo;</p>
                    <p class=""trial-question"">Which of the following is most likely?</p>
                ",1,html-button-response,6,103088,0.0-6.0,,,causal_judgment,Flembers causes Denoden,xy,assoc,B,assoc_B,Flembers is associated with Denoden,"neither,xy,yx",ug665ekl79
7,10156,"
                    <p>Suppose you read the following piece of information:</p>
                    <p class=""trial-statement"">&ldquo;Themaglin is associated with a higher risk of Rebosen&rdquo;</p>
                    <p class=""trial-question"">Which of the following is most likely?</p>
                ",1,html-button-response,7,113245,0.0-7.0,,,causal_judgment,Themaglin causes an increase in Rebosen,xy,risk_increase,A,risk_increase_A,Themaglin is associated with a higher risk of Rebosen,"neither,xy,yx",ug665ekl79
8,22299,,"{""explain"":""Choose how the words in the sentence were associated ""}",survey-text,8,135547,0.0-8.0,,,screening,,,,,,,,ug665ekl79
9,3021,,"{""comments"":""No""}",survey-text,9,138570,0.0-9.0,,,comments,,,,,,,,ug665ekl79
10,15757,,"{""age"":""50"",""gender"":""Male"",""native_language"":""English"",""education"":""""}",survey-text,10,154329,0.0-10.0,,,demographics,,,,,,,,ug665ekl79
0,2404,"<div class=""consent-text""> <h2>Consent Agreement</h2> <p> Please read this consent agreement carefully before deciding whether to participate in this experiment. </p> <p> <strong>Description:</strong> You are invited to participate in a research study about language and language learning. The purpose of the research is to understand how people learn new words. This research will be conducted through the Prolific platform, including participants from the US, UK, and Canada. If you decide to participate in this research, you will learn and use new words. </p> <p> <strong>Time Involvement:</strong> The task will last the amount of time advertised on Prolific. You are free to withdraw from the study at any time. </p> <p> <strong>Risks and Benefits:</strong> Study data will be stored securely, in compliance with Stanford University standards, minimizing the risk of confiden-tiality breach. This study advances our scientific understanding of how people learn new languages. We cannot and do not guarantee or promise that you will receive any benefits from this study. </p> <p> <strong>Compensation:</strong> You will receive payment in the amount advertised on Prolific. If you do not complete this study, you will receive prorated payment based on the time that you have spent. Additionally, you may be eligible for bonus payments as described in the instructions. </p> <p> <strong>Participant's Rights:</strong> If you have read this form and have decided to participate in this project, please understand your participation is voluntary and you have the right to withdraw your consent or discontinue participation at any time without penalty or loss of benefits to which you are otherwise entitled. The alternative is not to participate. You have the right to refuse to answer particular questions. The results of this research study may be presented at scientific or professional meetings or published in scientific journals. Your individual privacy will be maintained in all published and writ-ten data resulting from the study. In accordance with scientific norms, the data from this study may be used or shared with other researchers for future research (after removing personally identifying information) without additional consent from you. </p> <p> <strong>Contact Information:</strong> If you have any questions, concerns or complaints about this research, its procedures, risks and benefits, contact the Protocol Director, Robert Hawkins (<a href=""mailto:rdhawkins@stanford.edu"">rdhawkins@stanford.edu</a>, 217-549-6923). </p> <p> <strong>Independant Contact:</strong> If you are not satisfied with how this study is being conducted, or if you have any concerns, com-plaints, or general questions about the research or your rights as a participant, please contact the Stanford Institutional Review Board (IRB) to speak to someone independent of the research team at 650-723-2480 or toll free at 1-866-680-2906, or email at irbnonmed@stanford.edu. You can also write to the Stanford IRB, Stanford University, 1705 El Camino Real, Palo Alto, CA 94306. Please save or print a copy of this page for your records. </p> <p> <strong>If you agree to participate in this research, please click ""I agree""</strong> </p></br> </div>",0,html-button-response,0,2408,0.0-0.0,agree,2026-05-29T00:45:06.809Z,,,,,,,,,j6oz32f1k5
1,17705,"
                <h2>Welcome!</h2>
                <p>You will be asked a few simple questions about the possible relationship
                between different things. The questions are unrelated to one another.</p>
                <p>For each question, you will read a statement and choose the most likely
                interpretation from the options presented.</p>
                <p>Please respond thoughtfully.</p>
            ",0,html-button-response,1,20114,0.0-1.0,,,,,,,,,,,j6oz32f1k5
2,6952,"
        <p>Before we begin, here is a practice question to familiarize you with the format.</p>
        <p>Suppose you read the following piece of information:</p>
        <p class=""trial-statement"">&ldquo;While Maria was typing her report, the phone rang.&rdquo;</p>
        <p class=""trial-question"">Which of the following is most likely?</p>
    ",0,html-button-response,2,27067,0.0-2.0,,,practice,Maria began her report first,correct,,,,,,j6oz32f1k5
3,12621,"
                    <p>Suppose you read the following piece of information:</p>
                    <p class=""trial-statement"">&ldquo;Laurem is associated with lower probability of Turilin&rdquo;</p>
                    <p class=""trial-question"">Which of the following is most likely?</p>
                ",0,html-button-response,3,39689,0.0-3.0,,,causal_judgment,Laurem causes a decrease in Turilin,xy,prob_lower,B,prob_lower_B,Laurem is associated with lower probability of Turilin,"xy,yx,neither",j6oz32f1k5
4,7967,"
                    <p>Suppose you read the following piece of information:</p>
                    <p class=""trial-statement"">&ldquo;Themaglin is associated with a higher risk of Rebosen&rdquo;</p>
                    <p class=""trial-question"">Which of the following is most likely?</p>
                ",0,html-button-response,4,47657,0.0-4.0,,,causal_judgment,Themaglin causes an increase in Rebosen,xy,risk_increase,A,risk_increase_A,Themaglin is associated with a higher risk of Rebosen,"xy,yx,neither",j6oz32f1k5
5,6229,"
                    <p>Suppose you read the following piece of information:</p>
                    <p class=""trial-statement"">&ldquo;Flembers is associated with Denoden&rdquo;</p>
                    <p class=""trial-question"">Which of the following is most likely?</p>
                ",0,html-button-response,5,53887,0.0-5.0,,,causal_judgment,Flembers causes Denoden,xy,assoc,B,assoc_B,Flembers is associated with Denoden,"xy,yx,neither",j6oz32f1k5
6,10347,"
                    <p>Suppose you read the following piece of information:</p>
                    <p class=""trial-statement"">&ldquo;Pneuben is associated with higher probability of Efogen&rdquo;</p>
                    <p class=""trial-question"">Which of the following is most likely?</p>
                ",0,html-button-response,6,64235,0.0-6.0,,,causal_judgment,Pneuben causes an increase in Efogen,xy,prob_increase,A,prob_increase_A,Pneuben is associated with higher probability of Efogen,"xy,yx,neither",j6oz32f1k5
7,9837,"
                    <p>Suppose you read the following piece of information:</p>
                    <p class=""trial-statement"">&ldquo;Agoriv is associated with a lower risk of Ceflar&rdquo;</p>
                    <p class=""trial-question"">Which of the following is most likely?</p>
                ",1,html-button-response,7,74073,0.0-7.0,,,causal_judgment,Ceflar causes a decrease in Agoriv,yx,risk_lower,A,risk_lower_A,Agoriv is associated with a lower risk of Ceflar,"xy,yx,neither",j6oz32f1k5
8,35108,,"{""explain"":""Think about implications and conclusions from limited evidence, solely based on the way things were phrased. ""}",survey-text,8,109185,0.0-8.0,,,screening,,,,,,,,j6oz32f1k5
9,2455,,"{""comments"":""""}",survey-text,9,111642,0.0-9.0,,,comments,,,,,,,,j6oz32f1k5
10,7853,,"{""age"":""41"",""gender"":""Male"",""native_language"":""English"",""education"":""Associate's Degree""}",survey-text,10,119497,0.0-10.0,,,demographics,,,,,,,,j6oz32f1k5
0,4001,"<div class=""consent-text""> <h2>Consent Agreement</h2> <p> Please read this consent agreement carefully before deciding whether to participate in this experiment. </p> <p> <strong>Description:</strong> You are invited to participate in a research study about language and language learning. The purpose of the research is to understand how people learn new words. This research will be conducted through the Prolific platform, including participants from the US, UK, and Canada. If you decide to participate in this research, you will learn and use new words. </p> <p> <strong>Time Involvement:</strong> The task will last the amount of time advertised on Prolific. You are free to withdraw from the study at any time. </p> <p> <strong>Risks and Benefits:</strong> Study data will be stored securely, in compliance with Stanford University standards, minimizing the risk of confiden-tiality breach. This study advances our scientific understanding of how people learn new languages. We cannot and do not guarantee or promise that you will receive any benefits from this study. </p> <p> <strong>Compensation:</strong> You will receive payment in the amount advertised on Prolific. If you do not complete this study, you will receive prorated payment based on the time that you have spent. Additionally, you may be eligible for bonus payments as described in the instructions. </p> <p> <strong>Participant's Rights:</strong> If you have read this form and have decided to participate in this project, please understand your participation is voluntary and you have the right to withdraw your consent or discontinue participation at any time without penalty or loss of benefits to which you are otherwise entitled. The alternative is not to participate. You have the right to refuse to answer particular questions. The results of this research study may be presented at scientific or professional meetings or published in scientific journals. Your individual privacy will be maintained in all published and writ-ten data resulting from the study. In accordance with scientific norms, the data from this study may be used or shared with other researchers for future research (after removing personally identifying information) without additional consent from you. </p> <p> <strong>Contact Information:</strong> If you have any questions, concerns or complaints about this research, its procedures, risks and benefits, contact the Protocol Director, Robert Hawkins (<a href=""mailto:rdhawkins@stanford.edu"">rdhawkins@stanford.edu</a>, 217-549-6923). </p> <p> <strong>Independant Contact:</strong> If you are not satisfied with how this study is being conducted, or if you have any concerns, com-plaints, or general questions about the research or your rights as a participant, please contact the Stanford Institutional Review Board (IRB) to speak to someone independent of the research team at 650-723-2480 or toll free at 1-866-680-2906, or email at irbnonmed@stanford.edu. You can also write to the Stanford IRB, Stanford University, 1705 El Camino Real, Palo Alto, CA 94306. Please save or print a copy of this page for your records. </p> <p> <strong>If you agree to participate in this research, please click ""I agree""</strong> </p></br> </div>",0,html-button-response,0,4007,0.0-0.0,agree,2026-05-29T00:45:08.251Z,,,,,,,,,297xr6ob7c
1,10578,"
                <h2>Welcome!</h2>
                <p>You will be asked a few simple questions about the possible relationship
                between different things. The questions are unrelated to one another.</p>
                <p>For each question, you will read a statement and choose the most likely
                interpretation from the options presented.</p>
                <p>Please respond thoughtfully.</p>
            ",0,html-button-response,1,14588,0.0-1.0,,,,,,,,,,,297xr6ob7c
2,10550,"
        <p>Before we begin, here is a practice question to familiarize you with the format.</p>
        <p>Suppose you read the following piece of information:</p>
        <p class=""trial-statement"">&ldquo;While Maria was typing her report, the phone rang.&rdquo;</p>
        <p class=""trial-question"">Which of the following is most likely?</p>
    ",1,html-button-response,2,25140,0.0-2.0,,,practice,Maria began her report first,correct,,,,,,297xr6ob7c
3,28649,"
                    <p>Suppose you read the following piece of information:</p>
                    <p class=""trial-statement"">&ldquo;Flembers is associated with Denoden&rdquo;</p>
                    <p class=""trial-question"">Which of the following is most likely?</p>
                ",1,html-button-response,3,53791,0.0-3.0,,,causal_judgment,"A third factor is causally related to Flembers and Denoden, they are not directly related",neither,assoc,B,assoc_B,Flembers is associated with Denoden,"yx,neither,xy",297xr6ob7c
4,13281,"
                    <p>Suppose you read the following piece of information:</p>
                    <p class=""trial-statement"">&ldquo;Efogen is associated with higher probability of Pneuben&rdquo;</p>
                    <p class=""trial-question"">Which of the following is most likely?</p>
                ",2,html-button-response,4,67074,0.0-4.0,,,causal_judgment,Efogen causes an increase in Pneuben,xy,prob_increase,B,prob_increase_B,Efogen is associated with higher probability of Pneuben,"yx,neither,xy",297xr6ob7c
5,12334,"
                    <p>Suppose you read the following piece of information:</p>
                    <p class=""trial-statement"">&ldquo;Agoriv is associated with a lower risk of Ceflar&rdquo;</p>
                    <p class=""trial-question"">Which of the following is most likely?</p>
                ",2,html-button-response,5,79410,0.0-5.0,,,causal_judgment,Agoriv causes a decrease in Ceflar,xy,risk_lower,A,risk_lower_A,Agoriv is associated with a lower risk of Ceflar,"yx,neither,xy",297xr6ob7c
6,8349,"
                    <p>Suppose you read the following piece of information:</p>
                    <p class=""trial-statement"">&ldquo;Rebosen is associated with a higher risk of Themaglin&rdquo;</p>
                    <p class=""trial-question"">Which of the following is most likely?</p>
                ",2,html-button-response,6,87761,0.0-6.0,,,causal_judgment,Rebosen causes an increase in Themaglin,xy,risk_increase,B,risk_increase_B,Rebosen is associated with a higher risk of Themaglin,"yx,neither,xy",297xr6ob7c
7,14249,"
                    <p>Suppose you read the following piece of information:</p>
                    <p class=""trial-statement"">&ldquo;Turilin is associated with lower probability of Laurem&rdquo;</p>
                    <p class=""trial-question"">Which of the following is most likely?</p>
                ",2,html-button-response,7,102012,0.0-7.0,,,causal_judgment,Turilin causes a decrease in Laurem,xy,prob_lower,A,prob_lower_A,Turilin is associated with lower probability of Laurem,"yx,neither,xy",297xr6ob7c
8,88365,,"{""explain"":""Infer a causal link between two phenomena or between the two phenomena and some third phenomenon, selecting whichever seemed more likely.""}",survey-text,8,190396,0.0-8.0,,,screening,,,,,,,,297xr6ob7c
9,2439,,"{""comments"":""""}",survey-text,9,192839,0.0-9.0,,,comments,,,,,,,,297xr6ob7c
10,14181,,"{""age"":""27"",""gender"":""Male"",""native_language"":""English"",""education"":""BA""}",survey-text,10,207024,0.0-10.0,,,demographics,,,,,,,,297xr6ob7c
0,2191,"<div class=""consent-text""> <h2>Consent Agreement</h2> <p> Please read this consent agreement carefully before deciding whether to participate in this experiment. </p> <p> <strong>Description:</strong> You are invited to participate in a research study about language and language learning. The purpose of the research is to understand how people learn new words. This research will be conducted through the Prolific platform, including participants from the US, UK, and Canada. If you decide to participate in this research, you will learn and use new words. </p> <p> <strong>Time Involvement:</strong> The task will last the amount of time advertised on Prolific. You are free to withdraw from the study at any time. </p> <p> <strong>Risks and Benefits:</strong> Study data will be stored securely, in compliance with Stanford University standards, minimizing the risk of confiden-tiality breach. This study advances our scientific understanding of how people learn new languages. We cannot and do not guarantee or promise that you will receive any benefits from this study. </p> <p> <strong>Compensation:</strong> You will receive payment in the amount advertised on Prolific. If you do not complete this study, you will receive prorated payment based on the time that you have spent. Additionally, you may be eligible for bonus payments as described in the instructions. </p> <p> <strong>Participant's Rights:</strong> If you have read this form and have decided to participate in this project, please understand your participation is voluntary and you have the right to withdraw your consent or discontinue participation at any time without penalty or loss of benefits to which you are otherwise entitled. The alternative is not to participate. You have the right to refuse to answer particular questions. The results of this research study may be presented at scientific or professional meetings or published in scientific journals. Your individual privacy will be maintained in all published and writ-ten data resulting from the study. In accordance with scientific norms, the data from this study may be used or shared with other researchers for future research (after removing personally identifying information) without additional consent from you. </p> <p> <strong>Contact Information:</strong> If you have any questions, concerns or complaints about this research, its procedures, risks and benefits, contact the Protocol Director, Robert Hawkins (<a href=""mailto:rdhawkins@stanford.edu"">rdhawkins@stanford.edu</a>, 217-549-6923). </p> <p> <strong>Independant Contact:</strong> If you are not satisfied with how this study is being conducted, or if you have any concerns, com-plaints, or general questions about the research or your rights as a participant, please contact the Stanford Institutional Review Board (IRB) to speak to someone independent of the research team at 650-723-2480 or toll free at 1-866-680-2906, or email at irbnonmed@stanford.edu. You can also write to the Stanford IRB, Stanford University, 1705 El Camino Real, Palo Alto, CA 94306. Please save or print a copy of this page for your records. </p> <p> <strong>If you agree to participate in this research, please click ""I agree""</strong> </p></br> </div>",0,html-button-response,0,2193,0.0-0.0,agree,2026-05-29T00:45:58.641Z,,,,,,,,,r7qeyrbvas
1,8926,"
                <h2>Welcome!</h2>
                <p>You will be asked a few simple questions about the possible relationship
                between different things. The questions are unrelated to one another.</p>
                <p>For each question, you will read a statement and choose the most likely
                interpretation from the options presented.</p>
                <p>Please respond thoughtfully.</p>
            ",0,html-button-response,1,11119,0.0-1.0,,,,,,,,,,,r7qeyrbvas
2,12889,"
        <p>Before we begin, here is a practice question to familiarize you with the format.</p>
        <p>Suppose you read the following piece of information:</p>
        <p class=""trial-statement"">&ldquo;While Maria was typing her report, the phone rang.&rdquo;</p>
        <p class=""trial-question"">Which of the following is most likely?</p>
    ",1,html-button-response,2,24009,0.0-2.0,,,practice,Maria began her report first,correct,,,,,,r7qeyrbvas
3,26073,"
                    <p>Suppose you read the following piece of information:</p>
                    <p class=""trial-statement"">&ldquo;Efogen is associated with higher probability of Pneuben&rdquo;</p>
                    <p class=""trial-question"">Which of the following is most likely?</p>
                ",0,html-button-response,3,50083,0.0-3.0,,,causal_judgment,Efogen causes an increase in Pneuben,xy,prob_increase,B,prob_increase_B,Efogen is associated with higher probability of Pneuben,"xy,yx,neither",r7qeyrbvas
4,33691,"
                    <p>Suppose you read the following piece of information:</p>
                    <p class=""trial-statement"">&ldquo;Flembers is associated with Denoden&rdquo;</p>
                    <p class=""trial-question"">Which of the following is most likely?</p>
                ",2,html-button-response,4,83775,0.0-4.0,,,causal_judgment,"A third factor is causally related to Flembers and Denoden, they are not directly related",neither,assoc,B,assoc_B,Flembers is associated with Denoden,"xy,yx,neither",r7qeyrbvas
5,8450,"
                    <p>Suppose you read the following piece of information:</p>
                    <p class=""trial-statement"">&ldquo;Turilin is associated with lower probability of Laurem&rdquo;</p>
                    <p class=""trial-question"">Which of the following is most likely?</p>
                ",0,html-button-response,5,92226,0.0-5.0,,,causal_judgment,Turilin causes a decrease in Laurem,xy,prob_lower,A,prob_lower_A,Turilin is associated with lower probability of Laurem,"xy,yx,neither",r7qeyrbvas
6,15450,"
                    <p>Suppose you read the following piece of information:</p>
                    <p class=""trial-statement"">&ldquo;Agoriv is associated with a lower risk of Ceflar&rdquo;</p>
                    <p class=""trial-question"">Which of the following is most likely?</p>
                ",0,html-button-response,6,107677,0.0-6.0,,,causal_judgment,Agoriv causes a decrease in Ceflar,xy,risk_lower,A,risk_lower_A,Agoriv is associated with a lower risk of Ceflar,"xy,yx,neither",r7qeyrbvas
7,6506,"
                    <p>Suppose you read the following piece of information:</p>
                    <p class=""trial-statement"">&ldquo;Themaglin is associated with a higher risk of Rebosen&rdquo;</p>
                    <p class=""trial-question"">Which of the following is most likely?</p>
                ",0,html-button-response,7,114183,0.0-7.0,,,causal_judgment,Themaglin causes an increase in Rebosen,xy,risk_increase,A,risk_increase_A,Themaglin is associated with a higher risk of Rebosen,"xy,yx,neither",r7qeyrbvas
8,101935,,"{""explain"":""Determine the relationship between two different things.""}",survey-text,8,216122,0.0-8.0,,,screening,,,,,,,,r7qeyrbvas
9,31720,,"{""comments"":""""}",survey-text,9,247844,0.0-9.0,,,comments,,,,,,,,r7qeyrbvas
10,23129,,"{""age"":""30"",""gender"":""Male"",""native_language"":""English"",""education"":""Bachelor's degree""}",survey-text,10,270973,0.0-10.0,,,demographics,,,,,,,,r7qeyrbvas
0,2958,"<div class=""consent-text""> <h2>Consent Agreement</h2> <p> Please read this consent agreement carefully before deciding whether to participate in this experiment. </p> <p> <strong>Description:</strong> You are invited to participate in a research study about language and language learning. The purpose of the research is to understand how people learn new words. This research will be conducted through the Prolific platform, including participants from the US, UK, and Canada. If you decide to participate in this research, you will learn and use new words. </p> <p> <strong>Time Involvement:</strong> The task will last the amount of time advertised on Prolific. You are free to withdraw from the study at any time. </p> <p> <strong>Risks and Benefits:</strong> Study data will be stored securely, in compliance with Stanford University standards, minimizing the risk of confiden-tiality breach. This study advances our scientific understanding of how people learn new languages. We cannot and do not guarantee or promise that you will receive any benefits from this study. </p> <p> <strong>Compensation:</strong> You will receive payment in the amount advertised on Prolific. If you do not complete this study, you will receive prorated payment based on the time that you have spent. Additionally, you may be eligible for bonus payments as described in the instructions. </p> <p> <strong>Participant's Rights:</strong> If you have read this form and have decided to participate in this project, please understand your participation is voluntary and you have the right to withdraw your consent or discontinue participation at any time without penalty or loss of benefits to which you are otherwise entitled. The alternative is not to participate. You have the right to refuse to answer particular questions. The results of this research study may be presented at scientific or professional meetings or published in scientific journals. Your individual privacy will be maintained in all published and writ-ten data resulting from the study. In accordance with scientific norms, the data from this study may be used or shared with other researchers for future research (after removing personally identifying information) without additional consent from you. </p> <p> <strong>Contact Information:</strong> If you have any questions, concerns or complaints about this research, its procedures, risks and benefits, contact the Protocol Director, Robert Hawkins (<a href=""mailto:rdhawkins@stanford.edu"">rdhawkins@stanford.edu</a>, 217-549-6923). </p> <p> <strong>Independant Contact:</strong> If you are not satisfied with how this study is being conducted, or if you have any concerns, com-plaints, or general questions about the research or your rights as a participant, please contact the Stanford Institutional Review Board (IRB) to speak to someone independent of the research team at 650-723-2480 or toll free at 1-866-680-2906, or email at irbnonmed@stanford.edu. You can also write to the Stanford IRB, Stanford University, 1705 El Camino Real, Palo Alto, CA 94306. Please save or print a copy of this page for your records. </p> <p> <strong>If you agree to participate in this research, please click ""I agree""</strong> </p></br> </div>",0,html-button-response,0,2962,0.0-0.0,agree,2026-05-29T00:45:05.774Z,,,,,,,,,ps197vhvpb
1,3306,"
                <h2>Welcome!</h2>
                <p>You will be asked a few simple questions about the possible relationship
                between different things. The questions are unrelated to one another.</p>
                <p>For each question, you will read a statement and choose the most likely
                interpretation from the options presented.</p>
                <p>Please respond thoughtfully.</p>
            ",0,html-button-response,1,6269,0.0-1.0,,,,,,,,,,,ps197vhvpb
2,12263,"
        <p>Before we begin, here is a practice question to familiarize you with the format.</p>
        <p>Suppose you read the following piece of information:</p>
        <p class=""trial-statement"">&ldquo;While Maria was typing her report, the phone rang.&rdquo;</p>
        <p class=""trial-question"">Which of the following is most likely?</p>
    ",0,html-button-response,2,18533,0.0-2.0,,,practice,Maria began her report first,correct,,,,,,ps197vhvpb
3,27287,"
                    <p>Suppose you read the following piece of information:</p>
                    <p class=""trial-statement"">&ldquo;Ceflar is associated with a lower risk of Agoriv&rdquo;</p>
                    <p class=""trial-question"">Which of the following is most likely?</p>
                ",0,html-button-response,3,45821,0.0-3.0,,,causal_judgment,Ceflar causes a decrease in Agoriv,xy,risk_lower,B,risk_lower_B,Ceflar is associated with a lower risk of Agoriv,"xy,yx,neither",ps197vhvpb
4,56023,"
                    <p>Suppose you read the following piece of information:</p>
                    <p class=""trial-statement"">&ldquo;Turilin is associated with lower probability of Laurem&rdquo;</p>
                    <p class=""trial-question"">Which of the following is most likely?</p>
                ",0,html-button-response,4,101845,0.0-4.0,,,causal_judgment,Turilin causes a decrease in Laurem,xy,prob_lower,A,prob_lower_A,Turilin is associated with lower probability of Laurem,"xy,yx,neither",ps197vhvpb
5,7963,"
                    <p>Suppose you read the following piece of information:</p>
                    <p class=""trial-statement"">&ldquo;Pneuben is associated with higher probability of Efogen&rdquo;</p>
                    <p class=""trial-question"">Which of the following is most likely?</p>
                ",0,html-button-response,5,109809,0.0-5.0,,,causal_judgment,Pneuben causes an increase in Efogen,xy,prob_increase,A,prob_increase_A,Pneuben is associated with higher probability of Efogen,"xy,yx,neither",ps197vhvpb
6,12607,"
                    <p>Suppose you read the following piece of information:</p>
                    <p class=""trial-statement"">&ldquo;Denoden is associated with Flembers&rdquo;</p>
                    <p class=""trial-question"">Which of the following is most likely?</p>
                ",2,html-button-response,6,122417,0.0-6.0,,,causal_judgment,"A third factor is causally related to Denoden and Flembers, they are not directly related",neither,assoc,A,assoc_A,Denoden is associated with Flembers,"xy,yx,neither",ps197vhvpb
7,17729,"
                    <p>Suppose you read the following piece of information:</p>
                    <p class=""trial-statement"">&ldquo;Rebosen is associated with a higher risk of Themaglin&rdquo;</p>
                    <p class=""trial-question"">Which of the following is most likely?</p>
                ",0,html-button-response,7,140146,0.0-7.0,,,causal_judgment,Rebosen causes an increase in Themaglin,xy,risk_increase,B,risk_increase_B,Rebosen is associated with a higher risk of Themaglin,"xy,yx,neither",ps197vhvpb
8,30049,,"{""explain"":""Decide if something is causally related to something else.""}",survey-text,8,170201,0.0-8.0,,,screening,,,,,,,,ps197vhvpb
9,1821,,"{""comments"":""""}",survey-text,9,172025,0.0-9.0,,,comments,,,,,,,,ps197vhvpb
10,14389,,"{""age"":""32"",""gender"":""f"",""native_language"":""English"",""education"":""associates""}",survey-text,10,186417,0.0-10.0,,,demographics,,,,,,,,ps197vhvpb
0,3407,"<div class=""consent-text""> <h2>Consent Agreement</h2> <p> Please read this consent agreement carefully before deciding whether to participate in this experiment. </p> <p> <strong>Description:</strong> You are invited to participate in a research study about language and language learning. The purpose of the research is to understand how people learn new words. This research will be conducted through the Prolific platform, including participants from the US, UK, and Canada. If you decide to participate in this research, you will learn and use new words. </p> <p> <strong>Time Involvement:</strong> The task will last the amount of time advertised on Prolific. You are free to withdraw from the study at any time. </p> <p> <strong>Risks and Benefits:</strong> Study data will be stored securely, in compliance with Stanford University standards, minimizing the risk of confiden-tiality breach. This study advances our scientific understanding of how people learn new languages. We cannot and do not guarantee or promise that you will receive any benefits from this study. </p> <p> <strong>Compensation:</strong> You will receive payment in the amount advertised on Prolific. If you do not complete this study, you will receive prorated payment based on the time that you have spent. Additionally, you may be eligible for bonus payments as described in the instructions. </p> <p> <strong>Participant's Rights:</strong> If you have read this form and have decided to participate in this project, please understand your participation is voluntary and you have the right to withdraw your consent or discontinue participation at any time without penalty or loss of benefits to which you are otherwise entitled. The alternative is not to participate. You have the right to refuse to answer particular questions. The results of this research study may be presented at scientific or professional meetings or published in scientific journals. Your individual privacy will be maintained in all published and writ-ten data resulting from the study. In accordance with scientific norms, the data from this study may be used or shared with other researchers for future research (after removing personally identifying information) without additional consent from you. </p> <p> <strong>Contact Information:</strong> If you have any questions, concerns or complaints about this research, its procedures, risks and benefits, contact the Protocol Director, Robert Hawkins (<a href=""mailto:rdhawkins@stanford.edu"">rdhawkins@stanford.edu</a>, 217-549-6923). </p> <p> <strong>Independant Contact:</strong> If you are not satisfied with how this study is being conducted, or if you have any concerns, com-plaints, or general questions about the research or your rights as a participant, please contact the Stanford Institutional Review Board (IRB) to speak to someone independent of the research team at 650-723-2480 or toll free at 1-866-680-2906, or email at irbnonmed@stanford.edu. You can also write to the Stanford IRB, Stanford University, 1705 El Camino Real, Palo Alto, CA 94306. Please save or print a copy of this page for your records. </p> <p> <strong>If you agree to participate in this research, please click ""I agree""</strong> </p></br> </div>",0,html-button-response,0,3411,0.0-0.0,agree,2026-05-29T00:45:12.210Z,,,,,,,,,qt21mfj1o5
1,1358,"
                <h2>Welcome!</h2>
                <p>You will be asked a few simple questions about the possible relationship
                between different things. The questions are unrelated to one another.</p>
                <p>For each question, you will read a statement and choose the most likely
                interpretation from the options presented.</p>
                <p>Please respond thoughtfully.</p>
            ",0,html-button-response,1,4771,0.0-1.0,,,,,,,,,,,qt21mfj1o5
2,9517,"
        <p>Before we begin, here is a practice question to familiarize you with the format.</p>
        <p>Suppose you read the following piece of information:</p>
        <p class=""trial-statement"">&ldquo;While Maria was typing her report, the phone rang.&rdquo;</p>
        <p class=""trial-question"">Which of the following is most likely?</p>
    ",0,html-button-response,2,14288,0.0-2.0,,,practice,Maria began her report first,correct,,,,,,qt21mfj1o5
3,33448,"
                    <p>Suppose you read the following piece of information:</p>
                    <p class=""trial-statement"">&ldquo;Pneuben is associated with higher probability of Efogen&rdquo;</p>
                    <p class=""trial-question"">Which of the following is most likely?</p>
                ",2,html-button-response,3,47738,0.0-3.0,,,causal_judgment,Efogen causes an increase in Pneuben,yx,prob_increase,A,prob_increase_A,Pneuben is associated with higher probability of Efogen,"neither,xy,yx",qt21mfj1o5
4,7161,"
                    <p>Suppose you read the following piece of information:</p>
                    <p class=""trial-statement"">&ldquo;Turilin is associated with lower probability of Laurem&rdquo;</p>
                    <p class=""trial-question"">Which of the following is most likely?</p>
                ",1,html-button-response,4,54901,0.0-4.0,,,causal_judgment,Turilin causes a decrease in Laurem,xy,prob_lower,A,prob_lower_A,Turilin is associated with lower probability of Laurem,"neither,xy,yx",qt21mfj1o5
5,25727,"
                    <p>Suppose you read the following piece of information:</p>
                    <p class=""trial-statement"">&ldquo;Flembers is associated with Denoden&rdquo;</p>
                    <p class=""trial-question"">Which of the following is most likely?</p>
                ",2,html-button-response,5,80628,0.0-5.0,,,causal_judgment,Denoden causes Flembers,yx,assoc,B,assoc_B,Flembers is associated with Denoden,"neither,xy,yx",qt21mfj1o5
6,13576,"
                    <p>Suppose you read the following piece of information:</p>
                    <p class=""trial-statement"">&ldquo;Agoriv is associated with a lower risk of Ceflar&rdquo;</p>
                    <p class=""trial-question"">Which of the following is most likely?</p>
                ",2,html-button-response,6,94205,0.0-6.0,,,causal_judgment,Ceflar causes a decrease in Agoriv,yx,risk_lower,A,risk_lower_A,Agoriv is associated with a lower risk of Ceflar,"neither,xy,yx",qt21mfj1o5
7,12429,"
                    <p>Suppose you read the following piece of information:</p>
                    <p class=""trial-statement"">&ldquo;Rebosen is associated with a higher risk of Themaglin&rdquo;</p>
                    <p class=""trial-question"">Which of the following is most likely?</p>
                ",2,html-button-response,7,106635,0.0-7.0,,,causal_judgment,Themaglin causes an increase in Rebosen,yx,risk_increase,B,risk_increase_B,Rebosen is associated with a higher risk of Themaglin,"neither,xy,yx",qt21mfj1o5
8,21450,,"{""explain"":""Read and choose which one I thought explained the sentence ""}",survey-text,8,128096,0.0-8.0,,,screening,,,,,,,,qt21mfj1o5
9,1606,,"{""comments"":""""}",survey-text,9,129703,0.0-9.0,,,comments,,,,,,,,qt21mfj1o5
10,13115,,"{""age"":""19"",""gender"":""Female"",""native_language"":""English"",""education"":""""}",survey-text,10,142831,0.0-10.0,,,demographics,,,,,,,,qt21mfj1o5
0,21742,"<div class=""consent-text""> <h2>Consent Agreement</h2> <p> Please read this consent agreement carefully before deciding whether to participate in this experiment. </p> <p> <strong>Description:</strong> You are invited to participate in a research study about language and language learning. The purpose of the research is to understand how people learn new words. This research will be conducted through the Prolific platform, including participants from the US, UK, and Canada. If you decide to participate in this research, you will learn and use new words. </p> <p> <strong>Time Involvement:</strong> The task will last the amount of time advertised on Prolific. You are free to withdraw from the study at any time. </p> <p> <strong>Risks and Benefits:</strong> Study data will be stored securely, in compliance with Stanford University standards, minimizing the risk of confiden-tiality breach. This study advances our scientific understanding of how people learn new languages. We cannot and do not guarantee or promise that you will receive any benefits from this study. </p> <p> <strong>Compensation:</strong> You will receive payment in the amount advertised on Prolific. If you do not complete this study, you will receive prorated payment based on the time that you have spent. Additionally, you may be eligible for bonus payments as described in the instructions. </p> <p> <strong>Participant's Rights:</strong> If you have read this form and have decided to participate in this project, please understand your participation is voluntary and you have the right to withdraw your consent or discontinue participation at any time without penalty or loss of benefits to which you are otherwise entitled. The alternative is not to participate. You have the right to refuse to answer particular questions. The results of this research study may be presented at scientific or professional meetings or published in scientific journals. Your individual privacy will be maintained in all published and writ-ten data resulting from the study. In accordance with scientific norms, the data from this study may be used or shared with other researchers for future research (after removing personally identifying information) without additional consent from you. </p> <p> <strong>Contact Information:</strong> If you have any questions, concerns or complaints about this research, its procedures, risks and benefits, contact the Protocol Director, Robert Hawkins (<a href=""mailto:rdhawkins@stanford.edu"">rdhawkins@stanford.edu</a>, 217-549-6923). </p> <p> <strong>Independant Contact:</strong> If you are not satisfied with how this study is being conducted, or if you have any concerns, com-plaints, or general questions about the research or your rights as a participant, please contact the Stanford Institutional Review Board (IRB) to speak to someone independent of the research team at 650-723-2480 or toll free at 1-866-680-2906, or email at irbnonmed@stanford.edu. You can also write to the Stanford IRB, Stanford University, 1705 El Camino Real, Palo Alto, CA 94306. Please save or print a copy of this page for your records. </p> <p> <strong>If you agree to participate in this research, please click ""I agree""</strong> </p></br> </div>",0,html-button-response,0,21743,0.0-0.0,agree,2026-05-29T00:56:56.819Z,,,,,,,,,c7x43jcgh3
1,5218,"
                <h2>Welcome!</h2>
                <p>You will be asked a few simple questions about the possible relationship
                between different things. The questions are unrelated to one another.</p>
                <p>For each question, you will read a statement and choose the most likely
                interpretation from the options presented.</p>
                <p>Please respond thoughtfully.</p>
            ",0,html-button-response,1,26962,0.0-1.0,,,,,,,,,,,c7x43jcgh3
2,8850,"
        <p>Before we begin, here is a practice question to familiarize you with the format.</p>
        <p>Suppose you read the following piece of information:</p>
        <p class=""trial-statement"">&ldquo;While Maria was typing her report, the phone rang.&rdquo;</p>
        <p class=""trial-question"">Which of the following is most likely?</p>
    ",1,html-button-response,2,35812,0.0-2.0,,,practice,Maria began her report first,correct,,,,,,c7x43jcgh3
3,24939,"
                    <p>Suppose you read the following piece of information:</p>
                    <p class=""trial-statement"">&ldquo;Pneuben is associated with higher probability of Efogen&rdquo;</p>
                    <p class=""trial-question"">Which of the following is most likely?</p>
                ",1,html-button-response,3,60752,0.0-3.0,,,causal_judgment,Pneuben causes an increase in Efogen,xy,prob_increase,A,prob_increase_A,Pneuben is associated with higher probability of Efogen,"neither,xy,yx",c7x43jcgh3
4,20350,"
                    <p>Suppose you read the following piece of information:</p>
                    <p class=""trial-statement"">&ldquo;Denoden is associated with Flembers&rdquo;</p>
                    <p class=""trial-question"">Which of the following is most likely?</p>
                ",0,html-button-response,4,81102,0.0-4.0,,,causal_judgment,"A third factor is causally related to Denoden and Flembers, they are not directly related",neither,assoc,A,assoc_A,Denoden is associated with Flembers,"neither,xy,yx",c7x43jcgh3
5,15240,"
                    <p>Suppose you read the following piece of information:</p>
                    <p class=""trial-statement"">&ldquo;Ceflar is associated with a lower risk of Agoriv&rdquo;</p>
                    <p class=""trial-question"">Which of the following is most likely?</p>
                ",1,html-button-response,5,96342,0.0-5.0,,,causal_judgment,Ceflar causes a decrease in Agoriv,xy,risk_lower,B,risk_lower_B,Ceflar is associated with a lower risk of Agoriv,"neither,xy,yx",c7x43jcgh3
6,35494,"
                    <p>Suppose you read the following piece of information:</p>
                    <p class=""trial-statement"">&ldquo;Laurem is associated with lower probability of Turilin&rdquo;</p>
                    <p class=""trial-question"">Which of the following is most likely?</p>
                ",1,html-button-response,6,131837,0.0-6.0,,,causal_judgment,Laurem causes a decrease in Turilin,xy,prob_lower,B,prob_lower_B,Laurem is associated with lower probability of Turilin,"neither,xy,yx",c7x43jcgh3
7,21178,"
                    <p>Suppose you read the following piece of information:</p>
                    <p class=""trial-statement"">&ldquo;Rebosen is associated with a higher risk of Themaglin&rdquo;</p>
                    <p class=""trial-question"">Which of the following is most likely?</p>
                ",1,html-button-response,7,153016,0.0-7.0,,,causal_judgment,Rebosen causes an increase in Themaglin,xy,risk_increase,B,risk_increase_B,Rebosen is associated with a higher risk of Themaglin,"neither,xy,yx",c7x43jcgh3
8,50218,,"{""explain"":""Determine causal links between two made-up words""}",survey-text,8,203237,0.0-8.0,,,screening,,,,,,,,c7x43jcgh3
9,3903,,"{""comments"":""""}",survey-text,9,207143,0.0-9.0,,,comments,,,,,,,,c7x43jcgh3
10,14596,,"{""age"":""31"",""gender"":""Male"",""native_language"":""English"",""education"":""Masters Degree""}",survey-text,10,221740,0.0-10.0,,,demographics,,,,,,,,c7x43jcgh3
0,3981,"<div class=""consent-text""> <h2>Consent Agreement</h2> <p> Please read this consent agreement carefully before deciding whether to participate in this experiment. </p> <p> <strong>Description:</strong> You are invited to participate in a research study about language and language learning. The purpose of the research is to understand how people learn new words. This research will be conducted through the Prolific platform, including participants from the US, UK, and Canada. If you decide to participate in this research, you will learn and use new words. </p> <p> <strong>Time Involvement:</strong> The task will last the amount of time advertised on Prolific. You are free to withdraw from the study at any time. </p> <p> <strong>Risks and Benefits:</strong> Study data will be stored securely, in compliance with Stanford University standards, minimizing the risk of confiden-tiality breach. This study advances our scientific understanding of how people learn new languages. We cannot and do not guarantee or promise that you will receive any benefits from this study. </p> <p> <strong>Compensation:</strong> You will receive payment in the amount advertised on Prolific. If you do not complete this study, you will receive prorated payment based on the time that you have spent. Additionally, you may be eligible for bonus payments as described in the instructions. </p> <p> <strong>Participant's Rights:</strong> If you have read this form and have decided to participate in this project, please understand your participation is voluntary and you have the right to withdraw your consent or discontinue participation at any time without penalty or loss of benefits to which you are otherwise entitled. The alternative is not to participate. You have the right to refuse to answer particular questions. The results of this research study may be presented at scientific or professional meetings or published in scientific journals. Your individual privacy will be maintained in all published and writ-ten data resulting from the study. In accordance with scientific norms, the data from this study may be used or shared with other researchers for future research (after removing personally identifying information) without additional consent from you. </p> <p> <strong>Contact Information:</strong> If you have any questions, concerns or complaints about this research, its procedures, risks and benefits, contact the Protocol Director, Robert Hawkins (<a href=""mailto:rdhawkins@stanford.edu"">rdhawkins@stanford.edu</a>, 217-549-6923). </p> <p> <strong>Independant Contact:</strong> If you are not satisfied with how this study is being conducted, or if you have any concerns, com-plaints, or general questions about the research or your rights as a participant, please contact the Stanford Institutional Review Board (IRB) to speak to someone independent of the research team at 650-723-2480 or toll free at 1-866-680-2906, or email at irbnonmed@stanford.edu. You can also write to the Stanford IRB, Stanford University, 1705 El Camino Real, Palo Alto, CA 94306. Please save or print a copy of this page for your records. </p> <p> <strong>If you agree to participate in this research, please click ""I agree""</strong> </p></br> </div>",0,html-button-response,0,3984,0.0-0.0,agree,2026-05-29T00:48:11.209Z,,,,,,,,,9l8ez9quzd
1,5352,"
                <h2>Welcome!</h2>
                <p>You will be asked a few simple questions about the possible relationship
                between different things. The questions are unrelated to one another.</p>
                <p>For each question, you will read a statement and choose the most likely
                interpretation from the options presented.</p>
                <p>Please respond thoughtfully.</p>
            ",0,html-button-response,1,9339,0.0-1.0,,,,,,,,,,,9l8ez9quzd
2,8604,"
        <p>Before we begin, here is a practice question to familiarize you with the format.</p>
        <p>Suppose you read the following piece of information:</p>
        <p class=""trial-statement"">&ldquo;While Maria was typing her report, the phone rang.&rdquo;</p>
        <p class=""trial-question"">Which of the following is most likely?</p>
    ",1,html-button-response,2,17944,0.0-2.0,,,practice,Maria began her report first,correct,,,,,,9l8ez9quzd
3,12004,"
                    <p>Suppose you read the following piece of information:</p>
                    <p class=""trial-statement"">&ldquo;Themaglin is associated with a higher risk of Rebosen&rdquo;</p>
                    <p class=""trial-question"">Which of the following is most likely?</p>
                ",0,html-button-response,3,29951,0.0-3.0,,,causal_judgment,"A third factor is causally related to Themaglin and Rebosen, they are not directly related",neither,risk_increase,A,risk_increase_A,Themaglin is associated with a higher risk of Rebosen,"neither,yx,xy",9l8ez9quzd
4,1869,"
                    <p>Suppose you read the following piece of information:</p>
                    <p class=""trial-statement"">&ldquo;Efogen is associated with higher probability of Pneuben&rdquo;</p>
                    <p class=""trial-question"">Which of the following is most likely?</p>
                ",0,html-button-response,4,31822,0.0-4.0,,,causal_judgment,"A third factor is causally related to Efogen and Pneuben, they are not directly related",neither,prob_increase,B,prob_increase_B,Efogen is associated with higher probability of Pneuben,"neither,yx,xy",9l8ez9quzd
5,8689,"
                    <p>Suppose you read the following piece of information:</p>
                    <p class=""trial-statement"">&ldquo;Agoriv is associated with a lower risk of Ceflar&rdquo;</p>
                    <p class=""trial-question"">Which of the following is most likely?</p>
                ",0,html-button-response,5,40513,0.0-5.0,,,causal_judgment,"A third factor is causally related to Agoriv and Ceflar, they are not directly related",neither,risk_lower,A,risk_lower_A,Agoriv is associated with a lower risk of Ceflar,"neither,yx,xy",9l8ez9quzd
6,2544,"
                    <p>Suppose you read the following piece of information:</p>
                    <p class=""trial-statement"">&ldquo;Turilin is associated with lower probability of Laurem&rdquo;</p>
                    <p class=""trial-question"">Which of the following is most likely?</p>
                ",0,html-button-response,6,43059,0.0-6.0,,,causal_judgment,"A third factor is causally related to Turilin and Laurem, they are not directly related",neither,prob_lower,A,prob_lower_A,Turilin is associated with lower probability of Laurem,"neither,yx,xy",9l8ez9quzd
7,7475,"
                    <p>Suppose you read the following piece of information:</p>
                    <p class=""trial-statement"">&ldquo;Flembers is associated with Denoden&rdquo;</p>
                    <p class=""trial-question"">Which of the following is most likely?</p>
                ",0,html-button-response,7,50535,0.0-7.0,,,causal_judgment,"A third factor is causally related to Flembers and Denoden, they are not directly related",neither,assoc,B,assoc_B,Flembers is associated with Denoden,"neither,yx,xy",9l8ez9quzd
8,28052,,"{""explain"":""Determine if correlation equal causation""}",survey-text,8,78597,0.0-8.0,,,screening,,,,,,,,9l8ez9quzd
9,1886,,"{""comments"":""""}",survey-text,9,80485,0.0-9.0,,,comments,,,,,,,,9l8ez9quzd
10,11366,,"{""age"":""28"",""gender"":""Female"",""native_language"":""English"",""education"":""Bachelor's Degree""}",survey-text,10,91852,0.0-10.0,,,demographics,,,,,,,,9l8ez9quzd
0,2846,"<div class=""consent-text""> <h2>Consent Agreement</h2> <p> Please read this consent agreement carefully before deciding whether to participate in this experiment. </p> <p> <strong>Description:</strong> You are invited to participate in a research study about language and language learning. The purpose of the research is to understand how people learn new words. This research will be conducted through the Prolific platform, including participants from the US, UK, and Canada. If you decide to participate in this research, you will learn and use new words. </p> <p> <strong>Time Involvement:</strong> The task will last the amount of time advertised on Prolific. You are free to withdraw from the study at any time. </p> <p> <strong>Risks and Benefits:</strong> Study data will be stored securely, in compliance with Stanford University standards, minimizing the risk of confiden-tiality breach. This study advances our scientific understanding of how people learn new languages. We cannot and do not guarantee or promise that you will receive any benefits from this study. </p> <p> <strong>Compensation:</strong> You will receive payment in the amount advertised on Prolific. If you do not complete this study, you will receive prorated payment based on the time that you have spent. Additionally, you may be eligible for bonus payments as described in the instructions. </p> <p> <strong>Participant's Rights:</strong> If you have read this form and have decided to participate in this project, please understand your participation is voluntary and you have the right to withdraw your consent or discontinue participation at any time without penalty or loss of benefits to which you are otherwise entitled. The alternative is not to participate. You have the right to refuse to answer particular questions. The results of this research study may be presented at scientific or professional meetings or published in scientific journals. Your individual privacy will be maintained in all published and writ-ten data resulting from the study. In accordance with scientific norms, the data from this study may be used or shared with other researchers for future research (after removing personally identifying information) without additional consent from you. </p> <p> <strong>Contact Information:</strong> If you have any questions, concerns or complaints about this research, its procedures, risks and benefits, contact the Protocol Director, Robert Hawkins (<a href=""mailto:rdhawkins@stanford.edu"">rdhawkins@stanford.edu</a>, 217-549-6923). </p> <p> <strong>Independant Contact:</strong> If you are not satisfied with how this study is being conducted, or if you have any concerns, com-plaints, or general questions about the research or your rights as a participant, please contact the Stanford Institutional Review Board (IRB) to speak to someone independent of the research team at 650-723-2480 or toll free at 1-866-680-2906, or email at irbnonmed@stanford.edu. You can also write to the Stanford IRB, Stanford University, 1705 El Camino Real, Palo Alto, CA 94306. Please save or print a copy of this page for your records. </p> <p> <strong>If you agree to participate in this research, please click ""I agree""</strong> </p></br> </div>",0,html-button-response,0,2848,0.0-0.0,agree,2026-05-29T00:44:54.127Z,,,,,,,,,ecr1vfg9ay
1,1730,"
                <h2>Welcome!</h2>
                <p>You will be asked a few simple questions about the possible relationship
                between different things. The questions are unrelated to one another.</p>
                <p>For each question, you will read a statement and choose the most likely
                interpretation from the options presented.</p>
                <p>Please respond thoughtfully.</p>
            ",0,html-button-response,1,4580,0.0-1.0,,,,,,,,,,,ecr1vfg9ay
2,11399,"
        <p>Before we begin, here is a practice question to familiarize you with the format.</p>
        <p>Suppose you read the following piece of information:</p>
        <p class=""trial-statement"">&ldquo;While Maria was typing her report, the phone rang.&rdquo;</p>
        <p class=""trial-question"">Which of the following is most likely?</p>
    ",1,html-button-response,2,15980,0.0-2.0,,,practice,Maria began her report first,correct,,,,,,ecr1vfg9ay
3,15082,"
                    <p>Suppose you read the following piece of information:</p>
                    <p class=""trial-statement"">&ldquo;Ceflar is associated with a lower risk of Agoriv&rdquo;</p>
                    <p class=""trial-question"">Which of the following is most likely?</p>
                ",2,html-button-response,3,31063,0.0-3.0,,,causal_judgment,Ceflar causes a decrease in Agoriv,xy,risk_lower,B,risk_lower_B,Ceflar is associated with a lower risk of Agoriv,"neither,yx,xy",ecr1vfg9ay
4,10698,"
                    <p>Suppose you read the following piece of information:</p>
                    <p class=""trial-statement"">&ldquo;Themaglin is associated with a higher risk of Rebosen&rdquo;</p>
                    <p class=""trial-question"">Which of the following is most likely?</p>
                ",2,html-button-response,4,41763,0.0-4.0,,,causal_judgment,Themaglin causes an increase in Rebosen,xy,risk_increase,A,risk_increase_A,Themaglin is associated with a higher risk of Rebosen,"neither,yx,xy",ecr1vfg9ay
5,9683,"
                    <p>Suppose you read the following piece of information:</p>
                    <p class=""trial-statement"">&ldquo;Efogen is associated with higher probability of Pneuben&rdquo;</p>
                    <p class=""trial-question"">Which of the following is most likely?</p>
                ",2,html-button-response,5,51446,0.0-5.0,,,causal_judgment,Efogen causes an increase in Pneuben,xy,prob_increase,B,prob_increase_B,Efogen is associated with higher probability of Pneuben,"neither,yx,xy",ecr1vfg9ay
6,8365,"
                    <p>Suppose you read the following piece of information:</p>
                    <p class=""trial-statement"">&ldquo;Denoden is associated with Flembers&rdquo;</p>
                    <p class=""trial-question"">Which of the following is most likely?</p>
                ",0,html-button-response,6,59812,0.0-6.0,,,causal_judgment,"A third factor is causally related to Denoden and Flembers, they are not directly related",neither,assoc,A,assoc_A,Denoden is associated with Flembers,"neither,yx,xy",ecr1vfg9ay
7,7383,"
                    <p>Suppose you read the following piece of information:</p>
                    <p class=""trial-statement"">&ldquo;Turilin is associated with lower probability of Laurem&rdquo;</p>
                    <p class=""trial-question"">Which of the following is most likely?</p>
                ",2,html-button-response,7,67195,0.0-7.0,,,causal_judgment,Turilin causes a decrease in Laurem,xy,prob_lower,A,prob_lower_A,Turilin is associated with lower probability of Laurem,"neither,yx,xy",ecr1vfg9ay
8,79712,,"{""explain"":""I was asked to determine whether two things are directly related or if they are not directly related and a third party is involved causing the increase or decrease. ""}",survey-text,8,146913,0.0-8.0,,,screening,,,,,,,,ecr1vfg9ay
9,8264,,"{""comments"":""I liked this study. ""}",survey-text,9,155179,0.0-9.0,,,comments,,,,,,,,ecr1vfg9ay
10,43545,,"{""age"":""21"",""gender"":""Female"",""native_language"":""English"",""education"":""Bachelor of Nursing Univeristy degree in progress""}",survey-text,10,198726,0.0-10.0,,,demographics,,,,,,,,ecr1vfg9ay
0,13174,"<div class=""consent-text""> <h2>Consent Agreement</h2> <p> Please read this consent agreement carefully before deciding whether to participate in this experiment. </p> <p> <strong>Description:</strong> You are invited to participate in a research study about language and language learning. The purpose of the research is to understand how people learn new words. This research will be conducted through the Prolific platform, including participants from the US, UK, and Canada. If you decide to participate in this research, you will learn and use new words. </p> <p> <strong>Time Involvement:</strong> The task will last the amount of time advertised on Prolific. You are free to withdraw from the study at any time. </p> <p> <strong>Risks and Benefits:</strong> Study data will be stored securely, in compliance with Stanford University standards, minimizing the risk of confiden-tiality breach. This study advances our scientific understanding of how people learn new languages. We cannot and do not guarantee or promise that you will receive any benefits from this study. </p> <p> <strong>Compensation:</strong> You will receive payment in the amount advertised on Prolific. If you do not complete this study, you will receive prorated payment based on the time that you have spent. Additionally, you may be eligible for bonus payments as described in the instructions. </p> <p> <strong>Participant's Rights:</strong> If you have read this form and have decided to participate in this project, please understand your participation is voluntary and you have the right to withdraw your consent or discontinue participation at any time without penalty or loss of benefits to which you are otherwise entitled. The alternative is not to participate. You have the right to refuse to answer particular questions. The results of this research study may be presented at scientific or professional meetings or published in scientific journals. Your individual privacy will be maintained in all published and writ-ten data resulting from the study. In accordance with scientific norms, the data from this study may be used or shared with other researchers for future research (after removing personally identifying information) without additional consent from you. </p> <p> <strong>Contact Information:</strong> If you have any questions, concerns or complaints about this research, its procedures, risks and benefits, contact the Protocol Director, Robert Hawkins (<a href=""mailto:rdhawkins@stanford.edu"">rdhawkins@stanford.edu</a>, 217-549-6923). </p> <p> <strong>Independant Contact:</strong> If you are not satisfied with how this study is being conducted, or if you have any concerns, com-plaints, or general questions about the research or your rights as a participant, please contact the Stanford Institutional Review Board (IRB) to speak to someone independent of the research team at 650-723-2480 or toll free at 1-866-680-2906, or email at irbnonmed@stanford.edu. You can also write to the Stanford IRB, Stanford University, 1705 El Camino Real, Palo Alto, CA 94306. Please save or print a copy of this page for your records. </p> <p> <strong>If you agree to participate in this research, please click ""I agree""</strong> </p></br> </div>",0,html-button-response,0,13178,0.0-0.0,agree,2026-05-29T00:47:04.477Z,,,,,,,,,18lvokkztx
1,3194,"
                <h2>Welcome!</h2>
                <p>You will be asked a few simple questions about the possible relationship
                between different things. The questions are unrelated to one another.</p>
                <p>For each question, you will read a statement and choose the most likely
                interpretation from the options presented.</p>
                <p>Please respond thoughtfully.</p>
            ",0,html-button-response,1,16374,0.0-1.0,,,,,,,,,,,18lvokkztx
2,14758,"
        <p>Before we begin, here is a practice question to familiarize you with the format.</p>
        <p>Suppose you read the following piece of information:</p>
        <p class=""trial-statement"">&ldquo;While Maria was typing her report, the phone rang.&rdquo;</p>
        <p class=""trial-question"">Which of the following is most likely?</p>
    ",1,html-button-response,2,31134,0.0-2.0,,,practice,Maria began her report first,correct,,,,,,18lvokkztx
3,46074,"
                    <p>Suppose you read the following piece of information:</p>
                    <p class=""trial-statement"">&ldquo;Laurem is associated with lower probability of Turilin&rdquo;</p>
                    <p class=""trial-question"">Which of the following is most likely?</p>
                ",0,html-button-response,3,77211,0.0-3.0,,,causal_judgment,"A third factor is causally related to Laurem and Turilin, they are not directly related",neither,prob_lower,B,prob_lower_B,Laurem is associated with lower probability of Turilin,"neither,xy,yx",18lvokkztx
4,23424,"
                    <p>Suppose you read the following piece of information:</p>
                    <p class=""trial-statement"">&ldquo;Rebosen is associated with a higher risk of Themaglin&rdquo;</p>
                    <p class=""trial-question"">Which of the following is most likely?</p>
                ",1,html-button-response,4,100637,0.0-4.0,,,causal_judgment,Rebosen causes an increase in Themaglin,xy,risk_increase,B,risk_increase_B,Rebosen is associated with a higher risk of Themaglin,"neither,xy,yx",18lvokkztx
5,11290,"
                    <p>Suppose you read the following piece of information:</p>
                    <p class=""trial-statement"">&ldquo;Efogen is associated with higher probability of Pneuben&rdquo;</p>
                    <p class=""trial-question"">Which of the following is most likely?</p>
                ",1,html-button-response,5,111929,0.0-5.0,,,causal_judgment,Efogen causes an increase in Pneuben,xy,prob_increase,B,prob_increase_B,Efogen is associated with higher probability of Pneuben,"neither,xy,yx",18lvokkztx
6,16643,"
                    <p>Suppose you read the following piece of information:</p>
                    <p class=""trial-statement"">&ldquo;Denoden is associated with Flembers&rdquo;</p>
                    <p class=""trial-question"">Which of the following is most likely?</p>
                ",1,html-button-response,6,128573,0.0-6.0,,,causal_judgment,Denoden causes Flembers,xy,assoc,A,assoc_A,Denoden is associated with Flembers,"neither,xy,yx",18lvokkztx
7,10593,"
                    <p>Suppose you read the following piece of information:</p>
                    <p class=""trial-statement"">&ldquo;Agoriv is associated with a lower risk of Ceflar&rdquo;</p>
                    <p class=""trial-question"">Which of the following is most likely?</p>
                ",1,html-button-response,7,139167,0.0-7.0,,,causal_judgment,Agoriv causes a decrease in Ceflar,xy,risk_lower,A,risk_lower_A,Agoriv is associated with a lower risk of Ceflar,"neither,xy,yx",18lvokkztx
8,93443,,"{""explain"":""Answer multiple choice questions based on if something causes an increase or decrease in something or if there is a third thing associated with the two ""}",survey-text,8,232619,0.0-8.0,,,screening,,,,,,,,18lvokkztx
9,4441,,"{""comments"":""""}",survey-text,9,237064,0.0-9.0,,,comments,,,,,,,,18lvokkztx
10,18323,,"{""age"":""25"",""gender"":"""",""native_language"":""English "",""education"":""Ba""}",survey-text,10,255395,0.0-10.0,,,demographics,,,,,,,,18lvokkztx
0,2996,"<div class=""consent-text""> <h2>Consent Agreement</h2> <p> Please read this consent agreement carefully before deciding whether to participate in this experiment. </p> <p> <strong>Description:</strong> You are invited to participate in a research study about language and language learning. The purpose of the research is to understand how people learn new words. This research will be conducted through the Prolific platform, including participants from the US, UK, and Canada. If you decide to participate in this research, you will learn and use new words. </p> <p> <strong>Time Involvement:</strong> The task will last the amount of time advertised on Prolific. You are free to withdraw from the study at any time. </p> <p> <strong>Risks and Benefits:</strong> Study data will be stored securely, in compliance with Stanford University standards, minimizing the risk of confiden-tiality breach. This study advances our scientific understanding of how people learn new languages. We cannot and do not guarantee or promise that you will receive any benefits from this study. </p> <p> <strong>Compensation:</strong> You will receive payment in the amount advertised on Prolific. If you do not complete this study, you will receive prorated payment based on the time that you have spent. Additionally, you may be eligible for bonus payments as described in the instructions. </p> <p> <strong>Participant's Rights:</strong> If you have read this form and have decided to participate in this project, please understand your participation is voluntary and you have the right to withdraw your consent or discontinue participation at any time without penalty or loss of benefits to which you are otherwise entitled. The alternative is not to participate. You have the right to refuse to answer particular questions. The results of this research study may be presented at scientific or professional meetings or published in scientific journals. Your individual privacy will be maintained in all published and writ-ten data resulting from the study. In accordance with scientific norms, the data from this study may be used or shared with other researchers for future research (after removing personally identifying information) without additional consent from you. </p> <p> <strong>Contact Information:</strong> If you have any questions, concerns or complaints about this research, its procedures, risks and benefits, contact the Protocol Director, Robert Hawkins (<a href=""mailto:rdhawkins@stanford.edu"">rdhawkins@stanford.edu</a>, 217-549-6923). </p> <p> <strong>Independant Contact:</strong> If you are not satisfied with how this study is being conducted, or if you have any concerns, com-plaints, or general questions about the research or your rights as a participant, please contact the Stanford Institutional Review Board (IRB) to speak to someone independent of the research team at 650-723-2480 or toll free at 1-866-680-2906, or email at irbnonmed@stanford.edu. You can also write to the Stanford IRB, Stanford University, 1705 El Camino Real, Palo Alto, CA 94306. Please save or print a copy of this page for your records. </p> <p> <strong>If you agree to participate in this research, please click ""I agree""</strong> </p></br> </div>",0,html-button-response,0,2998,0.0-0.0,agree,2026-05-29T00:45:11.391Z,,,,,,,,,u76e8tnx84
1,4059,"
                <h2>Welcome!</h2>
                <p>You will be asked a few simple questions about the possible relationship
                between different things. The questions are unrelated to one another.</p>
                <p>For each question, you will read a statement and choose the most likely
                interpretation from the options presented.</p>
                <p>Please respond thoughtfully.</p>
            ",0,html-button-response,1,7058,0.0-1.0,,,,,,,,,,,u76e8tnx84
2,15340,"
        <p>Before we begin, here is a practice question to familiarize you with the format.</p>
        <p>Suppose you read the following piece of information:</p>
        <p class=""trial-statement"">&ldquo;While Maria was typing her report, the phone rang.&rdquo;</p>
        <p class=""trial-question"">Which of the following is most likely?</p>
    ",0,html-button-response,2,22399,0.0-2.0,,,practice,Maria began her report first,correct,,,,,,u76e8tnx84
3,21174,"
                    <p>Suppose you read the following piece of information:</p>
                    <p class=""trial-statement"">&ldquo;Rebosen is associated with a higher risk of Themaglin&rdquo;</p>
                    <p class=""trial-question"">Which of the following is most likely?</p>
                ",2,html-button-response,3,43574,0.0-3.0,,,causal_judgment,Rebosen causes an increase in Themaglin,xy,risk_increase,B,risk_increase_B,Rebosen is associated with a higher risk of Themaglin,"yx,neither,xy",u76e8tnx84
4,12993,"
                    <p>Suppose you read the following piece of information:</p>
                    <p class=""trial-statement"">&ldquo;Pneuben is associated with higher probability of Efogen&rdquo;</p>
                    <p class=""trial-question"">Which of the following is most likely?</p>
                ",2,html-button-response,4,56567,0.0-4.0,,,causal_judgment,Pneuben causes an increase in Efogen,xy,prob_increase,A,prob_increase_A,Pneuben is associated with higher probability of Efogen,"yx,neither,xy",u76e8tnx84
5,13194,"
                    <p>Suppose you read the following piece of information:</p>
                    <p class=""trial-statement"">&ldquo;Flembers is associated with Denoden&rdquo;</p>
                    <p class=""trial-question"">Which of the following is most likely?</p>
                ",2,html-button-response,5,69762,0.0-5.0,,,causal_judgment,Flembers causes Denoden,xy,assoc,B,assoc_B,Flembers is associated with Denoden,"yx,neither,xy",u76e8tnx84
6,18732,"
                    <p>Suppose you read the following piece of information:</p>
                    <p class=""trial-statement"">&ldquo;Turilin is associated with lower probability of Laurem&rdquo;</p>
                    <p class=""trial-question"">Which of the following is most likely?</p>
                ",2,html-button-response,6,88495,0.0-6.0,,,causal_judgment,Turilin causes a decrease in Laurem,xy,prob_lower,A,prob_lower_A,Turilin is associated with lower probability of Laurem,"yx,neither,xy",u76e8tnx84
7,32325,"
                    <p>Suppose you read the following piece of information:</p>
                    <p class=""trial-statement"">&ldquo;Agoriv is associated with a lower risk of Ceflar&rdquo;</p>
                    <p class=""trial-question"">Which of the following is most likely?</p>
                ",1,html-button-response,7,120821,0.0-7.0,,,causal_judgment,"A third factor is causally related to Agoriv and Ceflar, they are not directly related",neither,risk_lower,A,risk_lower_A,Agoriv is associated with a lower risk of Ceflar,"yx,neither,xy",u76e8tnx84
8,41829,,"{""explain"":""read a sentence and interrupt what I thought it was saying""}",survey-text,8,162654,0.0-8.0,,,screening,,,,,,,,u76e8tnx84
9,1732,,"{""comments"":""""}",survey-text,9,164388,0.0-9.0,,,comments,,,,,,,,u76e8tnx84
10,13790,,"{""age"":""37"",""gender"":""male"",""native_language"":""english"",""education"":""high school""}",survey-text,10,178179,0.0-10.0,,,demographics,,,,,,,,u76e8tnx84
0,2039,"<div class=""consent-text""> <h2>Consent Agreement</h2> <p> Please read this consent agreement carefully before deciding whether to participate in this experiment. </p> <p> <strong>Description:</strong> You are invited to participate in a research study about language and language learning. The purpose of the research is to understand how people learn new words. This research will be conducted through the Prolific platform, including participants from the US, UK, and Canada. If you decide to participate in this research, you will learn and use new words. </p> <p> <strong>Time Involvement:</strong> The task will last the amount of time advertised on Prolific. You are free to withdraw from the study at any time. </p> <p> <strong>Risks and Benefits:</strong> Study data will be stored securely, in compliance with Stanford University standards, minimizing the risk of confiden-tiality breach. This study advances our scientific understanding of how people learn new languages. We cannot and do not guarantee or promise that you will receive any benefits from this study. </p> <p> <strong>Compensation:</strong> You will receive payment in the amount advertised on Prolific. If you do not complete this study, you will receive prorated payment based on the time that you have spent. Additionally, you may be eligible for bonus payments as described in the instructions. </p> <p> <strong>Participant's Rights:</strong> If you have read this form and have decided to participate in this project, please understand your participation is voluntary and you have the right to withdraw your consent or discontinue participation at any time without penalty or loss of benefits to which you are otherwise entitled. The alternative is not to participate. You have the right to refuse to answer particular questions. The results of this research study may be presented at scientific or professional meetings or published in scientific journals. Your individual privacy will be maintained in all published and writ-ten data resulting from the study. In accordance with scientific norms, the data from this study may be used or shared with other researchers for future research (after removing personally identifying information) without additional consent from you. </p> <p> <strong>Contact Information:</strong> If you have any questions, concerns or complaints about this research, its procedures, risks and benefits, contact the Protocol Director, Robert Hawkins (<a href=""mailto:rdhawkins@stanford.edu"">rdhawkins@stanford.edu</a>, 217-549-6923). </p> <p> <strong>Independant Contact:</strong> If you are not satisfied with how this study is being conducted, or if you have any concerns, com-plaints, or general questions about the research or your rights as a participant, please contact the Stanford Institutional Review Board (IRB) to speak to someone independent of the research team at 650-723-2480 or toll free at 1-866-680-2906, or email at irbnonmed@stanford.edu. You can also write to the Stanford IRB, Stanford University, 1705 El Camino Real, Palo Alto, CA 94306. Please save or print a copy of this page for your records. </p> <p> <strong>If you agree to participate in this research, please click ""I agree""</strong> </p></br> </div>",0,html-button-response,0,2043,0.0-0.0,agree,2026-05-29T00:49:10.402Z,,,,,,,,,f4dp89pa4a
1,1939,"
                <h2>Welcome!</h2>
                <p>You will be asked a few simple questions about the possible relationship
                between different things. The questions are unrelated to one another.</p>
                <p>For each question, you will read a statement and choose the most likely
                interpretation from the options presented.</p>
                <p>Please respond thoughtfully.</p>
            ",0,html-button-response,1,3985,0.0-1.0,,,,,,,,,,,f4dp89pa4a
2,6645,"
        <p>Before we begin, here is a practice question to familiarize you with the format.</p>
        <p>Suppose you read the following piece of information:</p>
        <p class=""trial-statement"">&ldquo;While Maria was typing her report, the phone rang.&rdquo;</p>
        <p class=""trial-question"">Which of the following is most likely?</p>
    ",1,html-button-response,2,10632,0.0-2.0,,,practice,Maria began her report first,correct,,,,,,f4dp89pa4a
3,16997,"
                    <p>Suppose you read the following piece of information:</p>
                    <p class=""trial-statement"">&ldquo;Rebosen is associated with a higher risk of Themaglin&rdquo;</p>
                    <p class=""trial-question"">Which of the following is most likely?</p>
                ",2,html-button-response,3,27631,0.0-3.0,,,causal_judgment,Rebosen causes an increase in Themaglin,xy,risk_increase,B,risk_increase_B,Rebosen is associated with a higher risk of Themaglin,"neither,yx,xy",f4dp89pa4a
4,12009,"
                    <p>Suppose you read the following piece of information:</p>
                    <p class=""trial-statement"">&ldquo;Agoriv is associated with a lower risk of Ceflar&rdquo;</p>
                    <p class=""trial-question"">Which of the following is most likely?</p>
                ",2,html-button-response,4,39642,0.0-4.0,,,causal_judgment,Agoriv causes a decrease in Ceflar,xy,risk_lower,A,risk_lower_A,Agoriv is associated with a lower risk of Ceflar,"neither,yx,xy",f4dp89pa4a
5,8563,"
                    <p>Suppose you read the following piece of information:</p>
                    <p class=""trial-statement"">&ldquo;Flembers is associated with Denoden&rdquo;</p>
                    <p class=""trial-question"">Which of the following is most likely?</p>
                ",0,html-button-response,5,48206,0.0-5.0,,,causal_judgment,"A third factor is causally related to Flembers and Denoden, they are not directly related",neither,assoc,B,assoc_B,Flembers is associated with Denoden,"neither,yx,xy",f4dp89pa4a
6,6180,"
                    <p>Suppose you read the following piece of information:</p>
                    <p class=""trial-statement"">&ldquo;Turilin is associated with lower probability of Laurem&rdquo;</p>
                    <p class=""trial-question"">Which of the following is most likely?</p>
                ",0,html-button-response,6,54387,0.0-6.0,,,causal_judgment,"A third factor is causally related to Turilin and Laurem, they are not directly related",neither,prob_lower,A,prob_lower_A,Turilin is associated with lower probability of Laurem,"neither,yx,xy",f4dp89pa4a
7,2430,"
                    <p>Suppose you read the following piece of information:</p>
                    <p class=""trial-statement"">&ldquo;Pneuben is associated with higher probability of Efogen&rdquo;</p>
                    <p class=""trial-question"">Which of the following is most likely?</p>
                ",0,html-button-response,7,56818,0.0-7.0,,,causal_judgment,"A third factor is causally related to Pneuben and Efogen, they are not directly related",neither,prob_increase,A,prob_increase_A,Pneuben is associated with higher probability of Efogen,"neither,yx,xy",f4dp89pa4a
8,24391,,"{""explain"":""I was asked if certain outcomes were caused by others, or if a third entity was responsible.""}",survey-text,8,81216,0.0-8.0,,,screening,,,,,,,,f4dp89pa4a
9,1667,,"{""comments"":""""}",survey-text,9,82887,0.0-9.0,,,comments,,,,,,,,f4dp89pa4a
10,3923,,"{""age"":""45"",""gender"":"""",""native_language"":"""",""education"":""""}",survey-text,10,86814,0.0-10.0,,,demographics,,,,,,,,f4dp89pa4a
0,54295,"<div class=""consent-text""> <h2>Consent Agreement</h2> <p> Please read this consent agreement carefully before deciding whether to participate in this experiment. </p> <p> <strong>Description:</strong> You are invited to participate in a research study about language and language learning. The purpose of the research is to understand how people learn new words. This research will be conducted through the Prolific platform, including participants from the US, UK, and Canada. If you decide to participate in this research, you will learn and use new words. </p> <p> <strong>Time Involvement:</strong> The task will last the amount of time advertised on Prolific. You are free to withdraw from the study at any time. </p> <p> <strong>Risks and Benefits:</strong> Study data will be stored securely, in compliance with Stanford University standards, minimizing the risk of confiden-tiality breach. This study advances our scientific understanding of how people learn new languages. We cannot and do not guarantee or promise that you will receive any benefits from this study. </p> <p> <strong>Compensation:</strong> You will receive payment in the amount advertised on Prolific. If you do not complete this study, you will receive prorated payment based on the time that you have spent. Additionally, you may be eligible for bonus payments as described in the instructions. </p> <p> <strong>Participant's Rights:</strong> If you have read this form and have decided to participate in this project, please understand your participation is voluntary and you have the right to withdraw your consent or discontinue participation at any time without penalty or loss of benefits to which you are otherwise entitled. The alternative is not to participate. You have the right to refuse to answer particular questions. The results of this research study may be presented at scientific or professional meetings or published in scientific journals. Your individual privacy will be maintained in all published and writ-ten data resulting from the study. In accordance with scientific norms, the data from this study may be used or shared with other researchers for future research (after removing personally identifying information) without additional consent from you. </p> <p> <strong>Contact Information:</strong> If you have any questions, concerns or complaints about this research, its procedures, risks and benefits, contact the Protocol Director, Robert Hawkins (<a href=""mailto:rdhawkins@stanford.edu"">rdhawkins@stanford.edu</a>, 217-549-6923). </p> <p> <strong>Independant Contact:</strong> If you are not satisfied with how this study is being conducted, or if you have any concerns, com-plaints, or general questions about the research or your rights as a participant, please contact the Stanford Institutional Review Board (IRB) to speak to someone independent of the research team at 650-723-2480 or toll free at 1-866-680-2906, or email at irbnonmed@stanford.edu. You can also write to the Stanford IRB, Stanford University, 1705 El Camino Real, Palo Alto, CA 94306. Please save or print a copy of this page for your records. </p> <p> <strong>If you agree to participate in this research, please click ""I agree""</strong> </p></br> </div>",0,html-button-response,0,54298,0.0-0.0,agree,2026-05-29T00:46:38.358Z,,,,,,,,,mxtxnvlxx4
1,7836,"
                <h2>Welcome!</h2>
                <p>You will be asked a few simple questions about the possible relationship
                between different things. The questions are unrelated to one another.</p>
                <p>For each question, you will read a statement and choose the most likely
                interpretation from the options presented.</p>
                <p>Please respond thoughtfully.</p>
            ",0,html-button-response,1,62138,0.0-1.0,,,,,,,,,,,mxtxnvlxx4
2,14490,"
        <p>Before we begin, here is a practice question to familiarize you with the format.</p>
        <p>Suppose you read the following piece of information:</p>
        <p class=""trial-statement"">&ldquo;While Maria was typing her report, the phone rang.&rdquo;</p>
        <p class=""trial-question"">Which of the following is most likely?</p>
    ",0,html-button-response,2,76630,0.0-2.0,,,practice,Maria began her report first,correct,,,,,,mxtxnvlxx4
3,28886,"
                    <p>Suppose you read the following piece of information:</p>
                    <p class=""trial-statement"">&ldquo;Pneuben is associated with higher probability of Efogen&rdquo;</p>
                    <p class=""trial-question"">Which of the following is most likely?</p>
                ",2,html-button-response,3,105518,0.0-3.0,,,causal_judgment,Pneuben causes an increase in Efogen,xy,prob_increase,A,prob_increase_A,Pneuben is associated with higher probability of Efogen,"yx,neither,xy",mxtxnvlxx4
4,37801,"
                    <p>Suppose you read the following piece of information:</p>
                    <p class=""trial-statement"">&ldquo;Denoden is associated with Flembers&rdquo;</p>
                    <p class=""trial-question"">Which of the following is most likely?</p>
                ",0,html-button-response,4,143321,0.0-4.0,,,causal_judgment,Flembers causes Denoden,yx,assoc,A,assoc_A,Denoden is associated with Flembers,"yx,neither,xy",mxtxnvlxx4
5,17646,"
                    <p>Suppose you read the following piece of information:</p>
                    <p class=""trial-statement"">&ldquo;Laurem is associated with lower probability of Turilin&rdquo;</p>
                    <p class=""trial-question"">Which of the following is most likely?</p>
                ",2,html-button-response,5,160970,0.0-5.0,,,causal_judgment,Laurem causes a decrease in Turilin,xy,prob_lower,B,prob_lower_B,Laurem is associated with lower probability of Turilin,"yx,neither,xy",mxtxnvlxx4
6,21429,"
                    <p>Suppose you read the following piece of information:</p>
                    <p class=""trial-statement"">&ldquo;Agoriv is associated with a lower risk of Ceflar&rdquo;</p>
                    <p class=""trial-question"">Which of the following is most likely?</p>
                ",2,html-button-response,6,182402,0.0-6.0,,,causal_judgment,Agoriv causes a decrease in Ceflar,xy,risk_lower,A,risk_lower_A,Agoriv is associated with a lower risk of Ceflar,"yx,neither,xy",mxtxnvlxx4
7,16032,"
                    <p>Suppose you read the following piece of information:</p>
                    <p class=""trial-statement"">&ldquo;Rebosen is associated with a higher risk of Themaglin&rdquo;</p>
                    <p class=""trial-question"">Which of the following is most likely?</p>
                ",2,html-button-response,7,198436,0.0-7.0,,,causal_judgment,Rebosen causes an increase in Themaglin,xy,risk_increase,B,risk_increase_B,Rebosen is associated with a higher risk of Themaglin,"yx,neither,xy",mxtxnvlxx4
8,62787,,"{""explain"":""Describe how words/concepts if/how relate to eachother.""}",survey-text,8,261233,0.0-8.0,,,screening,,,,,,,,mxtxnvlxx4
9,16533,,"{""comments"":""I appreciate the minimal and simple instructions. Thank you!""}",survey-text,9,277771,0.0-9.0,,,comments,,,,,,,,mxtxnvlxx4
10,16747,,"{""age"":""26"",""gender"":""Male"",""native_language"":""English"",""education"":""High school diploma""}",survey-text,10,294525,0.0-10.0,,,demographics,,,,,,,,mxtxnvlxx4
0,5477,"<div class=""consent-text""> <h2>Consent Agreement</h2> <p> Please read this consent agreement carefully before deciding whether to participate in this experiment. </p> <p> <strong>Description:</strong> You are invited to participate in a research study about language and language learning. The purpose of the research is to understand how people learn new words. This research will be conducted through the Prolific platform, including participants from the US, UK, and Canada. If you decide to participate in this research, you will learn and use new words. </p> <p> <strong>Time Involvement:</strong> The task will last the amount of time advertised on Prolific. You are free to withdraw from the study at any time. </p> <p> <strong>Risks and Benefits:</strong> Study data will be stored securely, in compliance with Stanford University standards, minimizing the risk of confiden-tiality breach. This study advances our scientific understanding of how people learn new languages. We cannot and do not guarantee or promise that you will receive any benefits from this study. </p> <p> <strong>Compensation:</strong> You will receive payment in the amount advertised on Prolific. If you do not complete this study, you will receive prorated payment based on the time that you have spent. Additionally, you may be eligible for bonus payments as described in the instructions. </p> <p> <strong>Participant's Rights:</strong> If you have read this form and have decided to participate in this project, please understand your participation is voluntary and you have the right to withdraw your consent or discontinue participation at any time without penalty or loss of benefits to which you are otherwise entitled. The alternative is not to participate. You have the right to refuse to answer particular questions. The results of this research study may be presented at scientific or professional meetings or published in scientific journals. Your individual privacy will be maintained in all published and writ-ten data resulting from the study. In accordance with scientific norms, the data from this study may be used or shared with other researchers for future research (after removing personally identifying information) without additional consent from you. </p> <p> <strong>Contact Information:</strong> If you have any questions, concerns or complaints about this research, its procedures, risks and benefits, contact the Protocol Director, Robert Hawkins (<a href=""mailto:rdhawkins@stanford.edu"">rdhawkins@stanford.edu</a>, 217-549-6923). </p> <p> <strong>Independant Contact:</strong> If you are not satisfied with how this study is being conducted, or if you have any concerns, com-plaints, or general questions about the research or your rights as a participant, please contact the Stanford Institutional Review Board (IRB) to speak to someone independent of the research team at 650-723-2480 or toll free at 1-866-680-2906, or email at irbnonmed@stanford.edu. You can also write to the Stanford IRB, Stanford University, 1705 El Camino Real, Palo Alto, CA 94306. Please save or print a copy of this page for your records. </p> <p> <strong>If you agree to participate in this research, please click ""I agree""</strong> </p></br> </div>",0,html-button-response,0,5487,0.0-0.0,agree,2026-05-29T00:45:51.027Z,,,,,,,,,tfwtdfn1s8
1,5647,"
                <h2>Welcome!</h2>
                <p>You will be asked a few simple questions about the possible relationship
                between different things. The questions are unrelated to one another.</p>
                <p>For each question, you will read a statement and choose the most likely
                interpretation from the options presented.</p>
                <p>Please respond thoughtfully.</p>
            ",0,html-button-response,1,11138,0.0-1.0,,,,,,,,,,,tfwtdfn1s8
2,14829,"
        <p>Before we begin, here is a practice question to familiarize you with the format.</p>
        <p>Suppose you read the following piece of information:</p>
        <p class=""trial-statement"">&ldquo;While Maria was typing her report, the phone rang.&rdquo;</p>
        <p class=""trial-question"">Which of the following is most likely?</p>
    ",1,html-button-response,2,25969,0.0-2.0,,,practice,Maria began her report first,correct,,,,,,tfwtdfn1s8
3,20510,"
                    <p>Suppose you read the following piece of information:</p>
                    <p class=""trial-statement"">&ldquo;Efogen is associated with higher probability of Pneuben&rdquo;</p>
                    <p class=""trial-question"">Which of the following is most likely?</p>
                ",0,html-button-response,3,46482,0.0-3.0,,,causal_judgment,Efogen causes an increase in Pneuben,xy,prob_increase,B,prob_increase_B,Efogen is associated with higher probability of Pneuben,"xy,neither,yx",tfwtdfn1s8
4,11135,"
                    <p>Suppose you read the following piece of information:</p>
                    <p class=""trial-statement"">&ldquo;Themaglin is associated with a higher risk of Rebosen&rdquo;</p>
                    <p class=""trial-question"">Which of the following is most likely?</p>
                ",0,html-button-response,4,57619,0.0-4.0,,,causal_judgment,Themaglin causes an increase in Rebosen,xy,risk_increase,A,risk_increase_A,Themaglin is associated with a higher risk of Rebosen,"xy,neither,yx",tfwtdfn1s8
5,40173,"
                    <p>Suppose you read the following piece of information:</p>
                    <p class=""trial-statement"">&ldquo;Flembers is associated with Denoden&rdquo;</p>
                    <p class=""trial-question"">Which of the following is most likely?</p>
                ",0,html-button-response,5,97794,0.0-5.0,,,causal_judgment,Flembers causes Denoden,xy,assoc,B,assoc_B,Flembers is associated with Denoden,"xy,neither,yx",tfwtdfn1s8
6,15828,"
                    <p>Suppose you read the following piece of information:</p>
                    <p class=""trial-statement"">&ldquo;Turilin is associated with lower probability of Laurem&rdquo;</p>
                    <p class=""trial-question"">Which of the following is most likely?</p>
                ",0,html-button-response,6,113625,0.0-6.0,,,causal_judgment,Turilin causes a decrease in Laurem,xy,prob_lower,A,prob_lower_A,Turilin is associated with lower probability of Laurem,"xy,neither,yx",tfwtdfn1s8
7,18461,"
                    <p>Suppose you read the following piece of information:</p>
                    <p class=""trial-statement"">&ldquo;Ceflar is associated with a lower risk of Agoriv&rdquo;</p>
                    <p class=""trial-question"">Which of the following is most likely?</p>
                ",0,html-button-response,7,132089,0.0-7.0,,,causal_judgment,Ceflar causes a decrease in Agoriv,xy,risk_lower,B,risk_lower_B,Ceflar is associated with a lower risk of Agoriv,"xy,neither,yx",tfwtdfn1s8
8,65392,,"{""explain"":""Im not really sure ""}",survey-text,8,197490,0.0-8.0,,,screening,,,,,,,,tfwtdfn1s8
9,6515,,"{""comments"":""no thank you""}",survey-text,9,204009,0.0-9.0,,,comments,,,,,,,,tfwtdfn1s8
10,20336,,"{""age"":""43"",""gender"":""female "",""native_language"":""english "",""education"":""college ""}",survey-text,10,224351,0.0-10.0,,,demographics,,,,,,,,tfwtdfn1s8
0,4403,"<div class=""consent-text""> <h2>Consent Agreement</h2> <p> Please read this consent agreement carefully before deciding whether to participate in this experiment. </p> <p> <strong>Description:</strong> You are invited to participate in a research study about language and language learning. The purpose of the research is to understand how people learn new words. This research will be conducted through the Prolific platform, including participants from the US, UK, and Canada. If you decide to participate in this research, you will learn and use new words. </p> <p> <strong>Time Involvement:</strong> The task will last the amount of time advertised on Prolific. You are free to withdraw from the study at any time. </p> <p> <strong>Risks and Benefits:</strong> Study data will be stored securely, in compliance with Stanford University standards, minimizing the risk of confiden-tiality breach. This study advances our scientific understanding of how people learn new languages. We cannot and do not guarantee or promise that you will receive any benefits from this study. </p> <p> <strong>Compensation:</strong> You will receive payment in the amount advertised on Prolific. If you do not complete this study, you will receive prorated payment based on the time that you have spent. Additionally, you may be eligible for bonus payments as described in the instructions. </p> <p> <strong>Participant's Rights:</strong> If you have read this form and have decided to participate in this project, please understand your participation is voluntary and you have the right to withdraw your consent or discontinue participation at any time without penalty or loss of benefits to which you are otherwise entitled. The alternative is not to participate. You have the right to refuse to answer particular questions. The results of this research study may be presented at scientific or professional meetings or published in scientific journals. Your individual privacy will be maintained in all published and writ-ten data resulting from the study. In accordance with scientific norms, the data from this study may be used or shared with other researchers for future research (after removing personally identifying information) without additional consent from you. </p> <p> <strong>Contact Information:</strong> If you have any questions, concerns or complaints about this research, its procedures, risks and benefits, contact the Protocol Director, Robert Hawkins (<a href=""mailto:rdhawkins@stanford.edu"">rdhawkins@stanford.edu</a>, 217-549-6923). </p> <p> <strong>Independant Contact:</strong> If you are not satisfied with how this study is being conducted, or if you have any concerns, com-plaints, or general questions about the research or your rights as a participant, please contact the Stanford Institutional Review Board (IRB) to speak to someone independent of the research team at 650-723-2480 or toll free at 1-866-680-2906, or email at irbnonmed@stanford.edu. You can also write to the Stanford IRB, Stanford University, 1705 El Camino Real, Palo Alto, CA 94306. Please save or print a copy of this page for your records. </p> <p> <strong>If you agree to participate in this research, please click ""I agree""</strong> </p></br> </div>",0,html-button-response,0,4404,0.0-0.0,agree,2026-05-29T00:51:33.890Z,,,,,,,,,g03vzxnqzc
1,9565,"
                <h2>Welcome!</h2>
                <p>You will be asked a few simple questions about the possible relationship
                between different things. The questions are unrelated to one another.</p>
                <p>For each question, you will read a statement and choose the most likely
                interpretation from the options presented.</p>
                <p>Please respond thoughtfully.</p>
            ",0,html-button-response,1,13970,0.0-1.0,,,,,,,,,,,g03vzxnqzc
2,15332,"
        <p>Before we begin, here is a practice question to familiarize you with the format.</p>
        <p>Suppose you read the following piece of information:</p>
        <p class=""trial-statement"">&ldquo;While Maria was typing her report, the phone rang.&rdquo;</p>
        <p class=""trial-question"">Which of the following is most likely?</p>
    ",0,html-button-response,2,29303,0.0-2.0,,,practice,Maria began her report first,correct,,,,,,g03vzxnqzc
3,60333,"
                    <p>Suppose you read the following piece of information:</p>
                    <p class=""trial-statement"">&ldquo;Laurem is associated with lower probability of Turilin&rdquo;</p>
                    <p class=""trial-question"">Which of the following is most likely?</p>
                ",2,html-button-response,3,89681,0.0-3.0,,,causal_judgment,Laurem causes a decrease in Turilin,xy,prob_lower,B,prob_lower_B,Laurem is associated with lower probability of Turilin,"neither,yx,xy",g03vzxnqzc
4,30216,"
                    <p>Suppose you read the following piece of information:</p>
                    <p class=""trial-statement"">&ldquo;Themaglin is associated with a higher risk of Rebosen&rdquo;</p>
                    <p class=""trial-question"">Which of the following is most likely?</p>
                ",2,html-button-response,4,119898,0.0-4.0,,,causal_judgment,Themaglin causes an increase in Rebosen,xy,risk_increase,A,risk_increase_A,Themaglin is associated with a higher risk of Rebosen,"neither,yx,xy",g03vzxnqzc
5,28365,"
                    <p>Suppose you read the following piece of information:</p>
                    <p class=""trial-statement"">&ldquo;Pneuben is associated with higher probability of Efogen&rdquo;</p>
                    <p class=""trial-question"">Which of the following is most likely?</p>
                ",0,html-button-response,5,148265,0.0-5.0,,,causal_judgment,"A third factor is causally related to Pneuben and Efogen, they are not directly related",neither,prob_increase,A,prob_increase_A,Pneuben is associated with higher probability of Efogen,"neither,yx,xy",g03vzxnqzc
6,19082,"
                    <p>Suppose you read the following piece of information:</p>
                    <p class=""trial-statement"">&ldquo;Ceflar is associated with a lower risk of Agoriv&rdquo;</p>
                    <p class=""trial-question"">Which of the following is most likely?</p>
                ",0,html-button-response,6,167348,0.0-6.0,,,causal_judgment,"A third factor is causally related to Ceflar and Agoriv, they are not directly related",neither,risk_lower,B,risk_lower_B,Ceflar is associated with a lower risk of Agoriv,"neither,yx,xy",g03vzxnqzc
7,17449,"
                    <p>Suppose you read the following piece of information:</p>
                    <p class=""trial-statement"">&ldquo;Flembers is associated with Denoden&rdquo;</p>
                    <p class=""trial-question"">Which of the following is most likely?</p>
                ",0,html-button-response,7,184798,0.0-7.0,,,causal_judgment,"A third factor is causally related to Flembers and Denoden, they are not directly related",neither,assoc,B,assoc_B,Flembers is associated with Denoden,"neither,yx,xy",g03vzxnqzc
8,43742,,"{""explain"":""read the statements and choose the most likely interpretation from the options""}",survey-text,8,228549,0.0-8.0,,,screening,,,,,,,,g03vzxnqzc
9,1263,,"{""comments"":""""}",survey-text,9,229815,0.0-9.0,,,comments,,,,,,,,g03vzxnqzc
10,39716,,"{""age"":""23"",""gender"":""male"",""native_language"":""english"",""education"":""grad High school ""}",survey-text,10,269532,0.0-10.0,,,demographics,,,,,,,,g03vzxnqzc
0,3465,"<div class=""consent-text""> <h2>Consent Agreement</h2> <p> Please read this consent agreement carefully before deciding whether to participate in this experiment. </p> <p> <strong>Description:</strong> You are invited to participate in a research study about language and language learning. The purpose of the research is to understand how people learn new words. This research will be conducted through the Prolific platform, including participants from the US, UK, and Canada. If you decide to participate in this research, you will learn and use new words. </p> <p> <strong>Time Involvement:</strong> The task will last the amount of time advertised on Prolific. You are free to withdraw from the study at any time. </p> <p> <strong>Risks and Benefits:</strong> Study data will be stored securely, in compliance with Stanford University standards, minimizing the risk of confiden-tiality breach. This study advances our scientific understanding of how people learn new languages. We cannot and do not guarantee or promise that you will receive any benefits from this study. </p> <p> <strong>Compensation:</strong> You will receive payment in the amount advertised on Prolific. If you do not complete this study, you will receive prorated payment based on the time that you have spent. Additionally, you may be eligible for bonus payments as described in the instructions. </p> <p> <strong>Participant's Rights:</strong> If you have read this form and have decided to participate in this project, please understand your participation is voluntary and you have the right to withdraw your consent or discontinue participation at any time without penalty or loss of benefits to which you are otherwise entitled. The alternative is not to participate. You have the right to refuse to answer particular questions. The results of this research study may be presented at scientific or professional meetings or published in scientific journals. Your individual privacy will be maintained in all published and writ-ten data resulting from the study. In accordance with scientific norms, the data from this study may be used or shared with other researchers for future research (after removing personally identifying information) without additional consent from you. </p> <p> <strong>Contact Information:</strong> If you have any questions, concerns or complaints about this research, its procedures, risks and benefits, contact the Protocol Director, Robert Hawkins (<a href=""mailto:rdhawkins@stanford.edu"">rdhawkins@stanford.edu</a>, 217-549-6923). </p> <p> <strong>Independant Contact:</strong> If you are not satisfied with how this study is being conducted, or if you have any concerns, com-plaints, or general questions about the research or your rights as a participant, please contact the Stanford Institutional Review Board (IRB) to speak to someone independent of the research team at 650-723-2480 or toll free at 1-866-680-2906, or email at irbnonmed@stanford.edu. You can also write to the Stanford IRB, Stanford University, 1705 El Camino Real, Palo Alto, CA 94306. Please save or print a copy of this page for your records. </p> <p> <strong>If you agree to participate in this research, please click ""I agree""</strong> </p></br> </div>",0,html-button-response,0,3467,0.0-0.0,agree,2026-05-29T00:45:14.707Z,,,,,,,,,nwn8hsg4gg
1,12485,"
                <h2>Welcome!</h2>
                <p>You will be asked a few simple questions about the possible relationship
                between different things. The questions are unrelated to one another.</p>
                <p>For each question, you will read a statement and choose the most likely
                interpretation from the options presented.</p>
                <p>Please respond thoughtfully.</p>
            ",0,html-button-response,1,15954,0.0-1.0,,,,,,,,,,,nwn8hsg4gg
2,15163,"
        <p>Before we begin, here is a practice question to familiarize you with the format.</p>
        <p>Suppose you read the following piece of information:</p>
        <p class=""trial-statement"">&ldquo;While Maria was typing her report, the phone rang.&rdquo;</p>
        <p class=""trial-question"">Which of the following is most likely?</p>
    ",1,html-button-response,2,31119,0.0-2.0,,,practice,Maria began her report first,correct,,,,,,nwn8hsg4gg
3,24265,"
                    <p>Suppose you read the following piece of information:</p>
                    <p class=""trial-statement"">&ldquo;Agoriv is associated with a lower risk of Ceflar&rdquo;</p>
                    <p class=""trial-question"">Which of the following is most likely?</p>
                ",1,html-button-response,3,55384,0.0-3.0,,,causal_judgment,"A third factor is causally related to Agoriv and Ceflar, they are not directly related",neither,risk_lower,A,risk_lower_A,Agoriv is associated with a lower risk of Ceflar,"xy,neither,yx",nwn8hsg4gg
4,16252,"
                    <p>Suppose you read the following piece of information:</p>
                    <p class=""trial-statement"">&ldquo;Laurem is associated with lower probability of Turilin&rdquo;</p>
                    <p class=""trial-question"">Which of the following is most likely?</p>
                ",1,html-button-response,4,71638,0.0-4.0,,,causal_judgment,"A third factor is causally related to Laurem and Turilin, they are not directly related",neither,prob_lower,B,prob_lower_B,Laurem is associated with lower probability of Turilin,"xy,neither,yx",nwn8hsg4gg
5,10174,"
                    <p>Suppose you read the following piece of information:</p>
                    <p class=""trial-statement"">&ldquo;Efogen is associated with higher probability of Pneuben&rdquo;</p>
                    <p class=""trial-question"">Which of the following is most likely?</p>
                ",0,html-button-response,5,81813,0.0-5.0,,,causal_judgment,Efogen causes an increase in Pneuben,xy,prob_increase,B,prob_increase_B,Efogen is associated with higher probability of Pneuben,"xy,neither,yx",nwn8hsg4gg
6,18301,"
                    <p>Suppose you read the following piece of information:</p>
                    <p class=""trial-statement"">&ldquo;Themaglin is associated with a higher risk of Rebosen&rdquo;</p>
                    <p class=""trial-question"">Which of the following is most likely?</p>
                ",0,html-button-response,6,100115,0.0-6.0,,,causal_judgment,Themaglin causes an increase in Rebosen,xy,risk_increase,A,risk_increase_A,Themaglin is associated with a higher risk of Rebosen,"xy,neither,yx",nwn8hsg4gg
7,21951,"
                    <p>Suppose you read the following piece of information:</p>
                    <p class=""trial-statement"">&ldquo;Denoden is associated with Flembers&rdquo;</p>
                    <p class=""trial-question"">Which of the following is most likely?</p>
                ",1,html-button-response,7,122066,0.0-7.0,,,causal_judgment,"A third factor is causally related to Denoden and Flembers, they are not directly related",neither,assoc,A,assoc_A,Denoden is associated with Flembers,"xy,neither,yx",nwn8hsg4gg
8,120078,,"{""explain"":""figuring out if there is a relation between two things, such as a cause and effect.""}",survey-text,8,242152,0.0-8.0,,,screening,,,,,,,,nwn8hsg4gg
9,2062,,"{""comments"":""""}",survey-text,9,244216,0.0-9.0,,,comments,,,,,,,,nwn8hsg4gg
10,26322,,"{""age"":""53"",""gender"":""female"",""native_language"":""English"",""education"":""Bachelor's degree""}",survey-text,10,270539,0.0-10.0,,,demographics,,,,,,,,nwn8hsg4gg
0,3773,"<div class=""consent-text""> <h2>Consent Agreement</h2> <p> Please read this consent agreement carefully before deciding whether to participate in this experiment. </p> <p> <strong>Description:</strong> You are invited to participate in a research study about language and language learning. The purpose of the research is to understand how people learn new words. This research will be conducted through the Prolific platform, including participants from the US, UK, and Canada. If you decide to participate in this research, you will learn and use new words. </p> <p> <strong>Time Involvement:</strong> The task will last the amount of time advertised on Prolific. You are free to withdraw from the study at any time. </p> <p> <strong>Risks and Benefits:</strong> Study data will be stored securely, in compliance with Stanford University standards, minimizing the risk of confiden-tiality breach. This study advances our scientific understanding of how people learn new languages. We cannot and do not guarantee or promise that you will receive any benefits from this study. </p> <p> <strong>Compensation:</strong> You will receive payment in the amount advertised on Prolific. If you do not complete this study, you will receive prorated payment based on the time that you have spent. Additionally, you may be eligible for bonus payments as described in the instructions. </p> <p> <strong>Participant's Rights:</strong> If you have read this form and have decided to participate in this project, please understand your participation is voluntary and you have the right to withdraw your consent or discontinue participation at any time without penalty or loss of benefits to which you are otherwise entitled. The alternative is not to participate. You have the right to refuse to answer particular questions. The results of this research study may be presented at scientific or professional meetings or published in scientific journals. Your individual privacy will be maintained in all published and writ-ten data resulting from the study. In accordance with scientific norms, the data from this study may be used or shared with other researchers for future research (after removing personally identifying information) without additional consent from you. </p> <p> <strong>Contact Information:</strong> If you have any questions, concerns or complaints about this research, its procedures, risks and benefits, contact the Protocol Director, Robert Hawkins (<a href=""mailto:rdhawkins@stanford.edu"">rdhawkins@stanford.edu</a>, 217-549-6923). </p> <p> <strong>Independant Contact:</strong> If you are not satisfied with how this study is being conducted, or if you have any concerns, com-plaints, or general questions about the research or your rights as a participant, please contact the Stanford Institutional Review Board (IRB) to speak to someone independent of the research team at 650-723-2480 or toll free at 1-866-680-2906, or email at irbnonmed@stanford.edu. You can also write to the Stanford IRB, Stanford University, 1705 El Camino Real, Palo Alto, CA 94306. Please save or print a copy of this page for your records. </p> <p> <strong>If you agree to participate in this research, please click ""I agree""</strong> </p></br> </div>",0,html-button-response,0,3776,0.0-0.0,agree,2026-05-29T00:52:04.028Z,,,,,,,,,hfk8o9qecm
1,3924,"
                <h2>Welcome!</h2>
                <p>You will be asked a few simple questions about the possible relationship
                between different things. The questions are unrelated to one another.</p>
                <p>For each question, you will read a statement and choose the most likely
                interpretation from the options presented.</p>
                <p>Please respond thoughtfully.</p>
            ",0,html-button-response,1,7702,0.0-1.0,,,,,,,,,,,hfk8o9qecm
2,15994,"
        <p>Before we begin, here is a practice question to familiarize you with the format.</p>
        <p>Suppose you read the following piece of information:</p>
        <p class=""trial-statement"">&ldquo;While Maria was typing her report, the phone rang.&rdquo;</p>
        <p class=""trial-question"">Which of the following is most likely?</p>
    ",1,html-button-response,2,23696,0.0-2.0,,,practice,Maria began her report first,correct,,,,,,hfk8o9qecm
3,70289,"
                    <p>Suppose you read the following piece of information:</p>
                    <p class=""trial-statement"">&ldquo;Agoriv is associated with a lower risk of Ceflar&rdquo;</p>
                    <p class=""trial-question"">Which of the following is most likely?</p>
                ",1,html-button-response,3,93983,0.0-3.0,,,causal_judgment,Ceflar causes a decrease in Agoriv,yx,risk_lower,A,risk_lower_A,Agoriv is associated with a lower risk of Ceflar,"xy,yx,neither",hfk8o9qecm
4,21819,"
                    <p>Suppose you read the following piece of information:</p>
                    <p class=""trial-statement"">&ldquo;Flembers is associated with Denoden&rdquo;</p>
                    <p class=""trial-question"">Which of the following is most likely?</p>
                ",1,html-button-response,4,115802,0.0-4.0,,,causal_judgment,Denoden causes Flembers,yx,assoc,B,assoc_B,Flembers is associated with Denoden,"xy,yx,neither",hfk8o9qecm
5,15296,"
                    <p>Suppose you read the following piece of information:</p>
                    <p class=""trial-statement"">&ldquo;Pneuben is associated with higher probability of Efogen&rdquo;</p>
                    <p class=""trial-question"">Which of the following is most likely?</p>
                ",1,html-button-response,5,131097,0.0-5.0,,,causal_judgment,Efogen causes an increase in Pneuben,yx,prob_increase,A,prob_increase_A,Pneuben is associated with higher probability of Efogen,"xy,yx,neither",hfk8o9qecm
6,7020,"
                    <p>Suppose you read the following piece of information:</p>
                    <p class=""trial-statement"">&ldquo;Laurem is associated with lower probability of Turilin&rdquo;</p>
                    <p class=""trial-question"">Which of the following is most likely?</p>
                ",1,html-button-response,6,138118,0.0-6.0,,,causal_judgment,Turilin causes a decrease in Laurem,yx,prob_lower,B,prob_lower_B,Laurem is associated with lower probability of Turilin,"xy,yx,neither",hfk8o9qecm
7,2965,"
                    <p>Suppose you read the following piece of information:</p>
                    <p class=""trial-statement"">&ldquo;Themaglin is associated with a higher risk of Rebosen&rdquo;</p>
                    <p class=""trial-question"">Which of the following is most likely?</p>
                ",1,html-button-response,7,141084,0.0-7.0,,,causal_judgment,Rebosen causes an increase in Themaglin,yx,risk_increase,A,risk_increase_A,Themaglin is associated with a higher risk of Rebosen,"xy,yx,neither",hfk8o9qecm
8,36684,,"{""explain"":""decide which disease came first""}",survey-text,8,177772,0.0-8.0,,,screening,,,,,,,,hfk8o9qecm
9,2844,,"{""comments"":""""}",survey-text,9,180617,0.0-9.0,,,comments,,,,,,,,hfk8o9qecm
10,17803,,"{""age"":""58"",""gender"":""female"",""native_language"":""english"",""education"":""masters""}",survey-text,10,198422,0.0-10.0,,,demographics,,,,,,,,hfk8o9qecm
0,2957,"<div class=""consent-text""> <h2>Consent Agreement</h2> <p> Please read this consent agreement carefully before deciding whether to participate in this experiment. </p> <p> <strong>Description:</strong> You are invited to participate in a research study about language and language learning. The purpose of the research is to understand how people learn new words. This research will be conducted through the Prolific platform, including participants from the US, UK, and Canada. If you decide to participate in this research, you will learn and use new words. </p> <p> <strong>Time Involvement:</strong> The task will last the amount of time advertised on Prolific. You are free to withdraw from the study at any time. </p> <p> <strong>Risks and Benefits:</strong> Study data will be stored securely, in compliance with Stanford University standards, minimizing the risk of confiden-tiality breach. This study advances our scientific understanding of how people learn new languages. We cannot and do not guarantee or promise that you will receive any benefits from this study. </p> <p> <strong>Compensation:</strong> You will receive payment in the amount advertised on Prolific. If you do not complete this study, you will receive prorated payment based on the time that you have spent. Additionally, you may be eligible for bonus payments as described in the instructions. </p> <p> <strong>Participant's Rights:</strong> If you have read this form and have decided to participate in this project, please understand your participation is voluntary and you have the right to withdraw your consent or discontinue participation at any time without penalty or loss of benefits to which you are otherwise entitled. The alternative is not to participate. You have the right to refuse to answer particular questions. The results of this research study may be presented at scientific or professional meetings or published in scientific journals. Your individual privacy will be maintained in all published and writ-ten data resulting from the study. In accordance with scientific norms, the data from this study may be used or shared with other researchers for future research (after removing personally identifying information) without additional consent from you. </p> <p> <strong>Contact Information:</strong> If you have any questions, concerns or complaints about this research, its procedures, risks and benefits, contact the Protocol Director, Robert Hawkins (<a href=""mailto:rdhawkins@stanford.edu"">rdhawkins@stanford.edu</a>, 217-549-6923). </p> <p> <strong>Independant Contact:</strong> If you are not satisfied with how this study is being conducted, or if you have any concerns, com-plaints, or general questions about the research or your rights as a participant, please contact the Stanford Institutional Review Board (IRB) to speak to someone independent of the research team at 650-723-2480 or toll free at 1-866-680-2906, or email at irbnonmed@stanford.edu. You can also write to the Stanford IRB, Stanford University, 1705 El Camino Real, Palo Alto, CA 94306. Please save or print a copy of this page for your records. </p> <p> <strong>If you agree to participate in this research, please click ""I agree""</strong> </p></br> </div>",0,html-button-response,0,2964,0.0-0.0,agree,2026-05-29T00:45:11.409Z,,,,,,,,,yvkf73wv70
1,6336,"
                <h2>Welcome!</h2>
                <p>You will be asked a few simple questions about the possible relationship
                between different things. The questions are unrelated to one another.</p>
                <p>For each question, you will read a statement and choose the most likely
                interpretation from the options presented.</p>
                <p>Please respond thoughtfully.</p>
            ",0,html-button-response,1,9311,0.0-1.0,,,,,,,,,,,yvkf73wv70
2,15476,"
        <p>Before we begin, here is a practice question to familiarize you with the format.</p>
        <p>Suppose you read the following piece of information:</p>
        <p class=""trial-statement"">&ldquo;While Maria was typing her report, the phone rang.&rdquo;</p>
        <p class=""trial-question"">Which of the following is most likely?</p>
    ",1,html-button-response,2,24791,0.0-2.0,,,practice,Maria began her report first,correct,,,,,,yvkf73wv70
3,31010,"
                    <p>Suppose you read the following piece of information:</p>
                    <p class=""trial-statement"">&ldquo;Laurem is associated with lower probability of Turilin&rdquo;</p>
                    <p class=""trial-question"">Which of the following is most likely?</p>
                ",1,html-button-response,3,55806,0.0-3.0,,,causal_judgment,Laurem causes a decrease in Turilin,xy,prob_lower,B,prob_lower_B,Laurem is associated with lower probability of Turilin,"neither,xy,yx",yvkf73wv70
4,140400,"
                    <p>Suppose you read the following piece of information:</p>
                    <p class=""trial-statement"">&ldquo;Agoriv is associated with a lower risk of Ceflar&rdquo;</p>
                    <p class=""trial-question"">Which of the following is most likely?</p>
                ",1,html-button-response,4,196209,0.0-4.0,,,causal_judgment,Agoriv causes a decrease in Ceflar,xy,risk_lower,A,risk_lower_A,Agoriv is associated with a lower risk of Ceflar,"neither,xy,yx",yvkf73wv70
5,111219,"
                    <p>Suppose you read the following piece of information:</p>
                    <p class=""trial-statement"">&ldquo;Denoden is associated with Flembers&rdquo;</p>
                    <p class=""trial-question"">Which of the following is most likely?</p>
                ",2,html-button-response,5,307432,0.0-5.0,,,causal_judgment,Flembers causes Denoden,yx,assoc,A,assoc_A,Denoden is associated with Flembers,"neither,xy,yx",yvkf73wv70
6,315060,"
                    <p>Suppose you read the following piece of information:</p>
                    <p class=""trial-statement"">&ldquo;Themaglin is associated with a higher risk of Rebosen&rdquo;</p>
                    <p class=""trial-question"">Which of the following is most likely?</p>
                ",2,html-button-response,6,622497,0.0-6.0,,,causal_judgment,Rebosen causes an increase in Themaglin,yx,risk_increase,A,risk_increase_A,Themaglin is associated with a higher risk of Rebosen,"neither,xy,yx",yvkf73wv70
7,7101,"
                    <p>Suppose you read the following piece of information:</p>
                    <p class=""trial-statement"">&ldquo;Efogen is associated with higher probability of Pneuben&rdquo;</p>
                    <p class=""trial-question"">Which of the following is most likely?</p>
                ",1,html-button-response,7,629600,0.0-7.0,,,causal_judgment,Efogen causes an increase in Pneuben,xy,prob_increase,B,prob_increase_B,Efogen is associated with higher probability of Pneuben,"neither,xy,yx",yvkf73wv70
8,20243,,"{""explain"":""Compare meaning and explanations to different situations.""}",survey-text,8,649868,0.0-8.0,,,screening,,,,,,,,yvkf73wv70
9,2362,,"{""comments"":""""}",survey-text,9,652237,0.0-9.0,,,comments,,,,,,,,yvkf73wv70
10,16640,,"{""age"":""54"",""gender"":""female"",""native_language"":""English"",""education"":""Some College""}",survey-text,10,668885,0.0-10.0,,,demographics,,,,,,,,yvkf73wv70
0,2237,"<div class=""consent-text""> <h2>Consent Agreement</h2> <p> Please read this consent agreement carefully before deciding whether to participate in this experiment. </p> <p> <strong>Description:</strong> You are invited to participate in a research study about language and language learning. The purpose of the research is to understand how people learn new words. This research will be conducted through the Prolific platform, including participants from the US, UK, and Canada. If you decide to participate in this research, you will learn and use new words. </p> <p> <strong>Time Involvement:</strong> The task will last the amount of time advertised on Prolific. You are free to withdraw from the study at any time. </p> <p> <strong>Risks and Benefits:</strong> Study data will be stored securely, in compliance with Stanford University standards, minimizing the risk of confiden-tiality breach. This study advances our scientific understanding of how people learn new languages. We cannot and do not guarantee or promise that you will receive any benefits from this study. </p> <p> <strong>Compensation:</strong> You will receive payment in the amount advertised on Prolific. If you do not complete this study, you will receive prorated payment based on the time that you have spent. Additionally, you may be eligible for bonus payments as described in the instructions. </p> <p> <strong>Participant's Rights:</strong> If you have read this form and have decided to participate in this project, please understand your participation is voluntary and you have the right to withdraw your consent or discontinue participation at any time without penalty or loss of benefits to which you are otherwise entitled. The alternative is not to participate. You have the right to refuse to answer particular questions. The results of this research study may be presented at scientific or professional meetings or published in scientific journals. Your individual privacy will be maintained in all published and writ-ten data resulting from the study. In accordance with scientific norms, the data from this study may be used or shared with other researchers for future research (after removing personally identifying information) without additional consent from you. </p> <p> <strong>Contact Information:</strong> If you have any questions, concerns or complaints about this research, its procedures, risks and benefits, contact the Protocol Director, Robert Hawkins (<a href=""mailto:rdhawkins@stanford.edu"">rdhawkins@stanford.edu</a>, 217-549-6923). </p> <p> <strong>Independant Contact:</strong> If you are not satisfied with how this study is being conducted, or if you have any concerns, com-plaints, or general questions about the research or your rights as a participant, please contact the Stanford Institutional Review Board (IRB) to speak to someone independent of the research team at 650-723-2480 or toll free at 1-866-680-2906, or email at irbnonmed@stanford.edu. You can also write to the Stanford IRB, Stanford University, 1705 El Camino Real, Palo Alto, CA 94306. Please save or print a copy of this page for your records. </p> <p> <strong>If you agree to participate in this research, please click ""I agree""</strong> </p></br> </div>",0,html-button-response,0,2252,0.0-0.0,agree,2026-05-29T00:47:30.112Z,,,,,,,,,uwocbh0u2d
1,869,"
                <h2>Welcome!</h2>
                <p>You will be asked a few simple questions about the possible relationship
                between different things. The questions are unrelated to one another.</p>
                <p>For each question, you will read a statement and choose the most likely
                interpretation from the options presented.</p>
                <p>Please respond thoughtfully.</p>
            ",0,html-button-response,1,3122,0.0-1.0,,,,,,,,,,,uwocbh0u2d
2,3539,"
        <p>Before we begin, here is a practice question to familiarize you with the format.</p>
        <p>Suppose you read the following piece of information:</p>
        <p class=""trial-statement"">&ldquo;While Maria was typing her report, the phone rang.&rdquo;</p>
        <p class=""trial-question"">Which of the following is most likely?</p>
    ",1,html-button-response,2,6664,0.0-2.0,,,practice,Maria began her report first,correct,,,,,,uwocbh0u2d
3,9442,"
                    <p>Suppose you read the following piece of information:</p>
                    <p class=""trial-statement"">&ldquo;Flembers is associated with Denoden&rdquo;</p>
                    <p class=""trial-question"">Which of the following is most likely?</p>
                ",0,html-button-response,3,16108,0.0-3.0,,,causal_judgment,"A third factor is causally related to Flembers and Denoden, they are not directly related",neither,assoc,B,assoc_B,Flembers is associated with Denoden,"neither,xy,yx",uwocbh0u2d
4,5561,"
                    <p>Suppose you read the following piece of information:</p>
                    <p class=""trial-statement"">&ldquo;Themaglin is associated with a higher risk of Rebosen&rdquo;</p>
                    <p class=""trial-question"">Which of the following is most likely?</p>
                ",1,html-button-response,4,21670,0.0-4.0,,,causal_judgment,Themaglin causes an increase in Rebosen,xy,risk_increase,A,risk_increase_A,Themaglin is associated with a higher risk of Rebosen,"neither,xy,yx",uwocbh0u2d
5,252392,"
                    <p>Suppose you read the following piece of information:</p>
                    <p class=""trial-statement"">&ldquo;Turilin is associated with lower probability of Laurem&rdquo;</p>
                    <p class=""trial-question"">Which of the following is most likely?</p>
                ",1,html-button-response,5,274065,0.0-5.0,,,causal_judgment,Turilin causes a decrease in Laurem,xy,prob_lower,A,prob_lower_A,Turilin is associated with lower probability of Laurem,"neither,xy,yx",uwocbh0u2d
6,2324,"
                    <p>Suppose you read the following piece of information:</p>
                    <p class=""trial-statement"">&ldquo;Ceflar is associated with a lower risk of Agoriv&rdquo;</p>
                    <p class=""trial-question"">Which of the following is most likely?</p>
                ",2,html-button-response,6,276391,0.0-6.0,,,causal_judgment,Agoriv causes a decrease in Ceflar,yx,risk_lower,B,risk_lower_B,Ceflar is associated with a lower risk of Agoriv,"neither,xy,yx",uwocbh0u2d
7,3722,"
                    <p>Suppose you read the following piece of information:</p>
                    <p class=""trial-statement"">&ldquo;Pneuben is associated with higher probability of Efogen&rdquo;</p>
                    <p class=""trial-question"">Which of the following is most likely?</p>
                ",1,html-button-response,7,280113,0.0-7.0,,,causal_judgment,Pneuben causes an increase in Efogen,xy,prob_increase,A,prob_increase_A,Pneuben is associated with higher probability of Efogen,"neither,xy,yx",uwocbh0u2d
8,6580,,"{""explain"":""Measure probabilities""}",survey-text,8,286716,0.0-8.0,,,screening,,,,,,,,uwocbh0u2d
9,1928,,"{""comments"":""No.""}",survey-text,9,288647,0.0-9.0,,,comments,,,,,,,,uwocbh0u2d
10,6223,,"{""age"":""28"",""gender"":""male"",""native_language"":""english"",""education"":""""}",survey-text,10,294917,0.0-10.0,,,demographics,,,,,,,,uwocbh0u2d
0,73486,"<div class=""consent-text""> <h2>Consent Agreement</h2> <p> Please read this consent agreement carefully before deciding whether to participate in this experiment. </p> <p> <strong>Description:</strong> You are invited to participate in a research study about language and language learning. The purpose of the research is to understand how people learn new words. This research will be conducted through the Prolific platform, including participants from the US, UK, and Canada. If you decide to participate in this research, you will learn and use new words. </p> <p> <strong>Time Involvement:</strong> The task will last the amount of time advertised on Prolific. You are free to withdraw from the study at any time. </p> <p> <strong>Risks and Benefits:</strong> Study data will be stored securely, in compliance with Stanford University standards, minimizing the risk of confiden-tiality breach. This study advances our scientific understanding of how people learn new languages. We cannot and do not guarantee or promise that you will receive any benefits from this study. </p> <p> <strong>Compensation:</strong> You will receive payment in the amount advertised on Prolific. If you do not complete this study, you will receive prorated payment based on the time that you have spent. Additionally, you may be eligible for bonus payments as described in the instructions. </p> <p> <strong>Participant's Rights:</strong> If you have read this form and have decided to participate in this project, please understand your participation is voluntary and you have the right to withdraw your consent or discontinue participation at any time without penalty or loss of benefits to which you are otherwise entitled. The alternative is not to participate. You have the right to refuse to answer particular questions. The results of this research study may be presented at scientific or professional meetings or published in scientific journals. Your individual privacy will be maintained in all published and writ-ten data resulting from the study. In accordance with scientific norms, the data from this study may be used or shared with other researchers for future research (after removing personally identifying information) without additional consent from you. </p> <p> <strong>Contact Information:</strong> If you have any questions, concerns or complaints about this research, its procedures, risks and benefits, contact the Protocol Director, Robert Hawkins (<a href=""mailto:rdhawkins@stanford.edu"">rdhawkins@stanford.edu</a>, 217-549-6923). </p> <p> <strong>Independant Contact:</strong> If you are not satisfied with how this study is being conducted, or if you have any concerns, com-plaints, or general questions about the research or your rights as a participant, please contact the Stanford Institutional Review Board (IRB) to speak to someone independent of the research team at 650-723-2480 or toll free at 1-866-680-2906, or email at irbnonmed@stanford.edu. You can also write to the Stanford IRB, Stanford University, 1705 El Camino Real, Palo Alto, CA 94306. Please save or print a copy of this page for your records. </p> <p> <strong>If you agree to participate in this research, please click ""I agree""</strong> </p></br> </div>",0,html-button-response,0,73491,0.0-0.0,agree,2026-05-29T00:48:09.399Z,,,,,,,,,xuc477z3ax
1,8372,"
                <h2>Welcome!</h2>
                <p>You will be asked a few simple questions about the possible relationship
                between different things. The questions are unrelated to one another.</p>
                <p>For each question, you will read a statement and choose the most likely
                interpretation from the options presented.</p>
                <p>Please respond thoughtfully.</p>
            ",0,html-button-response,1,81865,0.0-1.0,,,,,,,,,,,xuc477z3ax
2,15526,"
        <p>Before we begin, here is a practice question to familiarize you with the format.</p>
        <p>Suppose you read the following piece of information:</p>
        <p class=""trial-statement"">&ldquo;While Maria was typing her report, the phone rang.&rdquo;</p>
        <p class=""trial-question"">Which of the following is most likely?</p>
    ",0,html-button-response,2,97393,0.0-2.0,,,practice,Maria began her report first,correct,,,,,,xuc477z3ax
3,35635,"
                    <p>Suppose you read the following piece of information:</p>
                    <p class=""trial-statement"">&ldquo;Turilin is associated with lower probability of Laurem&rdquo;</p>
                    <p class=""trial-question"">Which of the following is most likely?</p>
                ",1,html-button-response,3,133030,0.0-3.0,,,causal_judgment,Turilin causes a decrease in Laurem,xy,prob_lower,A,prob_lower_A,Turilin is associated with lower probability of Laurem,"yx,xy,neither",xuc477z3ax
4,21996,"
                    <p>Suppose you read the following piece of information:</p>
                    <p class=""trial-statement"">&ldquo;Flembers is associated with Denoden&rdquo;</p>
                    <p class=""trial-question"">Which of the following is most likely?</p>
                ",2,html-button-response,4,155027,0.0-4.0,,,causal_judgment,"A third factor is causally related to Flembers and Denoden, they are not directly related",neither,assoc,B,assoc_B,Flembers is associated with Denoden,"yx,xy,neither",xuc477z3ax
5,23526,"
                    <p>Suppose you read the following piece of information:</p>
                    <p class=""trial-statement"">&ldquo;Pneuben is associated with higher probability of Efogen&rdquo;</p>
                    <p class=""trial-question"">Which of the following is most likely?</p>
                ",1,html-button-response,5,178554,0.0-5.0,,,causal_judgment,Pneuben causes an increase in Efogen,xy,prob_increase,A,prob_increase_A,Pneuben is associated with higher probability of Efogen,"yx,xy,neither",xuc477z3ax
6,21334,"
                    <p>Suppose you read the following piece of information:</p>
                    <p class=""trial-statement"">&ldquo;Ceflar is associated with a lower risk of Agoriv&rdquo;</p>
                    <p class=""trial-question"">Which of the following is most likely?</p>
                ",2,html-button-response,6,199891,0.0-6.0,,,causal_judgment,"A third factor is causally related to Ceflar and Agoriv, they are not directly related",neither,risk_lower,B,risk_lower_B,Ceflar is associated with a lower risk of Agoriv,"yx,xy,neither",xuc477z3ax
7,10951,"
                    <p>Suppose you read the following piece of information:</p>
                    <p class=""trial-statement"">&ldquo;Rebosen is associated with a higher risk of Themaglin&rdquo;</p>
                    <p class=""trial-question"">Which of the following is most likely?</p>
                ",1,html-button-response,7,210843,0.0-7.0,,,causal_judgment,Rebosen causes an increase in Themaglin,xy,risk_increase,B,risk_increase_B,Rebosen is associated with a higher risk of Themaglin,"yx,xy,neither",xuc477z3ax
8,41179,,"{""explain"":""Read a sentence and choose what i think that sentence means""}",survey-text,8,252036,0.0-8.0,,,screening,,,,,,,,xuc477z3ax
9,2716,,"{""comments"":""""}",survey-text,9,254755,0.0-9.0,,,comments,,,,,,,,xuc477z3ax
10,17128,,"{""age"":""25"",""gender"":""male"",""native_language"":""english"",""education"":""high school""}",survey-text,10,271889,0.0-10.0,,,demographics,,,,,,,,xuc477z3ax
0,2866,"<div class=""consent-text""> <h2>Consent Agreement</h2> <p> Please read this consent agreement carefully before deciding whether to participate in this experiment. </p> <p> <strong>Description:</strong> You are invited to participate in a research study about language and language learning. The purpose of the research is to understand how people learn new words. This research will be conducted through the Prolific platform, including participants from the US, UK, and Canada. If you decide to participate in this research, you will learn and use new words. </p> <p> <strong>Time Involvement:</strong> The task will last the amount of time advertised on Prolific. You are free to withdraw from the study at any time. </p> <p> <strong>Risks and Benefits:</strong> Study data will be stored securely, in compliance with Stanford University standards, minimizing the risk of confiden-tiality breach. This study advances our scientific understanding of how people learn new languages. We cannot and do not guarantee or promise that you will receive any benefits from this study. </p> <p> <strong>Compensation:</strong> You will receive payment in the amount advertised on Prolific. If you do not complete this study, you will receive prorated payment based on the time that you have spent. Additionally, you may be eligible for bonus payments as described in the instructions. </p> <p> <strong>Participant's Rights:</strong> If you have read this form and have decided to participate in this project, please understand your participation is voluntary and you have the right to withdraw your consent or discontinue participation at any time without penalty or loss of benefits to which you are otherwise entitled. The alternative is not to participate. You have the right to refuse to answer particular questions. The results of this research study may be presented at scientific or professional meetings or published in scientific journals. Your individual privacy will be maintained in all published and writ-ten data resulting from the study. In accordance with scientific norms, the data from this study may be used or shared with other researchers for future research (after removing personally identifying information) without additional consent from you. </p> <p> <strong>Contact Information:</strong> If you have any questions, concerns or complaints about this research, its procedures, risks and benefits, contact the Protocol Director, Robert Hawkins (<a href=""mailto:rdhawkins@stanford.edu"">rdhawkins@stanford.edu</a>, 217-549-6923). </p> <p> <strong>Independant Contact:</strong> If you are not satisfied with how this study is being conducted, or if you have any concerns, com-plaints, or general questions about the research or your rights as a participant, please contact the Stanford Institutional Review Board (IRB) to speak to someone independent of the research team at 650-723-2480 or toll free at 1-866-680-2906, or email at irbnonmed@stanford.edu. You can also write to the Stanford IRB, Stanford University, 1705 El Camino Real, Palo Alto, CA 94306. Please save or print a copy of this page for your records. </p> <p> <strong>If you agree to participate in this research, please click ""I agree""</strong> </p></br> </div>",0,html-button-response,0,2869,0.0-0.0,agree,2026-05-29T00:49:26.917Z,,,,,,,,,ch8mptq82p
1,6678,"
                <h2>Welcome!</h2>
                <p>You will be asked a few simple questions about the possible relationship
                between different things. The questions are unrelated to one another.</p>
                <p>For each question, you will read a statement and choose the most likely
                interpretation from the options presented.</p>
                <p>Please respond thoughtfully.</p>
            ",0,html-button-response,1,9550,0.0-1.0,,,,,,,,,,,ch8mptq82p
2,11515,"
        <p>Before we begin, here is a practice question to familiarize you with the format.</p>
        <p>Suppose you read the following piece of information:</p>
        <p class=""trial-statement"">&ldquo;While Maria was typing her report, the phone rang.&rdquo;</p>
        <p class=""trial-question"">Which of the following is most likely?</p>
    ",1,html-button-response,2,21066,0.0-2.0,,,practice,Maria began her report first,correct,,,,,,ch8mptq82p
3,73851,"
                    <p>Suppose you read the following piece of information:</p>
                    <p class=""trial-statement"">&ldquo;Agoriv is associated with a lower risk of Ceflar&rdquo;</p>
                    <p class=""trial-question"">Which of the following is most likely?</p>
                ",0,html-button-response,3,94916,0.0-3.0,,,causal_judgment,"A third factor is causally related to Agoriv and Ceflar, they are not directly related",neither,risk_lower,A,risk_lower_A,Agoriv is associated with a lower risk of Ceflar,"neither,xy,yx",ch8mptq82p
4,10098,"
                    <p>Suppose you read the following piece of information:</p>
                    <p class=""trial-statement"">&ldquo;Flembers is associated with Denoden&rdquo;</p>
                    <p class=""trial-question"">Which of the following is most likely?</p>
                ",0,html-button-response,4,105016,0.0-4.0,,,causal_judgment,"A third factor is causally related to Flembers and Denoden, they are not directly related",neither,assoc,B,assoc_B,Flembers is associated with Denoden,"neither,xy,yx",ch8mptq82p
5,15882,"
                    <p>Suppose you read the following piece of information:</p>
                    <p class=""trial-statement"">&ldquo;Pneuben is associated with higher probability of Efogen&rdquo;</p>
                    <p class=""trial-question"">Which of the following is most likely?</p>
                ",0,html-button-response,5,120899,0.0-5.0,,,causal_judgment,"A third factor is causally related to Pneuben and Efogen, they are not directly related",neither,prob_increase,A,prob_increase_A,Pneuben is associated with higher probability of Efogen,"neither,xy,yx",ch8mptq82p
6,4331,"
                    <p>Suppose you read the following piece of information:</p>
                    <p class=""trial-statement"">&ldquo;Turilin is associated with lower probability of Laurem&rdquo;</p>
                    <p class=""trial-question"">Which of the following is most likely?</p>
                ",0,html-button-response,6,125232,0.0-6.0,,,causal_judgment,"A third factor is causally related to Turilin and Laurem, they are not directly related",neither,prob_lower,A,prob_lower_A,Turilin is associated with lower probability of Laurem,"neither,xy,yx",ch8mptq82p
7,4999,"
                    <p>Suppose you read the following piece of information:</p>
                    <p class=""trial-statement"">&ldquo;Rebosen is associated with a higher risk of Themaglin&rdquo;</p>
                    <p class=""trial-question"">Which of the following is most likely?</p>
                ",0,html-button-response,7,130232,0.0-7.0,,,causal_judgment,"A third factor is causally related to Rebosen and Themaglin, they are not directly related",neither,risk_increase,B,risk_increase_B,Rebosen is associated with a higher risk of Themaglin,"neither,xy,yx",ch8mptq82p
8,85777,,"{""explain"":""Look at a sentence and determine what the meaning of it was (whether or not it meant causality between two attributes).  ""}",survey-text,8,216017,0.0-8.0,,,screening,,,,,,,,ch8mptq82p
9,5330,,"{""comments"":""None""}",survey-text,9,221349,0.0-9.0,,,comments,,,,,,,,ch8mptq82p
10,21498,,"{""age"":""50"",""gender"":""female"",""native_language"":""English"",""education"":""Post Graduate Diploma""}",survey-text,10,242849,0.0-10.0,,,demographics,,,,,,,,ch8mptq82p
0,4088,"<div class=""consent-text""> <h2>Consent Agreement</h2> <p> Please read this consent agreement carefully before deciding whether to participate in this experiment. </p> <p> <strong>Description:</strong> You are invited to participate in a research study about language and language learning. The purpose of the research is to understand how people learn new words. This research will be conducted through the Prolific platform, including participants from the US, UK, and Canada. If you decide to participate in this research, you will learn and use new words. </p> <p> <strong>Time Involvement:</strong> The task will last the amount of time advertised on Prolific. You are free to withdraw from the study at any time. </p> <p> <strong>Risks and Benefits:</strong> Study data will be stored securely, in compliance with Stanford University standards, minimizing the risk of confiden-tiality breach. This study advances our scientific understanding of how people learn new languages. We cannot and do not guarantee or promise that you will receive any benefits from this study. </p> <p> <strong>Compensation:</strong> You will receive payment in the amount advertised on Prolific. If you do not complete this study, you will receive prorated payment based on the time that you have spent. Additionally, you may be eligible for bonus payments as described in the instructions. </p> <p> <strong>Participant's Rights:</strong> If you have read this form and have decided to participate in this project, please understand your participation is voluntary and you have the right to withdraw your consent or discontinue participation at any time without penalty or loss of benefits to which you are otherwise entitled. The alternative is not to participate. You have the right to refuse to answer particular questions. The results of this research study may be presented at scientific or professional meetings or published in scientific journals. Your individual privacy will be maintained in all published and writ-ten data resulting from the study. In accordance with scientific norms, the data from this study may be used or shared with other researchers for future research (after removing personally identifying information) without additional consent from you. </p> <p> <strong>Contact Information:</strong> If you have any questions, concerns or complaints about this research, its procedures, risks and benefits, contact the Protocol Director, Robert Hawkins (<a href=""mailto:rdhawkins@stanford.edu"">rdhawkins@stanford.edu</a>, 217-549-6923). </p> <p> <strong>Independant Contact:</strong> If you are not satisfied with how this study is being conducted, or if you have any concerns, com-plaints, or general questions about the research or your rights as a participant, please contact the Stanford Institutional Review Board (IRB) to speak to someone independent of the research team at 650-723-2480 or toll free at 1-866-680-2906, or email at irbnonmed@stanford.edu. You can also write to the Stanford IRB, Stanford University, 1705 El Camino Real, Palo Alto, CA 94306. Please save or print a copy of this page for your records. </p> <p> <strong>If you agree to participate in this research, please click ""I agree""</strong> </p></br> </div>",0,html-button-response,0,4090,0.0-0.0,agree,2026-05-29T00:45:13.620Z,,,,,,,,,b6ofvfpdjx
1,1547,"
                <h2>Welcome!</h2>
                <p>You will be asked a few simple questions about the possible relationship
                between different things. The questions are unrelated to one another.</p>
                <p>For each question, you will read a statement and choose the most likely
                interpretation from the options presented.</p>
                <p>Please respond thoughtfully.</p>
            ",0,html-button-response,1,5638,0.0-1.0,,,,,,,,,,,b6ofvfpdjx
2,29510,"
        <p>Before we begin, here is a practice question to familiarize you with the format.</p>
        <p>Suppose you read the following piece of information:</p>
        <p class=""trial-statement"">&ldquo;While Maria was typing her report, the phone rang.&rdquo;</p>
        <p class=""trial-question"">Which of the following is most likely?</p>
    ",0,html-button-response,2,35149,0.0-2.0,,,practice,Maria began her report first,correct,,,,,,b6ofvfpdjx
3,17032,"
                    <p>Suppose you read the following piece of information:</p>
                    <p class=""trial-statement"">&ldquo;Turilin is associated with lower probability of Laurem&rdquo;</p>
                    <p class=""trial-question"">Which of the following is most likely?</p>
                ",1,html-button-response,3,52181,0.0-3.0,,,causal_judgment,"A third factor is causally related to Turilin and Laurem, they are not directly related",neither,prob_lower,A,prob_lower_A,Turilin is associated with lower probability of Laurem,"yx,neither,xy",b6ofvfpdjx
4,16045,"
                    <p>Suppose you read the following piece of information:</p>
                    <p class=""trial-statement"">&ldquo;Pneuben is associated with higher probability of Efogen&rdquo;</p>
                    <p class=""trial-question"">Which of the following is most likely?</p>
                ",2,html-button-response,4,68226,0.0-4.0,,,causal_judgment,Pneuben causes an increase in Efogen,xy,prob_increase,A,prob_increase_A,Pneuben is associated with higher probability of Efogen,"yx,neither,xy",b6ofvfpdjx
5,12953,"
                    <p>Suppose you read the following piece of information:</p>
                    <p class=""trial-statement"">&ldquo;Agoriv is associated with a lower risk of Ceflar&rdquo;</p>
                    <p class=""trial-question"">Which of the following is most likely?</p>
                ",2,html-button-response,5,81180,0.0-5.0,,,causal_judgment,Agoriv causes a decrease in Ceflar,xy,risk_lower,A,risk_lower_A,Agoriv is associated with a lower risk of Ceflar,"yx,neither,xy",b6ofvfpdjx
6,13132,"
                    <p>Suppose you read the following piece of information:</p>
                    <p class=""trial-statement"">&ldquo;Flembers is associated with Denoden&rdquo;</p>
                    <p class=""trial-question"">Which of the following is most likely?</p>
                ",2,html-button-response,6,94313,0.0-6.0,,,causal_judgment,Flembers causes Denoden,xy,assoc,B,assoc_B,Flembers is associated with Denoden,"yx,neither,xy",b6ofvfpdjx
7,11678,"
                    <p>Suppose you read the following piece of information:</p>
                    <p class=""trial-statement"">&ldquo;Rebosen is associated with a higher risk of Themaglin&rdquo;</p>
                    <p class=""trial-question"">Which of the following is most likely?</p>
                ",2,html-button-response,7,105991,0.0-7.0,,,causal_judgment,Rebosen causes an increase in Themaglin,xy,risk_increase,B,risk_increase_B,Rebosen is associated with a higher risk of Themaglin,"yx,neither,xy",b6ofvfpdjx
8,46144,,"{""explain"":""confirm something thats been stated""}",survey-text,8,152139,0.0-8.0,,,screening,,,,,,,,b6ofvfpdjx
9,1834,,"{""comments"":""""}",survey-text,9,153974,0.0-9.0,,,comments,,,,,,,,b6ofvfpdjx
10,3834,,"{""age"":"""",""gender"":"""",""native_language"":"""",""education"":""""}",survey-text,10,157809,0.0-10.0,,,demographics,,,,,,,,b6ofvfpdjx
0,3344,"<div class=""consent-text""> <h2>Consent Agreement</h2> <p> Please read this consent agreement carefully before deciding whether to participate in this experiment. </p> <p> <strong>Description:</strong> You are invited to participate in a research study about language and language learning. The purpose of the research is to understand how people learn new words. This research will be conducted through the Prolific platform, including participants from the US, UK, and Canada. If you decide to participate in this research, you will learn and use new words. </p> <p> <strong>Time Involvement:</strong> The task will last the amount of time advertised on Prolific. You are free to withdraw from the study at any time. </p> <p> <strong>Risks and Benefits:</strong> Study data will be stored securely, in compliance with Stanford University standards, minimizing the risk of confiden-tiality breach. This study advances our scientific understanding of how people learn new languages. We cannot and do not guarantee or promise that you will receive any benefits from this study. </p> <p> <strong>Compensation:</strong> You will receive payment in the amount advertised on Prolific. If you do not complete this study, you will receive prorated payment based on the time that you have spent. Additionally, you may be eligible for bonus payments as described in the instructions. </p> <p> <strong>Participant's Rights:</strong> If you have read this form and have decided to participate in this project, please understand your participation is voluntary and you have the right to withdraw your consent or discontinue participation at any time without penalty or loss of benefits to which you are otherwise entitled. The alternative is not to participate. You have the right to refuse to answer particular questions. The results of this research study may be presented at scientific or professional meetings or published in scientific journals. Your individual privacy will be maintained in all published and writ-ten data resulting from the study. In accordance with scientific norms, the data from this study may be used or shared with other researchers for future research (after removing personally identifying information) without additional consent from you. </p> <p> <strong>Contact Information:</strong> If you have any questions, concerns or complaints about this research, its procedures, risks and benefits, contact the Protocol Director, Robert Hawkins (<a href=""mailto:rdhawkins@stanford.edu"">rdhawkins@stanford.edu</a>, 217-549-6923). </p> <p> <strong>Independant Contact:</strong> If you are not satisfied with how this study is being conducted, or if you have any concerns, com-plaints, or general questions about the research or your rights as a participant, please contact the Stanford Institutional Review Board (IRB) to speak to someone independent of the research team at 650-723-2480 or toll free at 1-866-680-2906, or email at irbnonmed@stanford.edu. You can also write to the Stanford IRB, Stanford University, 1705 El Camino Real, Palo Alto, CA 94306. Please save or print a copy of this page for your records. </p> <p> <strong>If you agree to participate in this research, please click ""I agree""</strong> </p></br> </div>",0,html-button-response,0,3352,0.0-0.0,agree,2026-05-29T00:45:47.138Z,,,,,,,,,meyqpatnj0
1,1793,"
                <h2>Welcome!</h2>
                <p>You will be asked a few simple questions about the possible relationship
                between different things. The questions are unrelated to one another.</p>
                <p>For each question, you will read a statement and choose the most likely
                interpretation from the options presented.</p>
                <p>Please respond thoughtfully.</p>
            ",0,html-button-response,1,5153,0.0-1.0,,,,,,,,,,,meyqpatnj0
2,14724,"
        <p>Before we begin, here is a practice question to familiarize you with the format.</p>
        <p>Suppose you read the following piece of information:</p>
        <p class=""trial-statement"">&ldquo;While Maria was typing her report, the phone rang.&rdquo;</p>
        <p class=""trial-question"">Which of the following is most likely?</p>
    ",1,html-button-response,2,19880,0.0-2.0,,,practice,Maria began her report first,correct,,,,,,meyqpatnj0
3,17751,"
                    <p>Suppose you read the following piece of information:</p>
                    <p class=""trial-statement"">&ldquo;Turilin is associated with lower probability of Laurem&rdquo;</p>
                    <p class=""trial-question"">Which of the following is most likely?</p>
                ",0,html-button-response,3,37634,0.0-3.0,,,causal_judgment,Turilin causes a decrease in Laurem,xy,prob_lower,A,prob_lower_A,Turilin is associated with lower probability of Laurem,"xy,yx,neither",meyqpatnj0
4,16578,"
                    <p>Suppose you read the following piece of information:</p>
                    <p class=""trial-statement"">&ldquo;Pneuben is associated with higher probability of Efogen&rdquo;</p>
                    <p class=""trial-question"">Which of the following is most likely?</p>
                ",0,html-button-response,4,54216,0.0-4.0,,,causal_judgment,Pneuben causes an increase in Efogen,xy,prob_increase,A,prob_increase_A,Pneuben is associated with higher probability of Efogen,"xy,yx,neither",meyqpatnj0
5,6932,"
                    <p>Suppose you read the following piece of information:</p>
                    <p class=""trial-statement"">&ldquo;Rebosen is associated with a higher risk of Themaglin&rdquo;</p>
                    <p class=""trial-question"">Which of the following is most likely?</p>
                ",0,html-button-response,5,61151,0.0-5.0,,,causal_judgment,Rebosen causes an increase in Themaglin,xy,risk_increase,B,risk_increase_B,Rebosen is associated with a higher risk of Themaglin,"xy,yx,neither",meyqpatnj0
6,5542,"
                    <p>Suppose you read the following piece of information:</p>
                    <p class=""trial-statement"">&ldquo;Denoden is associated with Flembers&rdquo;</p>
                    <p class=""trial-question"">Which of the following is most likely?</p>
                ",0,html-button-response,6,66696,0.0-6.0,,,causal_judgment,Denoden causes Flembers,xy,assoc,A,assoc_A,Denoden is associated with Flembers,"xy,yx,neither",meyqpatnj0
7,6466,"
                    <p>Suppose you read the following piece of information:</p>
                    <p class=""trial-statement"">&ldquo;Ceflar is associated with a lower risk of Agoriv&rdquo;</p>
                    <p class=""trial-question"">Which of the following is most likely?</p>
                ",0,html-button-response,7,73167,0.0-7.0,,,causal_judgment,Ceflar causes a decrease in Agoriv,xy,risk_lower,B,risk_lower_B,Ceflar is associated with a lower risk of Agoriv,"xy,yx,neither",meyqpatnj0
8,22314,,"{""explain"":""draw conclusions from sentences""}",survey-text,8,95517,0.0-8.0,,,screening,,,,,,,,meyqpatnj0
9,3856,,"{""comments"":""good""}",survey-text,9,99375,0.0-9.0,,,comments,,,,,,,,meyqpatnj0
10,15885,,"{""age"":""30"",""gender"":""female"",""native_language"":""English"",""education"":""masters ""}",survey-text,10,115286,0.0-10.0,,,demographics,,,,,,,,meyqpatnj0
0,42887,"<div class=""consent-text""> <h2>Consent Agreement</h2> <p> Please read this consent agreement carefully before deciding whether to participate in this experiment. </p> <p> <strong>Description:</strong> You are invited to participate in a research study about language and language learning. The purpose of the research is to understand how people learn new words. This research will be conducted through the Prolific platform, including participants from the US, UK, and Canada. If you decide to participate in this research, you will learn and use new words. </p> <p> <strong>Time Involvement:</strong> The task will last the amount of time advertised on Prolific. You are free to withdraw from the study at any time. </p> <p> <strong>Risks and Benefits:</strong> Study data will be stored securely, in compliance with Stanford University standards, minimizing the risk of confiden-tiality breach. This study advances our scientific understanding of how people learn new languages. We cannot and do not guarantee or promise that you will receive any benefits from this study. </p> <p> <strong>Compensation:</strong> You will receive payment in the amount advertised on Prolific. If you do not complete this study, you will receive prorated payment based on the time that you have spent. Additionally, you may be eligible for bonus payments as described in the instructions. </p> <p> <strong>Participant's Rights:</strong> If you have read this form and have decided to participate in this project, please understand your participation is voluntary and you have the right to withdraw your consent or discontinue participation at any time without penalty or loss of benefits to which you are otherwise entitled. The alternative is not to participate. You have the right to refuse to answer particular questions. The results of this research study may be presented at scientific or professional meetings or published in scientific journals. Your individual privacy will be maintained in all published and writ-ten data resulting from the study. In accordance with scientific norms, the data from this study may be used or shared with other researchers for future research (after removing personally identifying information) without additional consent from you. </p> <p> <strong>Contact Information:</strong> If you have any questions, concerns or complaints about this research, its procedures, risks and benefits, contact the Protocol Director, Robert Hawkins (<a href=""mailto:rdhawkins@stanford.edu"">rdhawkins@stanford.edu</a>, 217-549-6923). </p> <p> <strong>Independant Contact:</strong> If you are not satisfied with how this study is being conducted, or if you have any concerns, com-plaints, or general questions about the research or your rights as a participant, please contact the Stanford Institutional Review Board (IRB) to speak to someone independent of the research team at 650-723-2480 or toll free at 1-866-680-2906, or email at irbnonmed@stanford.edu. You can also write to the Stanford IRB, Stanford University, 1705 El Camino Real, Palo Alto, CA 94306. Please save or print a copy of this page for your records. </p> <p> <strong>If you agree to participate in this research, please click ""I agree""</strong> </p></br> </div>",0,html-button-response,0,42907,0.0-0.0,agree,2026-05-29T00:45:50.880Z,,,,,,,,,fkvo16qz3a
1,26575,"
                <h2>Welcome!</h2>
                <p>You will be asked a few simple questions about the possible relationship
                between different things. The questions are unrelated to one another.</p>
                <p>For each question, you will read a statement and choose the most likely
                interpretation from the options presented.</p>
                <p>Please respond thoughtfully.</p>
            ",0,html-button-response,1,69493,0.0-1.0,,,,,,,,,,,fkvo16qz3a
2,12655,"
        <p>Before we begin, here is a practice question to familiarize you with the format.</p>
        <p>Suppose you read the following piece of information:</p>
        <p class=""trial-statement"">&ldquo;While Maria was typing her report, the phone rang.&rdquo;</p>
        <p class=""trial-question"">Which of the following is most likely?</p>
    ",0,html-button-response,2,82156,0.0-2.0,,,practice,Maria began her report first,correct,,,,,,fkvo16qz3a
3,40364,"
                    <p>Suppose you read the following piece of information:</p>
                    <p class=""trial-statement"">&ldquo;Pneuben is associated with higher probability of Efogen&rdquo;</p>
                    <p class=""trial-question"">Which of the following is most likely?</p>
                ",1,html-button-response,3,122525,0.0-3.0,,,causal_judgment,Pneuben causes an increase in Efogen,xy,prob_increase,A,prob_increase_A,Pneuben is associated with higher probability of Efogen,"neither,xy,yx",fkvo16qz3a
4,15977,"
                    <p>Suppose you read the following piece of information:</p>
                    <p class=""trial-statement"">&ldquo;Laurem is associated with lower probability of Turilin&rdquo;</p>
                    <p class=""trial-question"">Which of the following is most likely?</p>
                ",1,html-button-response,4,138507,0.0-4.0,,,causal_judgment,Laurem causes a decrease in Turilin,xy,prob_lower,B,prob_lower_B,Laurem is associated with lower probability of Turilin,"neither,xy,yx",fkvo16qz3a
5,6002,"
                    <p>Suppose you read the following piece of information:</p>
                    <p class=""trial-statement"">&ldquo;Denoden is associated with Flembers&rdquo;</p>
                    <p class=""trial-question"">Which of the following is most likely?</p>
                ",0,html-button-response,5,144513,0.0-5.0,,,causal_judgment,"A third factor is causally related to Denoden and Flembers, they are not directly related",neither,assoc,A,assoc_A,Denoden is associated with Flembers,"neither,xy,yx",fkvo16qz3a
6,6628,"
                    <p>Suppose you read the following piece of information:</p>
                    <p class=""trial-statement"">&ldquo;Agoriv is associated with a lower risk of Ceflar&rdquo;</p>
                    <p class=""trial-question"">Which of the following is most likely?</p>
                ",1,html-button-response,6,151147,0.0-6.0,,,causal_judgment,Agoriv causes a decrease in Ceflar,xy,risk_lower,A,risk_lower_A,Agoriv is associated with a lower risk of Ceflar,"neither,xy,yx",fkvo16qz3a
7,5261,"
                    <p>Suppose you read the following piece of information:</p>
                    <p class=""trial-statement"">&ldquo;Rebosen is associated with a higher risk of Themaglin&rdquo;</p>
                    <p class=""trial-question"">Which of the following is most likely?</p>
                ",1,html-button-response,7,156410,0.0-7.0,,,causal_judgment,Rebosen causes an increase in Themaglin,xy,risk_increase,B,risk_increase_B,Rebosen is associated with a higher risk of Themaglin,"neither,xy,yx",fkvo16qz3a
8,11466,,"{""explain"":""I was asked to relate how certain things were related to each other""}",survey-text,8,167935,0.0-8.0,,,screening,,,,,,,,fkvo16qz3a
9,3856,,"{""comments"":""no""}",survey-text,9,171797,0.0-9.0,,,comments,,,,,,,,fkvo16qz3a
10,19748,,"{""age"":""45"",""gender"":""male"",""native_language"":""English "",""education"":""associates""}",survey-text,10,191566,0.0-10.0,,,demographics,,,,,,,,fkvo16qz3a
0,9873,"<div class=""consent-text""> <h2>Consent Agreement</h2> <p> Please read this consent agreement carefully before deciding whether to participate in this experiment. </p> <p> <strong>Description:</strong> You are invited to participate in a research study about language and language learning. The purpose of the research is to understand how people learn new words. This research will be conducted through the Prolific platform, including participants from the US, UK, and Canada. If you decide to participate in this research, you will learn and use new words. </p> <p> <strong>Time Involvement:</strong> The task will last the amount of time advertised on Prolific. You are free to withdraw from the study at any time. </p> <p> <strong>Risks and Benefits:</strong> Study data will be stored securely, in compliance with Stanford University standards, minimizing the risk of confiden-tiality breach. This study advances our scientific understanding of how people learn new languages. We cannot and do not guarantee or promise that you will receive any benefits from this study. </p> <p> <strong>Compensation:</strong> You will receive payment in the amount advertised on Prolific. If you do not complete this study, you will receive prorated payment based on the time that you have spent. Additionally, you may be eligible for bonus payments as described in the instructions. </p> <p> <strong>Participant's Rights:</strong> If you have read this form and have decided to participate in this project, please understand your participation is voluntary and you have the right to withdraw your consent or discontinue participation at any time without penalty or loss of benefits to which you are otherwise entitled. The alternative is not to participate. You have the right to refuse to answer particular questions. The results of this research study may be presented at scientific or professional meetings or published in scientific journals. Your individual privacy will be maintained in all published and writ-ten data resulting from the study. In accordance with scientific norms, the data from this study may be used or shared with other researchers for future research (after removing personally identifying information) without additional consent from you. </p> <p> <strong>Contact Information:</strong> If you have any questions, concerns or complaints about this research, its procedures, risks and benefits, contact the Protocol Director, Robert Hawkins (<a href=""mailto:rdhawkins@stanford.edu"">rdhawkins@stanford.edu</a>, 217-549-6923). </p> <p> <strong>Independant Contact:</strong> If you are not satisfied with how this study is being conducted, or if you have any concerns, com-plaints, or general questions about the research or your rights as a participant, please contact the Stanford Institutional Review Board (IRB) to speak to someone independent of the research team at 650-723-2480 or toll free at 1-866-680-2906, or email at irbnonmed@stanford.edu. You can also write to the Stanford IRB, Stanford University, 1705 El Camino Real, Palo Alto, CA 94306. Please save or print a copy of this page for your records. </p> <p> <strong>If you agree to participate in this research, please click ""I agree""</strong> </p></br> </div>",0,html-button-response,0,9878,0.0-0.0,agree,2026-05-29T00:47:47.781Z,,,,,,,,,5gdv93cfnx
1,12797,"
                <h2>Welcome!</h2>
                <p>You will be asked a few simple questions about the possible relationship
                between different things. The questions are unrelated to one another.</p>
                <p>For each question, you will read a statement and choose the most likely
                interpretation from the options presented.</p>
                <p>Please respond thoughtfully.</p>
            ",0,html-button-response,1,22677,0.0-1.0,,,,,,,,,,,5gdv93cfnx
2,32576,"
        <p>Before we begin, here is a practice question to familiarize you with the format.</p>
        <p>Suppose you read the following piece of information:</p>
        <p class=""trial-statement"">&ldquo;While Maria was typing her report, the phone rang.&rdquo;</p>
        <p class=""trial-question"">Which of the following is most likely?</p>
    ",1,html-button-response,2,55255,0.0-2.0,,,practice,Maria began her report first,correct,,,,,,5gdv93cfnx
3,21989,"
                    <p>Suppose you read the following piece of information:</p>
                    <p class=""trial-statement"">&ldquo;Flembers is associated with Denoden&rdquo;</p>
                    <p class=""trial-question"">Which of the following is most likely?</p>
                ",1,html-button-response,3,77246,0.0-3.0,,,causal_judgment,"A third factor is causally related to Flembers and Denoden, they are not directly related",neither,assoc,B,assoc_B,Flembers is associated with Denoden,"xy,neither,yx",5gdv93cfnx
4,23450,"
                    <p>Suppose you read the following piece of information:</p>
                    <p class=""trial-statement"">&ldquo;Laurem is associated with lower probability of Turilin&rdquo;</p>
                    <p class=""trial-question"">Which of the following is most likely?</p>
                ",0,html-button-response,4,100698,0.0-4.0,,,causal_judgment,Laurem causes a decrease in Turilin,xy,prob_lower,B,prob_lower_B,Laurem is associated with lower probability of Turilin,"xy,neither,yx",5gdv93cfnx
5,9228,"
                    <p>Suppose you read the following piece of information:</p>
                    <p class=""trial-statement"">&ldquo;Efogen is associated with higher probability of Pneuben&rdquo;</p>
                    <p class=""trial-question"">Which of the following is most likely?</p>
                ",0,html-button-response,5,109927,0.0-5.0,,,causal_judgment,Efogen causes an increase in Pneuben,xy,prob_increase,B,prob_increase_B,Efogen is associated with higher probability of Pneuben,"xy,neither,yx",5gdv93cfnx
6,6960,"
                    <p>Suppose you read the following piece of information:</p>
                    <p class=""trial-statement"">&ldquo;Themaglin is associated with a higher risk of Rebosen&rdquo;</p>
                    <p class=""trial-question"">Which of the following is most likely?</p>
                ",0,html-button-response,6,116888,0.0-6.0,,,causal_judgment,Themaglin causes an increase in Rebosen,xy,risk_increase,A,risk_increase_A,Themaglin is associated with a higher risk of Rebosen,"xy,neither,yx",5gdv93cfnx
7,19529,"
                    <p>Suppose you read the following piece of information:</p>
                    <p class=""trial-statement"">&ldquo;Agoriv is associated with a lower risk of Ceflar&rdquo;</p>
                    <p class=""trial-question"">Which of the following is most likely?</p>
                ",0,html-button-response,7,136418,0.0-7.0,,,causal_judgment,Agoriv causes a decrease in Ceflar,xy,risk_lower,A,risk_lower_A,Agoriv is associated with a lower risk of Ceflar,"xy,neither,yx",5gdv93cfnx
8,32310,,"{""explain"":""Explain the relationships between two words.""}",survey-text,8,168738,0.0-8.0,,,screening,,,,,,,,5gdv93cfnx
9,6644,,"{""comments"":""no""}",survey-text,9,175387,0.0-9.0,,,comments,,,,,,,,5gdv93cfnx
10,34574,,"{""age"":""34"",""gender"":""w"",""native_language"":""english"",""education"":""MS""}",survey-text,10,209966,0.0-10.0,,,demographics,,,,,,,,5gdv93cfnx
0,1504,"<div class=""consent-text""> <h2>Consent Agreement</h2> <p> Please read this consent agreement carefully before deciding whether to participate in this experiment. </p> <p> <strong>Description:</strong> You are invited to participate in a research study about language and language learning. The purpose of the research is to understand how people learn new words. This research will be conducted through the Prolific platform, including participants from the US, UK, and Canada. If you decide to participate in this research, you will learn and use new words. </p> <p> <strong>Time Involvement:</strong> The task will last the amount of time advertised on Prolific. You are free to withdraw from the study at any time. </p> <p> <strong>Risks and Benefits:</strong> Study data will be stored securely, in compliance with Stanford University standards, minimizing the risk of confiden-tiality breach. This study advances our scientific understanding of how people learn new languages. We cannot and do not guarantee or promise that you will receive any benefits from this study. </p> <p> <strong>Compensation:</strong> You will receive payment in the amount advertised on Prolific. If you do not complete this study, you will receive prorated payment based on the time that you have spent. Additionally, you may be eligible for bonus payments as described in the instructions. </p> <p> <strong>Participant's Rights:</strong> If you have read this form and have decided to participate in this project, please understand your participation is voluntary and you have the right to withdraw your consent or discontinue participation at any time without penalty or loss of benefits to which you are otherwise entitled. The alternative is not to participate. You have the right to refuse to answer particular questions. The results of this research study may be presented at scientific or professional meetings or published in scientific journals. Your individual privacy will be maintained in all published and writ-ten data resulting from the study. In accordance with scientific norms, the data from this study may be used or shared with other researchers for future research (after removing personally identifying information) without additional consent from you. </p> <p> <strong>Contact Information:</strong> If you have any questions, concerns or complaints about this research, its procedures, risks and benefits, contact the Protocol Director, Robert Hawkins (<a href=""mailto:rdhawkins@stanford.edu"">rdhawkins@stanford.edu</a>, 217-549-6923). </p> <p> <strong>Independant Contact:</strong> If you are not satisfied with how this study is being conducted, or if you have any concerns, com-plaints, or general questions about the research or your rights as a participant, please contact the Stanford Institutional Review Board (IRB) to speak to someone independent of the research team at 650-723-2480 or toll free at 1-866-680-2906, or email at irbnonmed@stanford.edu. You can also write to the Stanford IRB, Stanford University, 1705 El Camino Real, Palo Alto, CA 94306. Please save or print a copy of this page for your records. </p> <p> <strong>If you agree to participate in this research, please click ""I agree""</strong> </p></br> </div>",0,html-button-response,0,1507,0.0-0.0,agree,2026-05-29T00:45:28.389Z,,,,,,,,,9rsam536wg
1,1134,"
                <h2>Welcome!</h2>
                <p>You will be asked a few simple questions about the possible relationship
                between different things. The questions are unrelated to one another.</p>
                <p>For each question, you will read a statement and choose the most likely
                interpretation from the options presented.</p>
                <p>Please respond thoughtfully.</p>
            ",0,html-button-response,1,2642,0.0-1.0,,,,,,,,,,,9rsam536wg
2,9344,"
        <p>Before we begin, here is a practice question to familiarize you with the format.</p>
        <p>Suppose you read the following piece of information:</p>
        <p class=""trial-statement"">&ldquo;While Maria was typing her report, the phone rang.&rdquo;</p>
        <p class=""trial-question"">Which of the following is most likely?</p>
    ",1,html-button-response,2,11987,0.0-2.0,,,practice,Maria began her report first,correct,,,,,,9rsam536wg
3,16130,"
                    <p>Suppose you read the following piece of information:</p>
                    <p class=""trial-statement"">&ldquo;Efogen is associated with higher probability of Pneuben&rdquo;</p>
                    <p class=""trial-question"">Which of the following is most likely?</p>
                ",1,html-button-response,3,28117,0.0-3.0,,,causal_judgment,Efogen causes an increase in Pneuben,xy,prob_increase,B,prob_increase_B,Efogen is associated with higher probability of Pneuben,"yx,xy,neither",9rsam536wg
4,9240,"
                    <p>Suppose you read the following piece of information:</p>
                    <p class=""trial-statement"">&ldquo;Rebosen is associated with a higher risk of Themaglin&rdquo;</p>
                    <p class=""trial-question"">Which of the following is most likely?</p>
                ",1,html-button-response,4,37358,0.0-4.0,,,causal_judgment,Rebosen causes an increase in Themaglin,xy,risk_increase,B,risk_increase_B,Rebosen is associated with a higher risk of Themaglin,"yx,xy,neither",9rsam536wg
5,24153,"
                    <p>Suppose you read the following piece of information:</p>
                    <p class=""trial-statement"">&ldquo;Agoriv is associated with a lower risk of Ceflar&rdquo;</p>
                    <p class=""trial-question"">Which of the following is most likely?</p>
                ",1,html-button-response,5,61512,0.0-5.0,,,causal_judgment,Agoriv causes a decrease in Ceflar,xy,risk_lower,A,risk_lower_A,Agoriv is associated with a lower risk of Ceflar,"yx,xy,neither",9rsam536wg
6,21641,"
                    <p>Suppose you read the following piece of information:</p>
                    <p class=""trial-statement"">&ldquo;Turilin is associated with lower probability of Laurem&rdquo;</p>
                    <p class=""trial-question"">Which of the following is most likely?</p>
                ",1,html-button-response,6,83154,0.0-6.0,,,causal_judgment,Turilin causes a decrease in Laurem,xy,prob_lower,A,prob_lower_A,Turilin is associated with lower probability of Laurem,"yx,xy,neither",9rsam536wg
7,5288,"
                    <p>Suppose you read the following piece of information:</p>
                    <p class=""trial-statement"">&ldquo;Denoden is associated with Flembers&rdquo;</p>
                    <p class=""trial-question"">Which of the following is most likely?</p>
                ",1,html-button-response,7,88443,0.0-7.0,,,causal_judgment,Denoden causes Flembers,xy,assoc,A,assoc_A,Denoden is associated with Flembers,"yx,xy,neither",9rsam536wg
8,24797,,"{""explain"":""Choose the correct answer based off context clues""}",survey-text,8,113247,0.0-8.0,,,screening,,,,,,,,9rsam536wg
9,1782,,"{""comments"":""""}",survey-text,9,115030,0.0-9.0,,,comments,,,,,,,,9rsam536wg
10,19105,,"{""age"":""32"",""gender"":""male"",""native_language"":""English"",""education"":""bachelors""}",survey-text,10,134138,0.0-10.0,,,demographics,,,,,,,,9rsam536wg
0,9227,"<div class=""consent-text""> <h2>Consent Agreement</h2> <p> Please read this consent agreement carefully before deciding whether to participate in this experiment. </p> <p> <strong>Description:</strong> You are invited to participate in a research study about language and language learning. The purpose of the research is to understand how people learn new words. This research will be conducted through the Prolific platform, including participants from the US, UK, and Canada. If you decide to participate in this research, you will learn and use new words. </p> <p> <strong>Time Involvement:</strong> The task will last the amount of time advertised on Prolific. You are free to withdraw from the study at any time. </p> <p> <strong>Risks and Benefits:</strong> Study data will be stored securely, in compliance with Stanford University standards, minimizing the risk of confiden-tiality breach. This study advances our scientific understanding of how people learn new languages. We cannot and do not guarantee or promise that you will receive any benefits from this study. </p> <p> <strong>Compensation:</strong> You will receive payment in the amount advertised on Prolific. If you do not complete this study, you will receive prorated payment based on the time that you have spent. Additionally, you may be eligible for bonus payments as described in the instructions. </p> <p> <strong>Participant's Rights:</strong> If you have read this form and have decided to participate in this project, please understand your participation is voluntary and you have the right to withdraw your consent or discontinue participation at any time without penalty or loss of benefits to which you are otherwise entitled. The alternative is not to participate. You have the right to refuse to answer particular questions. The results of this research study may be presented at scientific or professional meetings or published in scientific journals. Your individual privacy will be maintained in all published and writ-ten data resulting from the study. In accordance with scientific norms, the data from this study may be used or shared with other researchers for future research (after removing personally identifying information) without additional consent from you. </p> <p> <strong>Contact Information:</strong> If you have any questions, concerns or complaints about this research, its procedures, risks and benefits, contact the Protocol Director, Robert Hawkins (<a href=""mailto:rdhawkins@stanford.edu"">rdhawkins@stanford.edu</a>, 217-549-6923). </p> <p> <strong>Independant Contact:</strong> If you are not satisfied with how this study is being conducted, or if you have any concerns, com-plaints, or general questions about the research or your rights as a participant, please contact the Stanford Institutional Review Board (IRB) to speak to someone independent of the research team at 650-723-2480 or toll free at 1-866-680-2906, or email at irbnonmed@stanford.edu. You can also write to the Stanford IRB, Stanford University, 1705 El Camino Real, Palo Alto, CA 94306. Please save or print a copy of this page for your records. </p> <p> <strong>If you agree to participate in this research, please click ""I agree""</strong> </p></br> </div>",0,html-button-response,0,9233,0.0-0.0,agree,2026-05-29T00:47:20.013Z,,,,,,,,,msl1ekz0ad
1,2930,"
                <h2>Welcome!</h2>
                <p>You will be asked a few simple questions about the possible relationship
                between different things. The questions are unrelated to one another.</p>
                <p>For each question, you will read a statement and choose the most likely
                interpretation from the options presented.</p>
                <p>Please respond thoughtfully.</p>
            ",0,html-button-response,1,12166,0.0-1.0,,,,,,,,,,,msl1ekz0ad
2,21590,"
        <p>Before we begin, here is a practice question to familiarize you with the format.</p>
        <p>Suppose you read the following piece of information:</p>
        <p class=""trial-statement"">&ldquo;While Maria was typing her report, the phone rang.&rdquo;</p>
        <p class=""trial-question"">Which of the following is most likely?</p>
    ",1,html-button-response,2,33758,0.0-2.0,,,practice,Maria began her report first,correct,,,,,,msl1ekz0ad
3,41272,"
                    <p>Suppose you read the following piece of information:</p>
                    <p class=""trial-statement"">&ldquo;Efogen is associated with higher probability of Pneuben&rdquo;</p>
                    <p class=""trial-question"">Which of the following is most likely?</p>
                ",1,html-button-response,3,75033,0.0-3.0,,,causal_judgment,Pneuben causes an increase in Efogen,yx,prob_increase,B,prob_increase_B,Efogen is associated with higher probability of Pneuben,"neither,yx,xy",msl1ekz0ad
4,26198,"
                    <p>Suppose you read the following piece of information:</p>
                    <p class=""trial-statement"">&ldquo;Agoriv is associated with a lower risk of Ceflar&rdquo;</p>
                    <p class=""trial-question"">Which of the following is most likely?</p>
                ",2,html-button-response,4,101233,0.0-4.0,,,causal_judgment,Agoriv causes a decrease in Ceflar,xy,risk_lower,A,risk_lower_A,Agoriv is associated with a lower risk of Ceflar,"neither,yx,xy",msl1ekz0ad
5,21067,"
                    <p>Suppose you read the following piece of information:</p>
                    <p class=""trial-statement"">&ldquo;Flembers is associated with Denoden&rdquo;</p>
                    <p class=""trial-question"">Which of the following is most likely?</p>
                ",2,html-button-response,5,122302,0.0-5.0,,,causal_judgment,Flembers causes Denoden,xy,assoc,B,assoc_B,Flembers is associated with Denoden,"neither,yx,xy",msl1ekz0ad
6,51447,"
                    <p>Suppose you read the following piece of information:</p>
                    <p class=""trial-statement"">&ldquo;Turilin is associated with lower probability of Laurem&rdquo;</p>
                    <p class=""trial-question"">Which of the following is most likely?</p>
                ",2,html-button-response,6,173752,0.0-6.0,,,causal_judgment,Turilin causes a decrease in Laurem,xy,prob_lower,A,prob_lower_A,Turilin is associated with lower probability of Laurem,"neither,yx,xy",msl1ekz0ad
7,17314,"
                    <p>Suppose you read the following piece of information:</p>
                    <p class=""trial-statement"">&ldquo;Rebosen is associated with a higher risk of Themaglin&rdquo;</p>
                    <p class=""trial-question"">Which of the following is most likely?</p>
                ",2,html-button-response,7,191068,0.0-7.0,,,causal_judgment,Rebosen causes an increase in Themaglin,xy,risk_increase,B,risk_increase_B,Rebosen is associated with a higher risk of Themaglin,"neither,yx,xy",msl1ekz0ad
8,24133,,"{""explain"":""Having to choose association ""}",survey-text,8,215210,0.0-8.0,,,screening,,,,,,,,msl1ekz0ad
9,55565,,"{""comments"":""I am not familiar with these names nor can l predict the area in which they are associated ""}",survey-text,9,270785,0.0-9.0,,,comments,,,,,,,,msl1ekz0ad
10,40871,,"{""age"":""67"",""gender"":""Female "",""native_language"":""English "",""education"":""Cert lV in Disabilities""}",survey-text,10,311664,0.0-10.0,,,demographics,,,,,,,,msl1ekz0ad
0,3445,"<div class=""consent-text""> <h2>Consent Agreement</h2> <p> Please read this consent agreement carefully before deciding whether to participate in this experiment. </p> <p> <strong>Description:</strong> You are invited to participate in a research study about language and language learning. The purpose of the research is to understand how people learn new words. This research will be conducted through the Prolific platform, including participants from the US, UK, and Canada. If you decide to participate in this research, you will learn and use new words. </p> <p> <strong>Time Involvement:</strong> The task will last the amount of time advertised on Prolific. You are free to withdraw from the study at any time. </p> <p> <strong>Risks and Benefits:</strong> Study data will be stored securely, in compliance with Stanford University standards, minimizing the risk of confiden-tiality breach. This study advances our scientific understanding of how people learn new languages. We cannot and do not guarantee or promise that you will receive any benefits from this study. </p> <p> <strong>Compensation:</strong> You will receive payment in the amount advertised on Prolific. If you do not complete this study, you will receive prorated payment based on the time that you have spent. Additionally, you may be eligible for bonus payments as described in the instructions. </p> <p> <strong>Participant's Rights:</strong> If you have read this form and have decided to participate in this project, please understand your participation is voluntary and you have the right to withdraw your consent or discontinue participation at any time without penalty or loss of benefits to which you are otherwise entitled. The alternative is not to participate. You have the right to refuse to answer particular questions. The results of this research study may be presented at scientific or professional meetings or published in scientific journals. Your individual privacy will be maintained in all published and writ-ten data resulting from the study. In accordance with scientific norms, the data from this study may be used or shared with other researchers for future research (after removing personally identifying information) without additional consent from you. </p> <p> <strong>Contact Information:</strong> If you have any questions, concerns or complaints about this research, its procedures, risks and benefits, contact the Protocol Director, Robert Hawkins (<a href=""mailto:rdhawkins@stanford.edu"">rdhawkins@stanford.edu</a>, 217-549-6923). </p> <p> <strong>Independant Contact:</strong> If you are not satisfied with how this study is being conducted, or if you have any concerns, com-plaints, or general questions about the research or your rights as a participant, please contact the Stanford Institutional Review Board (IRB) to speak to someone independent of the research team at 650-723-2480 or toll free at 1-866-680-2906, or email at irbnonmed@stanford.edu. You can also write to the Stanford IRB, Stanford University, 1705 El Camino Real, Palo Alto, CA 94306. Please save or print a copy of this page for your records. </p> <p> <strong>If you agree to participate in this research, please click ""I agree""</strong> </p></br> </div>",0,html-button-response,0,3455,0.0-0.0,agree,2026-05-29T00:45:40.152Z,,,,,,,,,dhnc0pjpfn
1,30798,"
                <h2>Welcome!</h2>
                <p>You will be asked a few simple questions about the possible relationship
                between different things. The questions are unrelated to one another.</p>
                <p>For each question, you will read a statement and choose the most likely
                interpretation from the options presented.</p>
                <p>Please respond thoughtfully.</p>
            ",0,html-button-response,1,34256,0.0-1.0,,,,,,,,,,,dhnc0pjpfn
2,22750,"
        <p>Before we begin, here is a practice question to familiarize you with the format.</p>
        <p>Suppose you read the following piece of information:</p>
        <p class=""trial-statement"">&ldquo;While Maria was typing her report, the phone rang.&rdquo;</p>
        <p class=""trial-question"">Which of the following is most likely?</p>
    ",1,html-button-response,2,57009,0.0-2.0,,,practice,Maria began her report first,correct,,,,,,dhnc0pjpfn
3,82717,"
                    <p>Suppose you read the following piece of information:</p>
                    <p class=""trial-statement"">&ldquo;Agoriv is associated with a lower risk of Ceflar&rdquo;</p>
                    <p class=""trial-question"">Which of the following is most likely?</p>
                ",0,html-button-response,3,139727,0.0-3.0,,,causal_judgment,"A third factor is causally related to Agoriv and Ceflar, they are not directly related",neither,risk_lower,A,risk_lower_A,Agoriv is associated with a lower risk of Ceflar,"neither,xy,yx",dhnc0pjpfn
4,39277,"
                    <p>Suppose you read the following piece of information:</p>
                    <p class=""trial-statement"">&ldquo;Efogen is associated with higher probability of Pneuben&rdquo;</p>
                    <p class=""trial-question"">Which of the following is most likely?</p>
                ",0,html-button-response,4,179004,0.0-4.0,,,causal_judgment,"A third factor is causally related to Efogen and Pneuben, they are not directly related",neither,prob_increase,B,prob_increase_B,Efogen is associated with higher probability of Pneuben,"neither,xy,yx",dhnc0pjpfn
5,24886,"
                    <p>Suppose you read the following piece of information:</p>
                    <p class=""trial-statement"">&ldquo;Denoden is associated with Flembers&rdquo;</p>
                    <p class=""trial-question"">Which of the following is most likely?</p>
                ",0,html-button-response,5,203893,0.0-5.0,,,causal_judgment,"A third factor is causally related to Denoden and Flembers, they are not directly related",neither,assoc,A,assoc_A,Denoden is associated with Flembers,"neither,xy,yx",dhnc0pjpfn
6,26448,"
                    <p>Suppose you read the following piece of information:</p>
                    <p class=""trial-statement"">&ldquo;Laurem is associated with lower probability of Turilin&rdquo;</p>
                    <p class=""trial-question"">Which of the following is most likely?</p>
                ",0,html-button-response,6,230343,0.0-6.0,,,causal_judgment,"A third factor is causally related to Laurem and Turilin, they are not directly related",neither,prob_lower,B,prob_lower_B,Laurem is associated with lower probability of Turilin,"neither,xy,yx",dhnc0pjpfn
7,26527,"
                    <p>Suppose you read the following piece of information:</p>
                    <p class=""trial-statement"">&ldquo;Themaglin is associated with a higher risk of Rebosen&rdquo;</p>
                    <p class=""trial-question"">Which of the following is most likely?</p>
                ",0,html-button-response,7,256872,0.0-7.0,,,causal_judgment,"A third factor is causally related to Themaglin and Rebosen, they are not directly related",neither,risk_increase,A,risk_increase_A,Themaglin is associated with a higher risk of Rebosen,"neither,xy,yx",dhnc0pjpfn
8,77259,,"{""explain"":""I read statements about possible relationships and chose the most likely explanation.""}",survey-text,8,334152,0.0-8.0,,,screening,,,,,,,,dhnc0pjpfn
9,4523,,"{""comments"":""""}",survey-text,9,338677,0.0-9.0,,,comments,,,,,,,,dhnc0pjpfn
10,23017,,"{""age"":""33"",""gender"":""Female"",""native_language"":""English"",""education"":""Masters""}",survey-text,10,361729,0.0-10.0,,,demographics,,,,,,,,dhnc0pjpfn
0,4990,"<div class=""consent-text""> <h2>Consent Agreement</h2> <p> Please read this consent agreement carefully before deciding whether to participate in this experiment. </p> <p> <strong>Description:</strong> You are invited to participate in a research study about language and language learning. The purpose of the research is to understand how people learn new words. This research will be conducted through the Prolific platform, including participants from the US, UK, and Canada. If you decide to participate in this research, you will learn and use new words. </p> <p> <strong>Time Involvement:</strong> The task will last the amount of time advertised on Prolific. You are free to withdraw from the study at any time. </p> <p> <strong>Risks and Benefits:</strong> Study data will be stored securely, in compliance with Stanford University standards, minimizing the risk of confiden-tiality breach. This study advances our scientific understanding of how people learn new languages. We cannot and do not guarantee or promise that you will receive any benefits from this study. </p> <p> <strong>Compensation:</strong> You will receive payment in the amount advertised on Prolific. If you do not complete this study, you will receive prorated payment based on the time that you have spent. Additionally, you may be eligible for bonus payments as described in the instructions. </p> <p> <strong>Participant's Rights:</strong> If you have read this form and have decided to participate in this project, please understand your participation is voluntary and you have the right to withdraw your consent or discontinue participation at any time without penalty or loss of benefits to which you are otherwise entitled. The alternative is not to participate. You have the right to refuse to answer particular questions. The results of this research study may be presented at scientific or professional meetings or published in scientific journals. Your individual privacy will be maintained in all published and writ-ten data resulting from the study. In accordance with scientific norms, the data from this study may be used or shared with other researchers for future research (after removing personally identifying information) without additional consent from you. </p> <p> <strong>Contact Information:</strong> If you have any questions, concerns or complaints about this research, its procedures, risks and benefits, contact the Protocol Director, Robert Hawkins (<a href=""mailto:rdhawkins@stanford.edu"">rdhawkins@stanford.edu</a>, 217-549-6923). </p> <p> <strong>Independant Contact:</strong> If you are not satisfied with how this study is being conducted, or if you have any concerns, com-plaints, or general questions about the research or your rights as a participant, please contact the Stanford Institutional Review Board (IRB) to speak to someone independent of the research team at 650-723-2480 or toll free at 1-866-680-2906, or email at irbnonmed@stanford.edu. You can also write to the Stanford IRB, Stanford University, 1705 El Camino Real, Palo Alto, CA 94306. Please save or print a copy of this page for your records. </p> <p> <strong>If you agree to participate in this research, please click ""I agree""</strong> </p></br> </div>",0,html-button-response,0,4992,0.0-0.0,agree,2026-05-29T00:45:00.948Z,,,,,,,,,bv4jrr6301
1,5477,"
                <h2>Welcome!</h2>
                <p>You will be asked a few simple questions about the possible relationship
                between different things. The questions are unrelated to one another.</p>
                <p>For each question, you will read a statement and choose the most likely
                interpretation from the options presented.</p>
                <p>Please respond thoughtfully.</p>
            ",0,html-button-response,1,10469,0.0-1.0,,,,,,,,,,,bv4jrr6301
2,11763,"
        <p>Before we begin, here is a practice question to familiarize you with the format.</p>
        <p>Suppose you read the following piece of information:</p>
        <p class=""trial-statement"">&ldquo;While Maria was typing her report, the phone rang.&rdquo;</p>
        <p class=""trial-question"">Which of the following is most likely?</p>
    ",1,html-button-response,2,22233,0.0-2.0,,,practice,Maria began her report first,correct,,,,,,bv4jrr6301
3,8923,"
                    <p>Suppose you read the following piece of information:</p>
                    <p class=""trial-statement"">&ldquo;Denoden is associated with Flembers&rdquo;</p>
                    <p class=""trial-question"">Which of the following is most likely?</p>
                ",1,html-button-response,3,31157,0.0-3.0,,,causal_judgment,"A third factor is causally related to Denoden and Flembers, they are not directly related",neither,assoc,A,assoc_A,Denoden is associated with Flembers,"yx,neither,xy",bv4jrr6301
4,10061,"
                    <p>Suppose you read the following piece of information:</p>
                    <p class=""trial-statement"">&ldquo;Agoriv is associated with a lower risk of Ceflar&rdquo;</p>
                    <p class=""trial-question"">Which of the following is most likely?</p>
                ",1,html-button-response,4,41219,0.0-4.0,,,causal_judgment,"A third factor is causally related to Agoriv and Ceflar, they are not directly related",neither,risk_lower,A,risk_lower_A,Agoriv is associated with a lower risk of Ceflar,"yx,neither,xy",bv4jrr6301
5,5744,"
                    <p>Suppose you read the following piece of information:</p>
                    <p class=""trial-statement"">&ldquo;Efogen is associated with higher probability of Pneuben&rdquo;</p>
                    <p class=""trial-question"">Which of the following is most likely?</p>
                ",2,html-button-response,5,46963,0.0-5.0,,,causal_judgment,Efogen causes an increase in Pneuben,xy,prob_increase,B,prob_increase_B,Efogen is associated with higher probability of Pneuben,"yx,neither,xy",bv4jrr6301
6,4901,"
                    <p>Suppose you read the following piece of information:</p>
                    <p class=""trial-statement"">&ldquo;Laurem is associated with lower probability of Turilin&rdquo;</p>
                    <p class=""trial-question"">Which of the following is most likely?</p>
                ",1,html-button-response,6,51865,0.0-6.0,,,causal_judgment,"A third factor is causally related to Laurem and Turilin, they are not directly related",neither,prob_lower,B,prob_lower_B,Laurem is associated with lower probability of Turilin,"yx,neither,xy",bv4jrr6301
7,6513,"
                    <p>Suppose you read the following piece of information:</p>
                    <p class=""trial-statement"">&ldquo;Themaglin is associated with a higher risk of Rebosen&rdquo;</p>
                    <p class=""trial-question"">Which of the following is most likely?</p>
                ",2,html-button-response,7,58379,0.0-7.0,,,causal_judgment,Themaglin causes an increase in Rebosen,xy,risk_increase,A,risk_increase_A,Themaglin is associated with a higher risk of Rebosen,"yx,neither,xy",bv4jrr6301
8,20968,,"{""explain"":""Draw inferences from seemingly disconnected things.""}",survey-text,8,79349,0.0-8.0,,,screening,,,,,,,,bv4jrr6301
9,1025,,"{""comments"":""""}",survey-text,9,80376,0.0-9.0,,,comments,,,,,,,,bv4jrr6301
10,11857,,"{""age"":""27"",""gender"":""m"",""native_language"":""English"",""education"":""Master's""}",survey-text,10,92235,0.0-10.0,,,demographics,,,,,,,,bv4jrr6301
0,37530,"<div class=""consent-text""> <h2>Consent Agreement</h2> <p> Please read this consent agreement carefully before deciding whether to participate in this experiment. </p> <p> <strong>Description:</strong> You are invited to participate in a research study about language and language learning. The purpose of the research is to understand how people learn new words. This research will be conducted through the Prolific platform, including participants from the US, UK, and Canada. If you decide to participate in this research, you will learn and use new words. </p> <p> <strong>Time Involvement:</strong> The task will last the amount of time advertised on Prolific. You are free to withdraw from the study at any time. </p> <p> <strong>Risks and Benefits:</strong> Study data will be stored securely, in compliance with Stanford University standards, minimizing the risk of confiden-tiality breach. This study advances our scientific understanding of how people learn new languages. We cannot and do not guarantee or promise that you will receive any benefits from this study. </p> <p> <strong>Compensation:</strong> You will receive payment in the amount advertised on Prolific. If you do not complete this study, you will receive prorated payment based on the time that you have spent. Additionally, you may be eligible for bonus payments as described in the instructions. </p> <p> <strong>Participant's Rights:</strong> If you have read this form and have decided to participate in this project, please understand your participation is voluntary and you have the right to withdraw your consent or discontinue participation at any time without penalty or loss of benefits to which you are otherwise entitled. The alternative is not to participate. You have the right to refuse to answer particular questions. The results of this research study may be presented at scientific or professional meetings or published in scientific journals. Your individual privacy will be maintained in all published and writ-ten data resulting from the study. In accordance with scientific norms, the data from this study may be used or shared with other researchers for future research (after removing personally identifying information) without additional consent from you. </p> <p> <strong>Contact Information:</strong> If you have any questions, concerns or complaints about this research, its procedures, risks and benefits, contact the Protocol Director, Robert Hawkins (<a href=""mailto:rdhawkins@stanford.edu"">rdhawkins@stanford.edu</a>, 217-549-6923). </p> <p> <strong>Independant Contact:</strong> If you are not satisfied with how this study is being conducted, or if you have any concerns, com-plaints, or general questions about the research or your rights as a participant, please contact the Stanford Institutional Review Board (IRB) to speak to someone independent of the research team at 650-723-2480 or toll free at 1-866-680-2906, or email at irbnonmed@stanford.edu. You can also write to the Stanford IRB, Stanford University, 1705 El Camino Real, Palo Alto, CA 94306. Please save or print a copy of this page for your records. </p> <p> <strong>If you agree to participate in this research, please click ""I agree""</strong> </p></br> </div>",0,html-button-response,0,37543,0.0-0.0,agree,2026-05-29T00:47:18.790Z,,,,,,,,,w5a86ewz47
1,6865,"
                <h2>Welcome!</h2>
                <p>You will be asked a few simple questions about the possible relationship
                between different things. The questions are unrelated to one another.</p>
                <p>For each question, you will read a statement and choose the most likely
                interpretation from the options presented.</p>
                <p>Please respond thoughtfully.</p>
            ",0,html-button-response,1,44414,0.0-1.0,,,,,,,,,,,w5a86ewz47
2,9236,"
        <p>Before we begin, here is a practice question to familiarize you with the format.</p>
        <p>Suppose you read the following piece of information:</p>
        <p class=""trial-statement"">&ldquo;While Maria was typing her report, the phone rang.&rdquo;</p>
        <p class=""trial-question"">Which of the following is most likely?</p>
    ",1,html-button-response,2,53656,0.0-2.0,,,practice,Maria began her report first,correct,,,,,,w5a86ewz47
3,6590,"
                    <p>Suppose you read the following piece of information:</p>
                    <p class=""trial-statement"">&ldquo;Ceflar is associated with a lower risk of Agoriv&rdquo;</p>
                    <p class=""trial-question"">Which of the following is most likely?</p>
                ",2,html-button-response,3,60253,0.0-3.0,,,causal_judgment,Ceflar causes a decrease in Agoriv,xy,risk_lower,B,risk_lower_B,Ceflar is associated with a lower risk of Agoriv,"neither,yx,xy",w5a86ewz47
4,8557,"
                    <p>Suppose you read the following piece of information:</p>
                    <p class=""trial-statement"">&ldquo;Rebosen is associated with a higher risk of Themaglin&rdquo;</p>
                    <p class=""trial-question"">Which of the following is most likely?</p>
                ",2,html-button-response,4,68817,0.0-4.0,,,causal_judgment,Rebosen causes an increase in Themaglin,xy,risk_increase,B,risk_increase_B,Rebosen is associated with a higher risk of Themaglin,"neither,yx,xy",w5a86ewz47
5,4338,"
                    <p>Suppose you read the following piece of information:</p>
                    <p class=""trial-statement"">&ldquo;Denoden is associated with Flembers&rdquo;</p>
                    <p class=""trial-question"">Which of the following is most likely?</p>
                ",2,html-button-response,5,73162,0.0-5.0,,,causal_judgment,Denoden causes Flembers,xy,assoc,A,assoc_A,Denoden is associated with Flembers,"neither,yx,xy",w5a86ewz47
6,3841,"
                    <p>Suppose you read the following piece of information:</p>
                    <p class=""trial-statement"">&ldquo;Pneuben is associated with higher probability of Efogen&rdquo;</p>
                    <p class=""trial-question"">Which of the following is most likely?</p>
                ",2,html-button-response,6,77009,0.0-6.0,,,causal_judgment,Pneuben causes an increase in Efogen,xy,prob_increase,A,prob_increase_A,Pneuben is associated with higher probability of Efogen,"neither,yx,xy",w5a86ewz47
7,4993,"
                    <p>Suppose you read the following piece of information:</p>
                    <p class=""trial-statement"">&ldquo;Laurem is associated with lower probability of Turilin&rdquo;</p>
                    <p class=""trial-question"">Which of the following is most likely?</p>
                ",2,html-button-response,7,82008,0.0-7.0,,,causal_judgment,Laurem causes a decrease in Turilin,xy,prob_lower,B,prob_lower_B,Laurem is associated with lower probability of Turilin,"neither,yx,xy",w5a86ewz47
8,29207,,"{""explain"":""Describe new words""}",survey-text,8,111237,0.0-8.0,,,screening,,,,,,,,w5a86ewz47
9,6302,,"{""comments"":""""}",survey-text,9,117545,0.0-9.0,,,comments,,,,,,,,w5a86ewz47
10,46433,,"{""age"":""66"",""gender"":""Female "",""native_language"":""English "",""education"":""Tafe certificate 3""}",survey-text,10,163986,0.0-10.0,,,demographics,,,,,,,,w5a86ewz47
0,1210,"<div class=""consent-text""> <h2>Consent Agreement</h2> <p> Please read this consent agreement carefully before deciding whether to participate in this experiment. </p> <p> <strong>Description:</strong> You are invited to participate in a research study about language and language learning. The purpose of the research is to understand how people learn new words. This research will be conducted through the Prolific platform, including participants from the US, UK, and Canada. If you decide to participate in this research, you will learn and use new words. </p> <p> <strong>Time Involvement:</strong> The task will last the amount of time advertised on Prolific. You are free to withdraw from the study at any time. </p> <p> <strong>Risks and Benefits:</strong> Study data will be stored securely, in compliance with Stanford University standards, minimizing the risk of confiden-tiality breach. This study advances our scientific understanding of how people learn new languages. We cannot and do not guarantee or promise that you will receive any benefits from this study. </p> <p> <strong>Compensation:</strong> You will receive payment in the amount advertised on Prolific. If you do not complete this study, you will receive prorated payment based on the time that you have spent. Additionally, you may be eligible for bonus payments as described in the instructions. </p> <p> <strong>Participant's Rights:</strong> If you have read this form and have decided to participate in this project, please understand your participation is voluntary and you have the right to withdraw your consent or discontinue participation at any time without penalty or loss of benefits to which you are otherwise entitled. The alternative is not to participate. You have the right to refuse to answer particular questions. The results of this research study may be presented at scientific or professional meetings or published in scientific journals. Your individual privacy will be maintained in all published and writ-ten data resulting from the study. In accordance with scientific norms, the data from this study may be used or shared with other researchers for future research (after removing personally identifying information) without additional consent from you. </p> <p> <strong>Contact Information:</strong> If you have any questions, concerns or complaints about this research, its procedures, risks and benefits, contact the Protocol Director, Robert Hawkins (<a href=""mailto:rdhawkins@stanford.edu"">rdhawkins@stanford.edu</a>, 217-549-6923). </p> <p> <strong>Independant Contact:</strong> If you are not satisfied with how this study is being conducted, or if you have any concerns, com-plaints, or general questions about the research or your rights as a participant, please contact the Stanford Institutional Review Board (IRB) to speak to someone independent of the research team at 650-723-2480 or toll free at 1-866-680-2906, or email at irbnonmed@stanford.edu. You can also write to the Stanford IRB, Stanford University, 1705 El Camino Real, Palo Alto, CA 94306. Please save or print a copy of this page for your records. </p> <p> <strong>If you agree to participate in this research, please click ""I agree""</strong> </p></br> </div>",0,html-button-response,0,1213,0.0-0.0,agree,2026-05-29T00:47:09.772Z,,,,,,,,,euw4ubl9vl
1,1400,"
                <h2>Welcome!</h2>
                <p>You will be asked a few simple questions about the possible relationship
                between different things. The questions are unrelated to one another.</p>
                <p>For each question, you will read a statement and choose the most likely
                interpretation from the options presented.</p>
                <p>Please respond thoughtfully.</p>
            ",0,html-button-response,1,2614,0.0-1.0,,,,,,,,,,,euw4ubl9vl
2,6605,"
        <p>Before we begin, here is a practice question to familiarize you with the format.</p>
        <p>Suppose you read the following piece of information:</p>
        <p class=""trial-statement"">&ldquo;While Maria was typing her report, the phone rang.&rdquo;</p>
        <p class=""trial-question"">Which of the following is most likely?</p>
    ",1,html-button-response,2,9220,0.0-2.0,,,practice,Maria began her report first,correct,,,,,,euw4ubl9vl
3,19072,"
                    <p>Suppose you read the following piece of information:</p>
                    <p class=""trial-statement"">&ldquo;Efogen is associated with higher probability of Pneuben&rdquo;</p>
                    <p class=""trial-question"">Which of the following is most likely?</p>
                ",1,html-button-response,3,28292,0.0-3.0,,,causal_judgment,Efogen causes an increase in Pneuben,xy,prob_increase,B,prob_increase_B,Efogen is associated with higher probability of Pneuben,"yx,xy,neither",euw4ubl9vl
4,44932,"
                    <p>Suppose you read the following piece of information:</p>
                    <p class=""trial-statement"">&ldquo;Themaglin is associated with a higher risk of Rebosen&rdquo;</p>
                    <p class=""trial-question"">Which of the following is most likely?</p>
                ",1,html-button-response,4,73226,0.0-4.0,,,causal_judgment,Themaglin causes an increase in Rebosen,xy,risk_increase,A,risk_increase_A,Themaglin is associated with a higher risk of Rebosen,"yx,xy,neither",euw4ubl9vl
5,5548,"
                    <p>Suppose you read the following piece of information:</p>
                    <p class=""trial-statement"">&ldquo;Ceflar is associated with a lower risk of Agoriv&rdquo;</p>
                    <p class=""trial-question"">Which of the following is most likely?</p>
                ",1,html-button-response,5,78774,0.0-5.0,,,causal_judgment,Ceflar causes a decrease in Agoriv,xy,risk_lower,B,risk_lower_B,Ceflar is associated with a lower risk of Agoriv,"yx,xy,neither",euw4ubl9vl
6,14492,"
                    <p>Suppose you read the following piece of information:</p>
                    <p class=""trial-statement"">&ldquo;Turilin is associated with lower probability of Laurem&rdquo;</p>
                    <p class=""trial-question"">Which of the following is most likely?</p>
                ",1,html-button-response,6,93267,0.0-6.0,,,causal_judgment,Turilin causes a decrease in Laurem,xy,prob_lower,A,prob_lower_A,Turilin is associated with lower probability of Laurem,"yx,xy,neither",euw4ubl9vl
7,12023,"
                    <p>Suppose you read the following piece of information:</p>
                    <p class=""trial-statement"">&ldquo;Denoden is associated with Flembers&rdquo;</p>
                    <p class=""trial-question"">Which of the following is most likely?</p>
                ",2,html-button-response,7,105291,0.0-7.0,,,causal_judgment,"A third factor is causally related to Denoden and Flembers, they are not directly related",neither,assoc,A,assoc_A,Denoden is associated with Flembers,"yx,xy,neither",euw4ubl9vl
8,33114,,"{""explain"":""I was asked to read statements and choose the option that can be inferred from the statement.""}",survey-text,8,138411,0.0-8.0,,,screening,,,,,,,,euw4ubl9vl
9,1715,,"{""comments"":""""}",survey-text,9,140129,0.0-9.0,,,comments,,,,,,,,euw4ubl9vl
10,10237,,"{""age"":""38"",""gender"":""Male"",""native_language"":""English"",""education"":""BS""}",survey-text,10,150369,0.0-10.0,,,demographics,,,,,,,,euw4ubl9vl
0,3243,"<div class=""consent-text""> <h2>Consent Agreement</h2> <p> Please read this consent agreement carefully before deciding whether to participate in this experiment. </p> <p> <strong>Description:</strong> You are invited to participate in a research study about language and language learning. The purpose of the research is to understand how people learn new words. This research will be conducted through the Prolific platform, including participants from the US, UK, and Canada. If you decide to participate in this research, you will learn and use new words. </p> <p> <strong>Time Involvement:</strong> The task will last the amount of time advertised on Prolific. You are free to withdraw from the study at any time. </p> <p> <strong>Risks and Benefits:</strong> Study data will be stored securely, in compliance with Stanford University standards, minimizing the risk of confiden-tiality breach. This study advances our scientific understanding of how people learn new languages. We cannot and do not guarantee or promise that you will receive any benefits from this study. </p> <p> <strong>Compensation:</strong> You will receive payment in the amount advertised on Prolific. If you do not complete this study, you will receive prorated payment based on the time that you have spent. Additionally, you may be eligible for bonus payments as described in the instructions. </p> <p> <strong>Participant's Rights:</strong> If you have read this form and have decided to participate in this project, please understand your participation is voluntary and you have the right to withdraw your consent or discontinue participation at any time without penalty or loss of benefits to which you are otherwise entitled. The alternative is not to participate. You have the right to refuse to answer particular questions. The results of this research study may be presented at scientific or professional meetings or published in scientific journals. Your individual privacy will be maintained in all published and writ-ten data resulting from the study. In accordance with scientific norms, the data from this study may be used or shared with other researchers for future research (after removing personally identifying information) without additional consent from you. </p> <p> <strong>Contact Information:</strong> If you have any questions, concerns or complaints about this research, its procedures, risks and benefits, contact the Protocol Director, Robert Hawkins (<a href=""mailto:rdhawkins@stanford.edu"">rdhawkins@stanford.edu</a>, 217-549-6923). </p> <p> <strong>Independant Contact:</strong> If you are not satisfied with how this study is being conducted, or if you have any concerns, com-plaints, or general questions about the research or your rights as a participant, please contact the Stanford Institutional Review Board (IRB) to speak to someone independent of the research team at 650-723-2480 or toll free at 1-866-680-2906, or email at irbnonmed@stanford.edu. You can also write to the Stanford IRB, Stanford University, 1705 El Camino Real, Palo Alto, CA 94306. Please save or print a copy of this page for your records. </p> <p> <strong>If you agree to participate in this research, please click ""I agree""</strong> </p></br> </div>",0,html-button-response,0,3247,0.0-0.0,agree,2026-05-29T00:45:38.936Z,,,,,,,,,0fwjnv53pg
1,9758,"
                <h2>Welcome!</h2>
                <p>You will be asked a few simple questions about the possible relationship
                between different things. The questions are unrelated to one another.</p>
                <p>For each question, you will read a statement and choose the most likely
                interpretation from the options presented.</p>
                <p>Please respond thoughtfully.</p>
            ",0,html-button-response,1,13011,0.0-1.0,,,,,,,,,,,0fwjnv53pg
2,22798,"
        <p>Before we begin, here is a practice question to familiarize you with the format.</p>
        <p>Suppose you read the following piece of information:</p>
        <p class=""trial-statement"">&ldquo;While Maria was typing her report, the phone rang.&rdquo;</p>
        <p class=""trial-question"">Which of the following is most likely?</p>
    ",0,html-button-response,2,35811,0.0-2.0,,,practice,Maria began her report first,correct,,,,,,0fwjnv53pg
3,32080,"
                    <p>Suppose you read the following piece of information:</p>
                    <p class=""trial-statement"">&ldquo;Ceflar is associated with a lower risk of Agoriv&rdquo;</p>
                    <p class=""trial-question"">Which of the following is most likely?</p>
                ",1,html-button-response,3,67893,0.0-3.0,,,causal_judgment,Ceflar causes a decrease in Agoriv,xy,risk_lower,B,risk_lower_B,Ceflar is associated with a lower risk of Agoriv,"yx,xy,neither",0fwjnv53pg
4,24730,"
                    <p>Suppose you read the following piece of information:</p>
                    <p class=""trial-statement"">&ldquo;Pneuben is associated with higher probability of Efogen&rdquo;</p>
                    <p class=""trial-question"">Which of the following is most likely?</p>
                ",1,html-button-response,4,92626,0.0-4.0,,,causal_judgment,Pneuben causes an increase in Efogen,xy,prob_increase,A,prob_increase_A,Pneuben is associated with higher probability of Efogen,"yx,xy,neither",0fwjnv53pg
5,18517,"
                    <p>Suppose you read the following piece of information:</p>
                    <p class=""trial-statement"">&ldquo;Denoden is associated with Flembers&rdquo;</p>
                    <p class=""trial-question"">Which of the following is most likely?</p>
                ",2,html-button-response,5,111144,0.0-5.0,,,causal_judgment,"A third factor is causally related to Denoden and Flembers, they are not directly related",neither,assoc,A,assoc_A,Denoden is associated with Flembers,"yx,xy,neither",0fwjnv53pg
6,19615,"
                    <p>Suppose you read the following piece of information:</p>
                    <p class=""trial-statement"">&ldquo;Rebosen is associated with a higher risk of Themaglin&rdquo;</p>
                    <p class=""trial-question"">Which of the following is most likely?</p>
                ",1,html-button-response,6,130761,0.0-6.0,,,causal_judgment,Rebosen causes an increase in Themaglin,xy,risk_increase,B,risk_increase_B,Rebosen is associated with a higher risk of Themaglin,"yx,xy,neither",0fwjnv53pg
7,21638,"
                    <p>Suppose you read the following piece of information:</p>
                    <p class=""trial-statement"">&ldquo;Laurem is associated with lower probability of Turilin&rdquo;</p>
                    <p class=""trial-question"">Which of the following is most likely?</p>
                ",1,html-button-response,7,152400,0.0-7.0,,,causal_judgment,Laurem causes a decrease in Turilin,xy,prob_lower,B,prob_lower_B,Laurem is associated with lower probability of Turilin,"yx,xy,neither",0fwjnv53pg
8,123379,,"{""explain"":""To find possible relationship between different things after readind simple questions.""}",survey-text,8,275798,0.0-8.0,,,screening,,,,,,,,0fwjnv53pg
9,2017,,"{""comments"":""""}",survey-text,9,277821,0.0-9.0,,,comments,,,,,,,,0fwjnv53pg
10,27622,,"{""age"":""48"",""gender"":""Male"",""native_language"":""English"",""education"":""Masters""}",survey-text,10,305448,0.0-10.0,,,demographics,,,,,,,,0fwjnv53pg
0,4229,"<div class=""consent-text""> <h2>Consent Agreement</h2> <p> Please read this consent agreement carefully before deciding whether to participate in this experiment. </p> <p> <strong>Description:</strong> You are invited to participate in a research study about language and language learning. The purpose of the research is to understand how people learn new words. This research will be conducted through the Prolific platform, including participants from the US, UK, and Canada. If you decide to participate in this research, you will learn and use new words. </p> <p> <strong>Time Involvement:</strong> The task will last the amount of time advertised on Prolific. You are free to withdraw from the study at any time. </p> <p> <strong>Risks and Benefits:</strong> Study data will be stored securely, in compliance with Stanford University standards, minimizing the risk of confiden-tiality breach. This study advances our scientific understanding of how people learn new languages. We cannot and do not guarantee or promise that you will receive any benefits from this study. </p> <p> <strong>Compensation:</strong> You will receive payment in the amount advertised on Prolific. If you do not complete this study, you will receive prorated payment based on the time that you have spent. Additionally, you may be eligible for bonus payments as described in the instructions. </p> <p> <strong>Participant's Rights:</strong> If you have read this form and have decided to participate in this project, please understand your participation is voluntary and you have the right to withdraw your consent or discontinue participation at any time without penalty or loss of benefits to which you are otherwise entitled. The alternative is not to participate. You have the right to refuse to answer particular questions. The results of this research study may be presented at scientific or professional meetings or published in scientific journals. Your individual privacy will be maintained in all published and writ-ten data resulting from the study. In accordance with scientific norms, the data from this study may be used or shared with other researchers for future research (after removing personally identifying information) without additional consent from you. </p> <p> <strong>Contact Information:</strong> If you have any questions, concerns or complaints about this research, its procedures, risks and benefits, contact the Protocol Director, Robert Hawkins (<a href=""mailto:rdhawkins@stanford.edu"">rdhawkins@stanford.edu</a>, 217-549-6923). </p> <p> <strong>Independant Contact:</strong> If you are not satisfied with how this study is being conducted, or if you have any concerns, com-plaints, or general questions about the research or your rights as a participant, please contact the Stanford Institutional Review Board (IRB) to speak to someone independent of the research team at 650-723-2480 or toll free at 1-866-680-2906, or email at irbnonmed@stanford.edu. You can also write to the Stanford IRB, Stanford University, 1705 El Camino Real, Palo Alto, CA 94306. Please save or print a copy of this page for your records. </p> <p> <strong>If you agree to participate in this research, please click ""I agree""</strong> </p></br> </div>",0,html-button-response,0,4231,0.0-0.0,agree,2026-05-29T00:45:02.932Z,,,,,,,,,6wyxgm7bx8
1,2959,"
                <h2>Welcome!</h2>
                <p>You will be asked a few simple questions about the possible relationship
                between different things. The questions are unrelated to one another.</p>
                <p>For each question, you will read a statement and choose the most likely
                interpretation from the options presented.</p>
                <p>Please respond thoughtfully.</p>
            ",0,html-button-response,1,7191,0.0-1.0,,,,,,,,,,,6wyxgm7bx8
2,7184,"
        <p>Before we begin, here is a practice question to familiarize you with the format.</p>
        <p>Suppose you read the following piece of information:</p>
        <p class=""trial-statement"">&ldquo;While Maria was typing her report, the phone rang.&rdquo;</p>
        <p class=""trial-question"">Which of the following is most likely?</p>
    ",1,html-button-response,2,14375,0.0-2.0,,,practice,Maria began her report first,correct,,,,,,6wyxgm7bx8
3,21067,"
                    <p>Suppose you read the following piece of information:</p>
                    <p class=""trial-statement"">&ldquo;Themaglin is associated with a higher risk of Rebosen&rdquo;</p>
                    <p class=""trial-question"">Which of the following is most likely?</p>
                ",1,html-button-response,3,35443,0.0-3.0,,,causal_judgment,Themaglin causes an increase in Rebosen,xy,risk_increase,A,risk_increase_A,Themaglin is associated with a higher risk of Rebosen,"neither,xy,yx",6wyxgm7bx8
4,5352,"
                    <p>Suppose you read the following piece of information:</p>
                    <p class=""trial-statement"">&ldquo;Agoriv is associated with a lower risk of Ceflar&rdquo;</p>
                    <p class=""trial-question"">Which of the following is most likely?</p>
                ",2,html-button-response,4,40796,0.0-4.0,,,causal_judgment,Ceflar causes a decrease in Agoriv,yx,risk_lower,A,risk_lower_A,Agoriv is associated with a lower risk of Ceflar,"neither,xy,yx",6wyxgm7bx8
5,7705,"
                    <p>Suppose you read the following piece of information:</p>
                    <p class=""trial-statement"">&ldquo;Efogen is associated with higher probability of Pneuben&rdquo;</p>
                    <p class=""trial-question"">Which of the following is most likely?</p>
                ",1,html-button-response,5,48501,0.0-5.0,,,causal_judgment,Efogen causes an increase in Pneuben,xy,prob_increase,B,prob_increase_B,Efogen is associated with higher probability of Pneuben,"neither,xy,yx",6wyxgm7bx8
6,8696,"
                    <p>Suppose you read the following piece of information:</p>
                    <p class=""trial-statement"">&ldquo;Flembers is associated with Denoden&rdquo;</p>
                    <p class=""trial-question"">Which of the following is most likely?</p>
                ",0,html-button-response,6,57198,0.0-6.0,,,causal_judgment,"A third factor is causally related to Flembers and Denoden, they are not directly related",neither,assoc,B,assoc_B,Flembers is associated with Denoden,"neither,xy,yx",6wyxgm7bx8
7,8080,"
                    <p>Suppose you read the following piece of information:</p>
                    <p class=""trial-statement"">&ldquo;Laurem is associated with lower probability of Turilin&rdquo;</p>
                    <p class=""trial-question"">Which of the following is most likely?</p>
                ",1,html-button-response,7,65279,0.0-7.0,,,causal_judgment,Laurem causes a decrease in Turilin,xy,prob_lower,B,prob_lower_B,Laurem is associated with lower probability of Turilin,"neither,xy,yx",6wyxgm7bx8
8,22096,,"{""explain"":""determine what was being asked in each scenario""}",survey-text,8,87379,0.0-8.0,,,screening,,,,,,,,6wyxgm7bx8
9,1757,,"{""comments"":""""}",survey-text,9,89138,0.0-9.0,,,comments,,,,,,,,6wyxgm7bx8
10,3159,,"{""age"":"""",""gender"":"""",""native_language"":"""",""education"":""""}",survey-text,10,92298,0.0-10.0,,,demographics,,,,,,,,6wyxgm7bx8
0,9673,"<div class=""consent-text""> <h2>Consent Agreement</h2> <p> Please read this consent agreement carefully before deciding whether to participate in this experiment. </p> <p> <strong>Description:</strong> You are invited to participate in a research study about language and language learning. The purpose of the research is to understand how people learn new words. This research will be conducted through the Prolific platform, including participants from the US, UK, and Canada. If you decide to participate in this research, you will learn and use new words. </p> <p> <strong>Time Involvement:</strong> The task will last the amount of time advertised on Prolific. You are free to withdraw from the study at any time. </p> <p> <strong>Risks and Benefits:</strong> Study data will be stored securely, in compliance with Stanford University standards, minimizing the risk of confiden-tiality breach. This study advances our scientific understanding of how people learn new languages. We cannot and do not guarantee or promise that you will receive any benefits from this study. </p> <p> <strong>Compensation:</strong> You will receive payment in the amount advertised on Prolific. If you do not complete this study, you will receive prorated payment based on the time that you have spent. Additionally, you may be eligible for bonus payments as described in the instructions. </p> <p> <strong>Participant's Rights:</strong> If you have read this form and have decided to participate in this project, please understand your participation is voluntary and you have the right to withdraw your consent or discontinue participation at any time without penalty or loss of benefits to which you are otherwise entitled. The alternative is not to participate. You have the right to refuse to answer particular questions. The results of this research study may be presented at scientific or professional meetings or published in scientific journals. Your individual privacy will be maintained in all published and writ-ten data resulting from the study. In accordance with scientific norms, the data from this study may be used or shared with other researchers for future research (after removing personally identifying information) without additional consent from you. </p> <p> <strong>Contact Information:</strong> If you have any questions, concerns or complaints about this research, its procedures, risks and benefits, contact the Protocol Director, Robert Hawkins (<a href=""mailto:rdhawkins@stanford.edu"">rdhawkins@stanford.edu</a>, 217-549-6923). </p> <p> <strong>Independant Contact:</strong> If you are not satisfied with how this study is being conducted, or if you have any concerns, com-plaints, or general questions about the research or your rights as a participant, please contact the Stanford Institutional Review Board (IRB) to speak to someone independent of the research team at 650-723-2480 or toll free at 1-866-680-2906, or email at irbnonmed@stanford.edu. You can also write to the Stanford IRB, Stanford University, 1705 El Camino Real, Palo Alto, CA 94306. Please save or print a copy of this page for your records. </p> <p> <strong>If you agree to participate in this research, please click ""I agree""</strong> </p></br> </div>",0,html-button-response,0,9682,0.0-0.0,agree,2026-05-29T00:46:02.511Z,,,,,,,,,v46q7hq78x
1,2619,"
                <h2>Welcome!</h2>
                <p>You will be asked a few simple questions about the possible relationship
                between different things. The questions are unrelated to one another.</p>
                <p>For each question, you will read a statement and choose the most likely
                interpretation from the options presented.</p>
                <p>Please respond thoughtfully.</p>
            ",0,html-button-response,1,12303,0.0-1.0,,,,,,,,,,,v46q7hq78x
2,9106,"
        <p>Before we begin, here is a practice question to familiarize you with the format.</p>
        <p>Suppose you read the following piece of information:</p>
        <p class=""trial-statement"">&ldquo;While Maria was typing her report, the phone rang.&rdquo;</p>
        <p class=""trial-question"">Which of the following is most likely?</p>
    ",1,html-button-response,2,21409,0.0-2.0,,,practice,Maria began her report first,correct,,,,,,v46q7hq78x
3,22454,"
                    <p>Suppose you read the following piece of information:</p>
                    <p class=""trial-statement"">&ldquo;Agoriv is associated with a lower risk of Ceflar&rdquo;</p>
                    <p class=""trial-question"">Which of the following is most likely?</p>
                ",2,html-button-response,3,43867,0.0-3.0,,,causal_judgment,"A third factor is causally related to Agoriv and Ceflar, they are not directly related",neither,risk_lower,A,risk_lower_A,Agoriv is associated with a lower risk of Ceflar,"yx,xy,neither",v46q7hq78x
4,11238,"
                    <p>Suppose you read the following piece of information:</p>
                    <p class=""trial-statement"">&ldquo;Pneuben is associated with higher probability of Efogen&rdquo;</p>
                    <p class=""trial-question"">Which of the following is most likely?</p>
                ",2,html-button-response,4,55106,0.0-4.0,,,causal_judgment,"A third factor is causally related to Pneuben and Efogen, they are not directly related",neither,prob_increase,A,prob_increase_A,Pneuben is associated with higher probability of Efogen,"yx,xy,neither",v46q7hq78x
5,7137,"
                    <p>Suppose you read the following piece of information:</p>
                    <p class=""trial-statement"">&ldquo;Flembers is associated with Denoden&rdquo;</p>
                    <p class=""trial-question"">Which of the following is most likely?</p>
                ",2,html-button-response,5,62246,0.0-5.0,,,causal_judgment,"A third factor is causally related to Flembers and Denoden, they are not directly related",neither,assoc,B,assoc_B,Flembers is associated with Denoden,"yx,xy,neither",v46q7hq78x
6,7647,"
                    <p>Suppose you read the following piece of information:</p>
                    <p class=""trial-statement"">&ldquo;Rebosen is associated with a higher risk of Themaglin&rdquo;</p>
                    <p class=""trial-question"">Which of the following is most likely?</p>
                ",1,html-button-response,6,69893,0.0-6.0,,,causal_judgment,Rebosen causes an increase in Themaglin,xy,risk_increase,B,risk_increase_B,Rebosen is associated with a higher risk of Themaglin,"yx,xy,neither",v46q7hq78x
7,13520,"
                    <p>Suppose you read the following piece of information:</p>
                    <p class=""trial-statement"">&ldquo;Laurem is associated with lower probability of Turilin&rdquo;</p>
                    <p class=""trial-question"">Which of the following is most likely?</p>
                ",1,html-button-response,7,83413,0.0-7.0,,,causal_judgment,Laurem causes a decrease in Turilin,xy,prob_lower,B,prob_lower_B,Laurem is associated with lower probability of Turilin,"yx,xy,neither",v46q7hq78x
8,120557,,"{""explain"":""Estimate the causal relationship between two things, seemingly medicines and bodily chemicals, based on a series of slightly different phraseologies.""}",survey-text,8,203993,0.0-8.0,,,screening,,,,,,,,v46q7hq78x
9,2470,,"{""comments"":""""}",survey-text,9,206466,0.0-9.0,,,comments,,,,,,,,v46q7hq78x
10,8849,,"{""age"":""32"",""gender"":""Male"",""native_language"":""English"",""education"":""""}",survey-text,10,215359,0.0-10.0,,,demographics,,,,,,,,v46q7hq78x
0,14794,"<div class=""consent-text""> <h2>Consent Agreement</h2> <p> Please read this consent agreement carefully before deciding whether to participate in this experiment. </p> <p> <strong>Description:</strong> You are invited to participate in a research study about language and language learning. The purpose of the research is to understand how people learn new words. This research will be conducted through the Prolific platform, including participants from the US, UK, and Canada. If you decide to participate in this research, you will learn and use new words. </p> <p> <strong>Time Involvement:</strong> The task will last the amount of time advertised on Prolific. You are free to withdraw from the study at any time. </p> <p> <strong>Risks and Benefits:</strong> Study data will be stored securely, in compliance with Stanford University standards, minimizing the risk of confiden-tiality breach. This study advances our scientific understanding of how people learn new languages. We cannot and do not guarantee or promise that you will receive any benefits from this study. </p> <p> <strong>Compensation:</strong> You will receive payment in the amount advertised on Prolific. If you do not complete this study, you will receive prorated payment based on the time that you have spent. Additionally, you may be eligible for bonus payments as described in the instructions. </p> <p> <strong>Participant's Rights:</strong> If you have read this form and have decided to participate in this project, please understand your participation is voluntary and you have the right to withdraw your consent or discontinue participation at any time without penalty or loss of benefits to which you are otherwise entitled. The alternative is not to participate. You have the right to refuse to answer particular questions. The results of this research study may be presented at scientific or professional meetings or published in scientific journals. Your individual privacy will be maintained in all published and writ-ten data resulting from the study. In accordance with scientific norms, the data from this study may be used or shared with other researchers for future research (after removing personally identifying information) without additional consent from you. </p> <p> <strong>Contact Information:</strong> If you have any questions, concerns or complaints about this research, its procedures, risks and benefits, contact the Protocol Director, Robert Hawkins (<a href=""mailto:rdhawkins@stanford.edu"">rdhawkins@stanford.edu</a>, 217-549-6923). </p> <p> <strong>Independant Contact:</strong> If you are not satisfied with how this study is being conducted, or if you have any concerns, com-plaints, or general questions about the research or your rights as a participant, please contact the Stanford Institutional Review Board (IRB) to speak to someone independent of the research team at 650-723-2480 or toll free at 1-866-680-2906, or email at irbnonmed@stanford.edu. You can also write to the Stanford IRB, Stanford University, 1705 El Camino Real, Palo Alto, CA 94306. Please save or print a copy of this page for your records. </p> <p> <strong>If you agree to participate in this research, please click ""I agree""</strong> </p></br> </div>",0,html-button-response,0,14799,0.0-0.0,agree,2026-05-29T00:45:09.645Z,,,,,,,,,j0au1o12t3
1,3199,"
                <h2>Welcome!</h2>
                <p>You will be asked a few simple questions about the possible relationship
                between different things. The questions are unrelated to one another.</p>
                <p>For each question, you will read a statement and choose the most likely
                interpretation from the options presented.</p>
                <p>Please respond thoughtfully.</p>
            ",0,html-button-response,1,18001,0.0-1.0,,,,,,,,,,,j0au1o12t3
2,7096,"
        <p>Before we begin, here is a practice question to familiarize you with the format.</p>
        <p>Suppose you read the following piece of information:</p>
        <p class=""trial-statement"">&ldquo;While Maria was typing her report, the phone rang.&rdquo;</p>
        <p class=""trial-question"">Which of the following is most likely?</p>
    ",0,html-button-response,2,25100,0.0-2.0,,,practice,Maria began her report first,correct,,,,,,j0au1o12t3
3,7829,"
                    <p>Suppose you read the following piece of information:</p>
                    <p class=""trial-statement"">&ldquo;Laurem is associated with lower probability of Turilin&rdquo;</p>
                    <p class=""trial-question"">Which of the following is most likely?</p>
                ",0,html-button-response,3,32931,0.0-3.0,,,causal_judgment,Laurem causes a decrease in Turilin,xy,prob_lower,B,prob_lower_B,Laurem is associated with lower probability of Turilin,"xy,yx,neither",j0au1o12t3
4,6479,"
                    <p>Suppose you read the following piece of information:</p>
                    <p class=""trial-statement"">&ldquo;Rebosen is associated with a higher risk of Themaglin&rdquo;</p>
                    <p class=""trial-question"">Which of the following is most likely?</p>
                ",0,html-button-response,4,39412,0.0-4.0,,,causal_judgment,Rebosen causes an increase in Themaglin,xy,risk_increase,B,risk_increase_B,Rebosen is associated with a higher risk of Themaglin,"xy,yx,neither",j0au1o12t3
5,5430,"
                    <p>Suppose you read the following piece of information:</p>
                    <p class=""trial-statement"">&ldquo;Agoriv is associated with a lower risk of Ceflar&rdquo;</p>
                    <p class=""trial-question"">Which of the following is most likely?</p>
                ",0,html-button-response,5,44845,0.0-5.0,,,causal_judgment,Agoriv causes a decrease in Ceflar,xy,risk_lower,A,risk_lower_A,Agoriv is associated with a lower risk of Ceflar,"xy,yx,neither",j0au1o12t3
6,7202,"
                    <p>Suppose you read the following piece of information:</p>
                    <p class=""trial-statement"">&ldquo;Pneuben is associated with higher probability of Efogen&rdquo;</p>
                    <p class=""trial-question"">Which of the following is most likely?</p>
                ",0,html-button-response,6,52049,0.0-6.0,,,causal_judgment,Pneuben causes an increase in Efogen,xy,prob_increase,A,prob_increase_A,Pneuben is associated with higher probability of Efogen,"xy,yx,neither",j0au1o12t3
7,7359,"
                    <p>Suppose you read the following piece of information:</p>
                    <p class=""trial-statement"">&ldquo;Flembers is associated with Denoden&rdquo;</p>
                    <p class=""trial-question"">Which of the following is most likely?</p>
                ",2,html-button-response,7,59410,0.0-7.0,,,causal_judgment,"A third factor is causally related to Flembers and Denoden, they are not directly related",neither,assoc,B,assoc_B,Flembers is associated with Denoden,"xy,yx,neither",j0au1o12t3
8,29929,,"{""explain"":""Choose what I believe the relationship between two things is.""}",survey-text,8,89347,0.0-8.0,,,screening,,,,,,,,j0au1o12t3
9,1606,,"{""comments"":""""}",survey-text,9,90955,0.0-9.0,,,comments,,,,,,,,j0au1o12t3
10,5024,,"{""age"":"""",""gender"":"""",""native_language"":"""",""education"":""""}",survey-text,10,95983,0.0-10.0,,,demographics,,,,,,,,j0au1o12t3
0,5379,"<div class=""consent-text""> <h2>Consent Agreement</h2> <p> Please read this consent agreement carefully before deciding whether to participate in this experiment. </p> <p> <strong>Description:</strong> You are invited to participate in a research study about language and language learning. The purpose of the research is to understand how people learn new words. This research will be conducted through the Prolific platform, including participants from the US, UK, and Canada. If you decide to participate in this research, you will learn and use new words. </p> <p> <strong>Time Involvement:</strong> The task will last the amount of time advertised on Prolific. You are free to withdraw from the study at any time. </p> <p> <strong>Risks and Benefits:</strong> Study data will be stored securely, in compliance with Stanford University standards, minimizing the risk of confiden-tiality breach. This study advances our scientific understanding of how people learn new languages. We cannot and do not guarantee or promise that you will receive any benefits from this study. </p> <p> <strong>Compensation:</strong> You will receive payment in the amount advertised on Prolific. If you do not complete this study, you will receive prorated payment based on the time that you have spent. Additionally, you may be eligible for bonus payments as described in the instructions. </p> <p> <strong>Participant's Rights:</strong> If you have read this form and have decided to participate in this project, please understand your participation is voluntary and you have the right to withdraw your consent or discontinue participation at any time without penalty or loss of benefits to which you are otherwise entitled. The alternative is not to participate. You have the right to refuse to answer particular questions. The results of this research study may be presented at scientific or professional meetings or published in scientific journals. Your individual privacy will be maintained in all published and writ-ten data resulting from the study. In accordance with scientific norms, the data from this study may be used or shared with other researchers for future research (after removing personally identifying information) without additional consent from you. </p> <p> <strong>Contact Information:</strong> If you have any questions, concerns or complaints about this research, its procedures, risks and benefits, contact the Protocol Director, Robert Hawkins (<a href=""mailto:rdhawkins@stanford.edu"">rdhawkins@stanford.edu</a>, 217-549-6923). </p> <p> <strong>Independant Contact:</strong> If you are not satisfied with how this study is being conducted, or if you have any concerns, com-plaints, or general questions about the research or your rights as a participant, please contact the Stanford Institutional Review Board (IRB) to speak to someone independent of the research team at 650-723-2480 or toll free at 1-866-680-2906, or email at irbnonmed@stanford.edu. You can also write to the Stanford IRB, Stanford University, 1705 El Camino Real, Palo Alto, CA 94306. Please save or print a copy of this page for your records. </p> <p> <strong>If you agree to participate in this research, please click ""I agree""</strong> </p></br> </div>",0,html-button-response,0,5384,0.0-0.0,agree,2026-05-29T00:50:51.418Z,,,,,,,,,zpdrcz1olm
1,2258,"
                <h2>Welcome!</h2>
                <p>You will be asked a few simple questions about the possible relationship
                between different things. The questions are unrelated to one another.</p>
                <p>For each question, you will read a statement and choose the most likely
                interpretation from the options presented.</p>
                <p>Please respond thoughtfully.</p>
            ",0,html-button-response,1,7650,0.0-1.0,,,,,,,,,,,zpdrcz1olm
2,8193,"
        <p>Before we begin, here is a practice question to familiarize you with the format.</p>
        <p>Suppose you read the following piece of information:</p>
        <p class=""trial-statement"">&ldquo;While Maria was typing her report, the phone rang.&rdquo;</p>
        <p class=""trial-question"">Which of the following is most likely?</p>
    ",0,html-button-response,2,15850,0.0-2.0,,,practice,Maria began her report first,correct,,,,,,zpdrcz1olm
3,15334,"
                    <p>Suppose you read the following piece of information:</p>
                    <p class=""trial-statement"">&ldquo;Laurem is associated with lower probability of Turilin&rdquo;</p>
                    <p class=""trial-question"">Which of the following is most likely?</p>
                ",0,html-button-response,3,31188,0.0-3.0,,,causal_judgment,Turilin causes a decrease in Laurem,yx,prob_lower,B,prob_lower_B,Laurem is associated with lower probability of Turilin,"yx,xy,neither",zpdrcz1olm
4,8712,"
                    <p>Suppose you read the following piece of information:</p>
                    <p class=""trial-statement"">&ldquo;Pneuben is associated with higher probability of Efogen&rdquo;</p>
                    <p class=""trial-question"">Which of the following is most likely?</p>
                ",0,html-button-response,4,39903,0.0-4.0,,,causal_judgment,Efogen causes an increase in Pneuben,yx,prob_increase,A,prob_increase_A,Pneuben is associated with higher probability of Efogen,"yx,xy,neither",zpdrcz1olm
5,13169,"
                    <p>Suppose you read the following piece of information:</p>
                    <p class=""trial-statement"">&ldquo;Agoriv is associated with a lower risk of Ceflar&rdquo;</p>
                    <p class=""trial-question"">Which of the following is most likely?</p>
                ",1,html-button-response,5,53076,0.0-5.0,,,causal_judgment,Agoriv causes a decrease in Ceflar,xy,risk_lower,A,risk_lower_A,Agoriv is associated with a lower risk of Ceflar,"yx,xy,neither",zpdrcz1olm
6,6982,"
                    <p>Suppose you read the following piece of information:</p>
                    <p class=""trial-statement"">&ldquo;Flembers is associated with Denoden&rdquo;</p>
                    <p class=""trial-question"">Which of the following is most likely?</p>
                ",0,html-button-response,6,60061,0.0-6.0,,,causal_judgment,Denoden causes Flembers,yx,assoc,B,assoc_B,Flembers is associated with Denoden,"yx,xy,neither",zpdrcz1olm
7,7794,"
                    <p>Suppose you read the following piece of information:</p>
                    <p class=""trial-statement"">&ldquo;Themaglin is associated with a higher risk of Rebosen&rdquo;</p>
                    <p class=""trial-question"">Which of the following is most likely?</p>
                ",1,html-button-response,7,67857,0.0-7.0,,,causal_judgment,Themaglin causes an increase in Rebosen,xy,risk_increase,A,risk_increase_A,Themaglin is associated with a higher risk of Rebosen,"yx,xy,neither",zpdrcz1olm
8,21283,,"{""explain"":""I was supposed to choose if they were related and how they were related.""}",survey-text,8,89173,0.0-8.0,,,screening,,,,,,,,zpdrcz1olm
9,1840,,"{""comments"":""""}",survey-text,9,91017,0.0-9.0,,,comments,,,,,,,,zpdrcz1olm
10,15359,,"{""age"":""28"",""gender"":""Male"",""native_language"":""English"",""education"":""College Degree""}",survey-text,10,106380,0.0-10.0,,,demographics,,,,,,,,zpdrcz1olm
0,2578,"<div class=""consent-text""> <h2>Consent Agreement</h2> <p> Please read this consent agreement carefully before deciding whether to participate in this experiment. </p> <p> <strong>Description:</strong> You are invited to participate in a research study about language and language learning. The purpose of the research is to understand how people learn new words. This research will be conducted through the Prolific platform, including participants from the US, UK, and Canada. If you decide to participate in this research, you will learn and use new words. </p> <p> <strong>Time Involvement:</strong> The task will last the amount of time advertised on Prolific. You are free to withdraw from the study at any time. </p> <p> <strong>Risks and Benefits:</strong> Study data will be stored securely, in compliance with Stanford University standards, minimizing the risk of confiden-tiality breach. This study advances our scientific understanding of how people learn new languages. We cannot and do not guarantee or promise that you will receive any benefits from this study. </p> <p> <strong>Compensation:</strong> You will receive payment in the amount advertised on Prolific. If you do not complete this study, you will receive prorated payment based on the time that you have spent. Additionally, you may be eligible for bonus payments as described in the instructions. </p> <p> <strong>Participant's Rights:</strong> If you have read this form and have decided to participate in this project, please understand your participation is voluntary and you have the right to withdraw your consent or discontinue participation at any time without penalty or loss of benefits to which you are otherwise entitled. The alternative is not to participate. You have the right to refuse to answer particular questions. The results of this research study may be presented at scientific or professional meetings or published in scientific journals. Your individual privacy will be maintained in all published and writ-ten data resulting from the study. In accordance with scientific norms, the data from this study may be used or shared with other researchers for future research (after removing personally identifying information) without additional consent from you. </p> <p> <strong>Contact Information:</strong> If you have any questions, concerns or complaints about this research, its procedures, risks and benefits, contact the Protocol Director, Robert Hawkins (<a href=""mailto:rdhawkins@stanford.edu"">rdhawkins@stanford.edu</a>, 217-549-6923). </p> <p> <strong>Independant Contact:</strong> If you are not satisfied with how this study is being conducted, or if you have any concerns, com-plaints, or general questions about the research or your rights as a participant, please contact the Stanford Institutional Review Board (IRB) to speak to someone independent of the research team at 650-723-2480 or toll free at 1-866-680-2906, or email at irbnonmed@stanford.edu. You can also write to the Stanford IRB, Stanford University, 1705 El Camino Real, Palo Alto, CA 94306. Please save or print a copy of this page for your records. </p> <p> <strong>If you agree to participate in this research, please click ""I agree""</strong> </p></br> </div>",0,html-button-response,0,2585,0.0-0.0,agree,2026-05-29T00:47:06.242Z,,,,,,,,,56ggfo1k0u
1,3884,"
                <h2>Welcome!</h2>
                <p>You will be asked a few simple questions about the possible relationship
                between different things. The questions are unrelated to one another.</p>
                <p>For each question, you will read a statement and choose the most likely
                interpretation from the options presented.</p>
                <p>Please respond thoughtfully.</p>
            ",0,html-button-response,1,6469,0.0-1.0,,,,,,,,,,,56ggfo1k0u
2,9238,"
        <p>Before we begin, here is a practice question to familiarize you with the format.</p>
        <p>Suppose you read the following piece of information:</p>
        <p class=""trial-statement"">&ldquo;While Maria was typing her report, the phone rang.&rdquo;</p>
        <p class=""trial-question"">Which of the following is most likely?</p>
    ",0,html-button-response,2,15708,0.0-2.0,,,practice,Maria began her report first,correct,,,,,,56ggfo1k0u
3,22475,"
                    <p>Suppose you read the following piece of information:</p>
                    <p class=""trial-statement"">&ldquo;Themaglin is associated with a higher risk of Rebosen&rdquo;</p>
                    <p class=""trial-question"">Which of the following is most likely?</p>
                ",0,html-button-response,3,38183,0.0-3.0,,,causal_judgment,Themaglin causes an increase in Rebosen,xy,risk_increase,A,risk_increase_A,Themaglin is associated with a higher risk of Rebosen,"xy,neither,yx",56ggfo1k0u
4,9031,"
                    <p>Suppose you read the following piece of information:</p>
                    <p class=""trial-statement"">&ldquo;Flembers is associated with Denoden&rdquo;</p>
                    <p class=""trial-question"">Which of the following is most likely?</p>
                ",2,html-button-response,4,47216,0.0-4.0,,,causal_judgment,Denoden causes Flembers,yx,assoc,B,assoc_B,Flembers is associated with Denoden,"xy,neither,yx",56ggfo1k0u
5,8156,"
                    <p>Suppose you read the following piece of information:</p>
                    <p class=""trial-statement"">&ldquo;Laurem is associated with lower probability of Turilin&rdquo;</p>
                    <p class=""trial-question"">Which of the following is most likely?</p>
                ",0,html-button-response,5,55373,0.0-5.0,,,causal_judgment,Laurem causes a decrease in Turilin,xy,prob_lower,B,prob_lower_B,Laurem is associated with lower probability of Turilin,"xy,neither,yx",56ggfo1k0u
6,4390,"
                    <p>Suppose you read the following piece of information:</p>
                    <p class=""trial-statement"">&ldquo;Ceflar is associated with a lower risk of Agoriv&rdquo;</p>
                    <p class=""trial-question"">Which of the following is most likely?</p>
                ",0,html-button-response,6,59764,0.0-6.0,,,causal_judgment,Ceflar causes a decrease in Agoriv,xy,risk_lower,B,risk_lower_B,Ceflar is associated with a lower risk of Agoriv,"xy,neither,yx",56ggfo1k0u
7,5573,"
                    <p>Suppose you read the following piece of information:</p>
                    <p class=""trial-statement"">&ldquo;Pneuben is associated with higher probability of Efogen&rdquo;</p>
                    <p class=""trial-question"">Which of the following is most likely?</p>
                ",0,html-button-response,7,65338,0.0-7.0,,,causal_judgment,Pneuben causes an increase in Efogen,xy,prob_increase,A,prob_increase_A,Pneuben is associated with higher probability of Efogen,"xy,neither,yx",56ggfo1k0u
8,36406,,"{""explain"":""I was asked to choose the right definition of the relation between two things""}",survey-text,8,101756,0.0-8.0,,,screening,,,,,,,,56ggfo1k0u
9,2592,,"{""comments"":""""}",survey-text,9,104351,0.0-9.0,,,comments,,,,,,,,56ggfo1k0u
10,27050,,"{""age"":""23"",""gender"":""Male"",""native_language"":""English"",""education"":""Current Undergraduate""}",survey-text,10,131432,0.0-10.0,,,demographics,,,,,,,,56ggfo1k0u
0,6427,"<div class=""consent-text""> <h2>Consent Agreement</h2> <p> Please read this consent agreement carefully before deciding whether to participate in this experiment. </p> <p> <strong>Description:</strong> You are invited to participate in a research study about language and language learning. The purpose of the research is to understand how people learn new words. This research will be conducted through the Prolific platform, including participants from the US, UK, and Canada. If you decide to participate in this research, you will learn and use new words. </p> <p> <strong>Time Involvement:</strong> The task will last the amount of time advertised on Prolific. You are free to withdraw from the study at any time. </p> <p> <strong>Risks and Benefits:</strong> Study data will be stored securely, in compliance with Stanford University standards, minimizing the risk of confiden-tiality breach. This study advances our scientific understanding of how people learn new languages. We cannot and do not guarantee or promise that you will receive any benefits from this study. </p> <p> <strong>Compensation:</strong> You will receive payment in the amount advertised on Prolific. If you do not complete this study, you will receive prorated payment based on the time that you have spent. Additionally, you may be eligible for bonus payments as described in the instructions. </p> <p> <strong>Participant's Rights:</strong> If you have read this form and have decided to participate in this project, please understand your participation is voluntary and you have the right to withdraw your consent or discontinue participation at any time without penalty or loss of benefits to which you are otherwise entitled. The alternative is not to participate. You have the right to refuse to answer particular questions. The results of this research study may be presented at scientific or professional meetings or published in scientific journals. Your individual privacy will be maintained in all published and writ-ten data resulting from the study. In accordance with scientific norms, the data from this study may be used or shared with other researchers for future research (after removing personally identifying information) without additional consent from you. </p> <p> <strong>Contact Information:</strong> If you have any questions, concerns or complaints about this research, its procedures, risks and benefits, contact the Protocol Director, Robert Hawkins (<a href=""mailto:rdhawkins@stanford.edu"">rdhawkins@stanford.edu</a>, 217-549-6923). </p> <p> <strong>Independant Contact:</strong> If you are not satisfied with how this study is being conducted, or if you have any concerns, com-plaints, or general questions about the research or your rights as a participant, please contact the Stanford Institutional Review Board (IRB) to speak to someone independent of the research team at 650-723-2480 or toll free at 1-866-680-2906, or email at irbnonmed@stanford.edu. You can also write to the Stanford IRB, Stanford University, 1705 El Camino Real, Palo Alto, CA 94306. Please save or print a copy of this page for your records. </p> <p> <strong>If you agree to participate in this research, please click ""I agree""</strong> </p></br> </div>",0,html-button-response,0,6428,0.0-0.0,agree,2026-05-29T00:45:16.699Z,,,,,,,,,nb4vmpjbmk
1,2701,"
                <h2>Welcome!</h2>
                <p>You will be asked a few simple questions about the possible relationship
                between different things. The questions are unrelated to one another.</p>
                <p>For each question, you will read a statement and choose the most likely
                interpretation from the options presented.</p>
                <p>Please respond thoughtfully.</p>
            ",0,html-button-response,1,9132,0.0-1.0,,,,,,,,,,,nb4vmpjbmk
2,6267,"
        <p>Before we begin, here is a practice question to familiarize you with the format.</p>
        <p>Suppose you read the following piece of information:</p>
        <p class=""trial-statement"">&ldquo;While Maria was typing her report, the phone rang.&rdquo;</p>
        <p class=""trial-question"">Which of the following is most likely?</p>
    ",0,html-button-response,2,15400,0.0-2.0,,,practice,Maria began her report first,correct,,,,,,nb4vmpjbmk
3,11991,"
                    <p>Suppose you read the following piece of information:</p>
                    <p class=""trial-statement"">&ldquo;Laurem is associated with lower probability of Turilin&rdquo;</p>
                    <p class=""trial-question"">Which of the following is most likely?</p>
                ",1,html-button-response,3,27393,0.0-3.0,,,causal_judgment,Laurem causes a decrease in Turilin,xy,prob_lower,B,prob_lower_B,Laurem is associated with lower probability of Turilin,"yx,xy,neither",nb4vmpjbmk
4,10180,"
                    <p>Suppose you read the following piece of information:</p>
                    <p class=""trial-statement"">&ldquo;Pneuben is associated with higher probability of Efogen&rdquo;</p>
                    <p class=""trial-question"">Which of the following is most likely?</p>
                ",1,html-button-response,4,37575,0.0-4.0,,,causal_judgment,Pneuben causes an increase in Efogen,xy,prob_increase,A,prob_increase_A,Pneuben is associated with higher probability of Efogen,"yx,xy,neither",nb4vmpjbmk
5,10147,"
                    <p>Suppose you read the following piece of information:</p>
                    <p class=""trial-statement"">&ldquo;Ceflar is associated with a lower risk of Agoriv&rdquo;</p>
                    <p class=""trial-question"">Which of the following is most likely?</p>
                ",1,html-button-response,5,47723,0.0-5.0,,,causal_judgment,Ceflar causes a decrease in Agoriv,xy,risk_lower,B,risk_lower_B,Ceflar is associated with a lower risk of Agoriv,"yx,xy,neither",nb4vmpjbmk
6,5914,"
                    <p>Suppose you read the following piece of information:</p>
                    <p class=""trial-statement"">&ldquo;Denoden is associated with Flembers&rdquo;</p>
                    <p class=""trial-question"">Which of the following is most likely?</p>
                ",2,html-button-response,6,53639,0.0-6.0,,,causal_judgment,"A third factor is causally related to Denoden and Flembers, they are not directly related",neither,assoc,A,assoc_A,Denoden is associated with Flembers,"yx,xy,neither",nb4vmpjbmk
7,6249,"
                    <p>Suppose you read the following piece of information:</p>
                    <p class=""trial-statement"">&ldquo;Rebosen is associated with a higher risk of Themaglin&rdquo;</p>
                    <p class=""trial-question"">Which of the following is most likely?</p>
                ",1,html-button-response,7,59889,0.0-7.0,,,causal_judgment,Rebosen causes an increase in Themaglin,xy,risk_increase,B,risk_increase_B,Rebosen is associated with a higher risk of Themaglin,"yx,xy,neither",nb4vmpjbmk
8,16066,,"{""explain"":""Compare the relationship between two things/examine the causation implied""}",survey-text,8,75964,0.0-8.0,,,screening,,,,,,,,nb4vmpjbmk
9,1727,,"{""comments"":""""}",survey-text,9,77693,0.0-9.0,,,comments,,,,,,,,nb4vmpjbmk
10,10292,,"{""age"":""30"",""gender"":""Female"",""native_language"":""English"",""education"":""Bachelor's""}",survey-text,10,87988,0.0-10.0,,,demographics,,,,,,,,nb4vmpjbmk
0,1945,"<div class=""consent-text""> <h2>Consent Agreement</h2> <p> Please read this consent agreement carefully before deciding whether to participate in this experiment. </p> <p> <strong>Description:</strong> You are invited to participate in a research study about language and language learning. The purpose of the research is to understand how people learn new words. This research will be conducted through the Prolific platform, including participants from the US, UK, and Canada. If you decide to participate in this research, you will learn and use new words. </p> <p> <strong>Time Involvement:</strong> The task will last the amount of time advertised on Prolific. You are free to withdraw from the study at any time. </p> <p> <strong>Risks and Benefits:</strong> Study data will be stored securely, in compliance with Stanford University standards, minimizing the risk of confiden-tiality breach. This study advances our scientific understanding of how people learn new languages. We cannot and do not guarantee or promise that you will receive any benefits from this study. </p> <p> <strong>Compensation:</strong> You will receive payment in the amount advertised on Prolific. If you do not complete this study, you will receive prorated payment based on the time that you have spent. Additionally, you may be eligible for bonus payments as described in the instructions. </p> <p> <strong>Participant's Rights:</strong> If you have read this form and have decided to participate in this project, please understand your participation is voluntary and you have the right to withdraw your consent or discontinue participation at any time without penalty or loss of benefits to which you are otherwise entitled. The alternative is not to participate. You have the right to refuse to answer particular questions. The results of this research study may be presented at scientific or professional meetings or published in scientific journals. Your individual privacy will be maintained in all published and writ-ten data resulting from the study. In accordance with scientific norms, the data from this study may be used or shared with other researchers for future research (after removing personally identifying information) without additional consent from you. </p> <p> <strong>Contact Information:</strong> If you have any questions, concerns or complaints about this research, its procedures, risks and benefits, contact the Protocol Director, Robert Hawkins (<a href=""mailto:rdhawkins@stanford.edu"">rdhawkins@stanford.edu</a>, 217-549-6923). </p> <p> <strong>Independant Contact:</strong> If you are not satisfied with how this study is being conducted, or if you have any concerns, com-plaints, or general questions about the research or your rights as a participant, please contact the Stanford Institutional Review Board (IRB) to speak to someone independent of the research team at 650-723-2480 or toll free at 1-866-680-2906, or email at irbnonmed@stanford.edu. You can also write to the Stanford IRB, Stanford University, 1705 El Camino Real, Palo Alto, CA 94306. Please save or print a copy of this page for your records. </p> <p> <strong>If you agree to participate in this research, please click ""I agree""</strong> </p></br> </div>",0,html-button-response,0,1953,0.0-0.0,agree,2026-05-29T00:46:27.405Z,,,,,,,,,37pp67w1ok
1,1278,"
                <h2>Welcome!</h2>
                <p>You will be asked a few simple questions about the possible relationship
                between different things. The questions are unrelated to one another.</p>
                <p>For each question, you will read a statement and choose the most likely
                interpretation from the options presented.</p>
                <p>Please respond thoughtfully.</p>
            ",0,html-button-response,1,3235,0.0-1.0,,,,,,,,,,,37pp67w1ok
2,22014,"
        <p>Before we begin, here is a practice question to familiarize you with the format.</p>
        <p>Suppose you read the following piece of information:</p>
        <p class=""trial-statement"">&ldquo;While Maria was typing her report, the phone rang.&rdquo;</p>
        <p class=""trial-question"">Which of the following is most likely?</p>
    ",0,html-button-response,2,25251,0.0-2.0,,,practice,Maria began her report first,correct,,,,,,37pp67w1ok
3,71786,"
                    <p>Suppose you read the following piece of information:</p>
                    <p class=""trial-statement"">&ldquo;Pneuben is associated with higher probability of Efogen&rdquo;</p>
                    <p class=""trial-question"">Which of the following is most likely?</p>
                ",2,html-button-response,3,97039,0.0-3.0,,,causal_judgment,Pneuben causes an increase in Efogen,xy,prob_increase,A,prob_increase_A,Pneuben is associated with higher probability of Efogen,"neither,yx,xy",37pp67w1ok
4,9787,"
                    <p>Suppose you read the following piece of information:</p>
                    <p class=""trial-statement"">&ldquo;Ceflar is associated with a lower risk of Agoriv&rdquo;</p>
                    <p class=""trial-question"">Which of the following is most likely?</p>
                ",2,html-button-response,4,106829,0.0-4.0,,,causal_judgment,Ceflar causes a decrease in Agoriv,xy,risk_lower,B,risk_lower_B,Ceflar is associated with a lower risk of Agoriv,"neither,yx,xy",37pp67w1ok
5,14197,"
                    <p>Suppose you read the following piece of information:</p>
                    <p class=""trial-statement"">&ldquo;Flembers is associated with Denoden&rdquo;</p>
                    <p class=""trial-question"">Which of the following is most likely?</p>
                ",2,html-button-response,5,121027,0.0-5.0,,,causal_judgment,Flembers causes Denoden,xy,assoc,B,assoc_B,Flembers is associated with Denoden,"neither,yx,xy",37pp67w1ok
6,22966,"
                    <p>Suppose you read the following piece of information:</p>
                    <p class=""trial-statement"">&ldquo;Laurem is associated with lower probability of Turilin&rdquo;</p>
                    <p class=""trial-question"">Which of the following is most likely?</p>
                ",2,html-button-response,6,143995,0.0-6.0,,,causal_judgment,Laurem causes a decrease in Turilin,xy,prob_lower,B,prob_lower_B,Laurem is associated with lower probability of Turilin,"neither,yx,xy",37pp67w1ok
7,18330,"
                    <p>Suppose you read the following piece of information:</p>
                    <p class=""trial-statement"">&ldquo;Themaglin is associated with a higher risk of Rebosen&rdquo;</p>
                    <p class=""trial-question"">Which of the following is most likely?</p>
                ",2,html-button-response,7,162327,0.0-7.0,,,causal_judgment,Themaglin causes an increase in Rebosen,xy,risk_increase,A,risk_increase_A,Themaglin is associated with a higher risk of Rebosen,"neither,yx,xy",37pp67w1ok
8,19833,,"{""explain"":""determine what the sentence was stating.""}",survey-text,8,182174,0.0-8.0,,,screening,,,,,,,,37pp67w1ok
9,5407,,"{""comments"":""no""}",survey-text,9,187586,0.0-9.0,,,comments,,,,,,,,37pp67w1ok
10,36844,,"{""age"":""19"",""gender"":""female"",""native_language"":""English"",""education"":""some college""}",survey-text,10,224435,0.0-10.0,,,demographics,,,,,,,,37pp67w1ok
0,10132,"<div class=""consent-text""> <h2>Consent Agreement</h2> <p> Please read this consent agreement carefully before deciding whether to participate in this experiment. </p> <p> <strong>Description:</strong> You are invited to participate in a research study about language and language learning. The purpose of the research is to understand how people learn new words. This research will be conducted through the Prolific platform, including participants from the US, UK, and Canada. If you decide to participate in this research, you will learn and use new words. </p> <p> <strong>Time Involvement:</strong> The task will last the amount of time advertised on Prolific. You are free to withdraw from the study at any time. </p> <p> <strong>Risks and Benefits:</strong> Study data will be stored securely, in compliance with Stanford University standards, minimizing the risk of confiden-tiality breach. This study advances our scientific understanding of how people learn new languages. We cannot and do not guarantee or promise that you will receive any benefits from this study. </p> <p> <strong>Compensation:</strong> You will receive payment in the amount advertised on Prolific. If you do not complete this study, you will receive prorated payment based on the time that you have spent. Additionally, you may be eligible for bonus payments as described in the instructions. </p> <p> <strong>Participant's Rights:</strong> If you have read this form and have decided to participate in this project, please understand your participation is voluntary and you have the right to withdraw your consent or discontinue participation at any time without penalty or loss of benefits to which you are otherwise entitled. The alternative is not to participate. You have the right to refuse to answer particular questions. The results of this research study may be presented at scientific or professional meetings or published in scientific journals. Your individual privacy will be maintained in all published and writ-ten data resulting from the study. In accordance with scientific norms, the data from this study may be used or shared with other researchers for future research (after removing personally identifying information) without additional consent from you. </p> <p> <strong>Contact Information:</strong> If you have any questions, concerns or complaints about this research, its procedures, risks and benefits, contact the Protocol Director, Robert Hawkins (<a href=""mailto:rdhawkins@stanford.edu"">rdhawkins@stanford.edu</a>, 217-549-6923). </p> <p> <strong>Independant Contact:</strong> If you are not satisfied with how this study is being conducted, or if you have any concerns, com-plaints, or general questions about the research or your rights as a participant, please contact the Stanford Institutional Review Board (IRB) to speak to someone independent of the research team at 650-723-2480 or toll free at 1-866-680-2906, or email at irbnonmed@stanford.edu. You can also write to the Stanford IRB, Stanford University, 1705 El Camino Real, Palo Alto, CA 94306. Please save or print a copy of this page for your records. </p> <p> <strong>If you agree to participate in this research, please click ""I agree""</strong> </p></br> </div>",0,html-button-response,0,10137,0.0-0.0,agree,2026-05-29T00:47:25.157Z,,,,,,,,,6y0a84k3vq
1,4399,"
                <h2>Welcome!</h2>
                <p>You will be asked a few simple questions about the possible relationship
                between different things. The questions are unrelated to one another.</p>
                <p>For each question, you will read a statement and choose the most likely
                interpretation from the options presented.</p>
                <p>Please respond thoughtfully.</p>
            ",0,html-button-response,1,14541,0.0-1.0,,,,,,,,,,,6y0a84k3vq
2,8856,"
        <p>Before we begin, here is a practice question to familiarize you with the format.</p>
        <p>Suppose you read the following piece of information:</p>
        <p class=""trial-statement"">&ldquo;While Maria was typing her report, the phone rang.&rdquo;</p>
        <p class=""trial-question"">Which of the following is most likely?</p>
    ",1,html-button-response,2,23399,0.0-2.0,,,practice,Maria began her report first,correct,,,,,,6y0a84k3vq
3,13104,"
                    <p>Suppose you read the following piece of information:</p>
                    <p class=""trial-statement"">&ldquo;Denoden is associated with Flembers&rdquo;</p>
                    <p class=""trial-question"">Which of the following is most likely?</p>
                ",1,html-button-response,3,36505,0.0-3.0,,,causal_judgment,Flembers causes Denoden,yx,assoc,A,assoc_A,Denoden is associated with Flembers,"xy,yx,neither",6y0a84k3vq
4,37617,"
                    <p>Suppose you read the following piece of information:</p>
                    <p class=""trial-statement"">&ldquo;Turilin is associated with lower probability of Laurem&rdquo;</p>
                    <p class=""trial-question"">Which of the following is most likely?</p>
                ",0,html-button-response,4,74125,0.0-4.0,,,causal_judgment,Turilin causes a decrease in Laurem,xy,prob_lower,A,prob_lower_A,Turilin is associated with lower probability of Laurem,"xy,yx,neither",6y0a84k3vq
5,12236,"
                    <p>Suppose you read the following piece of information:</p>
                    <p class=""trial-statement"">&ldquo;Efogen is associated with higher probability of Pneuben&rdquo;</p>
                    <p class=""trial-question"">Which of the following is most likely?</p>
                ",0,html-button-response,5,86364,0.0-5.0,,,causal_judgment,Efogen causes an increase in Pneuben,xy,prob_increase,B,prob_increase_B,Efogen is associated with higher probability of Pneuben,"xy,yx,neither",6y0a84k3vq
6,16673,"
                    <p>Suppose you read the following piece of information:</p>
                    <p class=""trial-statement"">&ldquo;Rebosen is associated with a higher risk of Themaglin&rdquo;</p>
                    <p class=""trial-question"">Which of the following is most likely?</p>
                ",0,html-button-response,6,103039,0.0-6.0,,,causal_judgment,Rebosen causes an increase in Themaglin,xy,risk_increase,B,risk_increase_B,Rebosen is associated with a higher risk of Themaglin,"xy,yx,neither",6y0a84k3vq
7,13243,"
                    <p>Suppose you read the following piece of information:</p>
                    <p class=""trial-statement"">&ldquo;Agoriv is associated with a lower risk of Ceflar&rdquo;</p>
                    <p class=""trial-question"">Which of the following is most likely?</p>
                ",0,html-button-response,7,116284,0.0-7.0,,,causal_judgment,Agoriv causes a decrease in Ceflar,xy,risk_lower,A,risk_lower_A,Agoriv is associated with a lower risk of Ceflar,"xy,yx,neither",6y0a84k3vq
8,35947,,"{""explain"":""decipher the meanings of some ambigious sentences.""}",survey-text,8,152246,0.0-8.0,,,screening,,,,,,,,6y0a84k3vq
9,2879,,"{""comments"":""""}",survey-text,9,155130,0.0-9.0,,,comments,,,,,,,,6y0a84k3vq
10,20883,,"{""age"":""44"",""gender"":""male"",""native_language"":""English"",""education"":""PhD""}",survey-text,10,176018,0.0-10.0,,,demographics,,,,,,,,6y0a84k3vq
0,22981,"<div class=""consent-text""> <h2>Consent Agreement</h2> <p> Please read this consent agreement carefully before deciding whether to participate in this experiment. </p> <p> <strong>Description:</strong> You are invited to participate in a research study about language and language learning. The purpose of the research is to understand how people learn new words. This research will be conducted through the Prolific platform, including participants from the US, UK, and Canada. If you decide to participate in this research, you will learn and use new words. </p> <p> <strong>Time Involvement:</strong> The task will last the amount of time advertised on Prolific. You are free to withdraw from the study at any time. </p> <p> <strong>Risks and Benefits:</strong> Study data will be stored securely, in compliance with Stanford University standards, minimizing the risk of confiden-tiality breach. This study advances our scientific understanding of how people learn new languages. We cannot and do not guarantee or promise that you will receive any benefits from this study. </p> <p> <strong>Compensation:</strong> You will receive payment in the amount advertised on Prolific. If you do not complete this study, you will receive prorated payment based on the time that you have spent. Additionally, you may be eligible for bonus payments as described in the instructions. </p> <p> <strong>Participant's Rights:</strong> If you have read this form and have decided to participate in this project, please understand your participation is voluntary and you have the right to withdraw your consent or discontinue participation at any time without penalty or loss of benefits to which you are otherwise entitled. The alternative is not to participate. You have the right to refuse to answer particular questions. The results of this research study may be presented at scientific or professional meetings or published in scientific journals. Your individual privacy will be maintained in all published and writ-ten data resulting from the study. In accordance with scientific norms, the data from this study may be used or shared with other researchers for future research (after removing personally identifying information) without additional consent from you. </p> <p> <strong>Contact Information:</strong> If you have any questions, concerns or complaints about this research, its procedures, risks and benefits, contact the Protocol Director, Robert Hawkins (<a href=""mailto:rdhawkins@stanford.edu"">rdhawkins@stanford.edu</a>, 217-549-6923). </p> <p> <strong>Independant Contact:</strong> If you are not satisfied with how this study is being conducted, or if you have any concerns, com-plaints, or general questions about the research or your rights as a participant, please contact the Stanford Institutional Review Board (IRB) to speak to someone independent of the research team at 650-723-2480 or toll free at 1-866-680-2906, or email at irbnonmed@stanford.edu. You can also write to the Stanford IRB, Stanford University, 1705 El Camino Real, Palo Alto, CA 94306. Please save or print a copy of this page for your records. </p> <p> <strong>If you agree to participate in this research, please click ""I agree""</strong> </p></br> </div>",0,html-button-response,0,22981,0.0-0.0,agree,2026-05-29T00:45:27.400Z,,,,,,,,,htub3kkp96
1,19557,"
                <h2>Welcome!</h2>
                <p>You will be asked a few simple questions about the possible relationship
                between different things. The questions are unrelated to one another.</p>
                <p>For each question, you will read a statement and choose the most likely
                interpretation from the options presented.</p>
                <p>Please respond thoughtfully.</p>
            ",0,html-button-response,1,42539,0.0-1.0,,,,,,,,,,,htub3kkp96
2,16562,"
        <p>Before we begin, here is a practice question to familiarize you with the format.</p>
        <p>Suppose you read the following piece of information:</p>
        <p class=""trial-statement"">&ldquo;While Maria was typing her report, the phone rang.&rdquo;</p>
        <p class=""trial-question"">Which of the following is most likely?</p>
    ",1,html-button-response,2,59101,0.0-2.0,,,practice,Maria began her report first,correct,,,,,,htub3kkp96
3,22850,"
                    <p>Suppose you read the following piece of information:</p>
                    <p class=""trial-statement"">&ldquo;Laurem is associated with lower probability of Turilin&rdquo;</p>
                    <p class=""trial-question"">Which of the following is most likely?</p>
                ",1,html-button-response,3,81952,0.0-3.0,,,causal_judgment,Laurem causes a decrease in Turilin,xy,prob_lower,B,prob_lower_B,Laurem is associated with lower probability of Turilin,"neither,xy,yx",htub3kkp96
4,11581,"
                    <p>Suppose you read the following piece of information:</p>
                    <p class=""trial-statement"">&ldquo;Pneuben is associated with higher probability of Efogen&rdquo;</p>
                    <p class=""trial-question"">Which of the following is most likely?</p>
                ",1,html-button-response,4,93534,0.0-4.0,,,causal_judgment,Pneuben causes an increase in Efogen,xy,prob_increase,A,prob_increase_A,Pneuben is associated with higher probability of Efogen,"neither,xy,yx",htub3kkp96
5,7448,"
                    <p>Suppose you read the following piece of information:</p>
                    <p class=""trial-statement"">&ldquo;Denoden is associated with Flembers&rdquo;</p>
                    <p class=""trial-question"">Which of the following is most likely?</p>
                ",0,html-button-response,5,100983,0.0-5.0,,,causal_judgment,"A third factor is causally related to Denoden and Flembers, they are not directly related",neither,assoc,A,assoc_A,Denoden is associated with Flembers,"neither,xy,yx",htub3kkp96
6,11259,"
                    <p>Suppose you read the following piece of information:</p>
                    <p class=""trial-statement"">&ldquo;Rebosen is associated with a higher risk of Themaglin&rdquo;</p>
                    <p class=""trial-question"">Which of the following is most likely?</p>
                ",1,html-button-response,6,112242,0.0-6.0,,,causal_judgment,Rebosen causes an increase in Themaglin,xy,risk_increase,B,risk_increase_B,Rebosen is associated with a higher risk of Themaglin,"neither,xy,yx",htub3kkp96
7,8592,"
                    <p>Suppose you read the following piece of information:</p>
                    <p class=""trial-statement"">&ldquo;Ceflar is associated with a lower risk of Agoriv&rdquo;</p>
                    <p class=""trial-question"">Which of the following is most likely?</p>
                ",1,html-button-response,7,120835,0.0-7.0,,,causal_judgment,Ceflar causes a decrease in Agoriv,xy,risk_lower,B,risk_lower_B,Ceflar is associated with a lower risk of Agoriv,"neither,xy,yx",htub3kkp96
8,30009,,"{""explain"":""I was asked to associate the meanings of new words based on a sentence.""}",survey-text,8,150847,0.0-8.0,,,screening,,,,,,,,htub3kkp96
9,1885,,"{""comments"":""""}",survey-text,9,152734,0.0-9.0,,,comments,,,,,,,,htub3kkp96
10,15922,,"{""age"":""27"",""gender"":""female"",""native_language"":""english"",""education"":""masters of chemistry""}",survey-text,10,168657,0.0-10.0,,,demographics,,,,,,,,htub3kkp96
0,1686,"<div class=""consent-text""> <h2>Consent Agreement</h2> <p> Please read this consent agreement carefully before deciding whether to participate in this experiment. </p> <p> <strong>Description:</strong> You are invited to participate in a research study about language and language learning. The purpose of the research is to understand how people learn new words. This research will be conducted through the Prolific platform, including participants from the US, UK, and Canada. If you decide to participate in this research, you will learn and use new words. </p> <p> <strong>Time Involvement:</strong> The task will last the amount of time advertised on Prolific. You are free to withdraw from the study at any time. </p> <p> <strong>Risks and Benefits:</strong> Study data will be stored securely, in compliance with Stanford University standards, minimizing the risk of confiden-tiality breach. This study advances our scientific understanding of how people learn new languages. We cannot and do not guarantee or promise that you will receive any benefits from this study. </p> <p> <strong>Compensation:</strong> You will receive payment in the amount advertised on Prolific. If you do not complete this study, you will receive prorated payment based on the time that you have spent. Additionally, you may be eligible for bonus payments as described in the instructions. </p> <p> <strong>Participant's Rights:</strong> If you have read this form and have decided to participate in this project, please understand your participation is voluntary and you have the right to withdraw your consent or discontinue participation at any time without penalty or loss of benefits to which you are otherwise entitled. The alternative is not to participate. You have the right to refuse to answer particular questions. The results of this research study may be presented at scientific or professional meetings or published in scientific journals. Your individual privacy will be maintained in all published and writ-ten data resulting from the study. In accordance with scientific norms, the data from this study may be used or shared with other researchers for future research (after removing personally identifying information) without additional consent from you. </p> <p> <strong>Contact Information:</strong> If you have any questions, concerns or complaints about this research, its procedures, risks and benefits, contact the Protocol Director, Robert Hawkins (<a href=""mailto:rdhawkins@stanford.edu"">rdhawkins@stanford.edu</a>, 217-549-6923). </p> <p> <strong>Independant Contact:</strong> If you are not satisfied with how this study is being conducted, or if you have any concerns, com-plaints, or general questions about the research or your rights as a participant, please contact the Stanford Institutional Review Board (IRB) to speak to someone independent of the research team at 650-723-2480 or toll free at 1-866-680-2906, or email at irbnonmed@stanford.edu. You can also write to the Stanford IRB, Stanford University, 1705 El Camino Real, Palo Alto, CA 94306. Please save or print a copy of this page for your records. </p> <p> <strong>If you agree to participate in this research, please click ""I agree""</strong> </p></br> </div>",0,html-button-response,0,1687,0.0-0.0,agree,2026-05-29T00:46:26.757Z,,,,,,,,,ufh6lmv4x8
1,5297,"
                <h2>Welcome!</h2>
                <p>You will be asked a few simple questions about the possible relationship
                between different things. The questions are unrelated to one another.</p>
                <p>For each question, you will read a statement and choose the most likely
                interpretation from the options presented.</p>
                <p>Please respond thoughtfully.</p>
            ",0,html-button-response,1,6985,0.0-1.0,,,,,,,,,,,ufh6lmv4x8
2,9492,"
        <p>Before we begin, here is a practice question to familiarize you with the format.</p>
        <p>Suppose you read the following piece of information:</p>
        <p class=""trial-statement"">&ldquo;While Maria was typing her report, the phone rang.&rdquo;</p>
        <p class=""trial-question"">Which of the following is most likely?</p>
    ",0,html-button-response,2,16477,0.0-2.0,,,practice,Maria began her report first,correct,,,,,,ufh6lmv4x8
3,23526,"
                    <p>Suppose you read the following piece of information:</p>
                    <p class=""trial-statement"">&ldquo;Efogen is associated with higher probability of Pneuben&rdquo;</p>
                    <p class=""trial-question"">Which of the following is most likely?</p>
                ",0,html-button-response,3,40003,0.0-3.0,,,causal_judgment,Efogen causes an increase in Pneuben,xy,prob_increase,B,prob_increase_B,Efogen is associated with higher probability of Pneuben,"xy,neither,yx",ufh6lmv4x8
4,13543,"
                    <p>Suppose you read the following piece of information:</p>
                    <p class=""trial-statement"">&ldquo;Laurem is associated with lower probability of Turilin&rdquo;</p>
                    <p class=""trial-question"">Which of the following is most likely?</p>
                ",0,html-button-response,4,53546,0.0-4.0,,,causal_judgment,Laurem causes a decrease in Turilin,xy,prob_lower,B,prob_lower_B,Laurem is associated with lower probability of Turilin,"xy,neither,yx",ufh6lmv4x8
5,23571,"
                    <p>Suppose you read the following piece of information:</p>
                    <p class=""trial-statement"">&ldquo;Denoden is associated with Flembers&rdquo;</p>
                    <p class=""trial-question"">Which of the following is most likely?</p>
                ",2,html-button-response,5,77117,0.0-5.0,,,causal_judgment,Flembers causes Denoden,yx,assoc,A,assoc_A,Denoden is associated with Flembers,"xy,neither,yx",ufh6lmv4x8
6,22342,"
                    <p>Suppose you read the following piece of information:</p>
                    <p class=""trial-statement"">&ldquo;Rebosen is associated with a higher risk of Themaglin&rdquo;</p>
                    <p class=""trial-question"">Which of the following is most likely?</p>
                ",0,html-button-response,6,99459,0.0-6.0,,,causal_judgment,Rebosen causes an increase in Themaglin,xy,risk_increase,B,risk_increase_B,Rebosen is associated with a higher risk of Themaglin,"xy,neither,yx",ufh6lmv4x8
7,18270,"
                    <p>Suppose you read the following piece of information:</p>
                    <p class=""trial-statement"">&ldquo;Agoriv is associated with a lower risk of Ceflar&rdquo;</p>
                    <p class=""trial-question"">Which of the following is most likely?</p>
                ",0,html-button-response,7,117729,0.0-7.0,,,causal_judgment,Agoriv causes a decrease in Ceflar,xy,risk_lower,A,risk_lower_A,Agoriv is associated with a lower risk of Ceflar,"xy,neither,yx",ufh6lmv4x8
8,69038,,"{""explain"":""Try to work out the correct conclusion to the evidence we were given.""}",survey-text,8,186769,0.0-8.0,,,screening,,,,,,,,ufh6lmv4x8
9,13384,,"{""comments"":""Nothing comes to mind""}",survey-text,9,200154,0.0-9.0,,,comments,,,,,,,,ufh6lmv4x8
10,20853,,"{""age"":""41"",""gender"":""Male"",""native_language"":""English"",""education"":""A level""}",survey-text,10,221008,0.0-10.0,,,demographics,,,,,,,,ufh6lmv4x8
0,3255,"<div class=""consent-text""> <h2>Consent Agreement</h2> <p> Please read this consent agreement carefully before deciding whether to participate in this experiment. </p> <p> <strong>Description:</strong> You are invited to participate in a research study about language and language learning. The purpose of the research is to understand how people learn new words. This research will be conducted through the Prolific platform, including participants from the US, UK, and Canada. If you decide to participate in this research, you will learn and use new words. </p> <p> <strong>Time Involvement:</strong> The task will last the amount of time advertised on Prolific. You are free to withdraw from the study at any time. </p> <p> <strong>Risks and Benefits:</strong> Study data will be stored securely, in compliance with Stanford University standards, minimizing the risk of confiden-tiality breach. This study advances our scientific understanding of how people learn new languages. We cannot and do not guarantee or promise that you will receive any benefits from this study. </p> <p> <strong>Compensation:</strong> You will receive payment in the amount advertised on Prolific. If you do not complete this study, you will receive prorated payment based on the time that you have spent. Additionally, you may be eligible for bonus payments as described in the instructions. </p> <p> <strong>Participant's Rights:</strong> If you have read this form and have decided to participate in this project, please understand your participation is voluntary and you have the right to withdraw your consent or discontinue participation at any time without penalty or loss of benefits to which you are otherwise entitled. The alternative is not to participate. You have the right to refuse to answer particular questions. The results of this research study may be presented at scientific or professional meetings or published in scientific journals. Your individual privacy will be maintained in all published and writ-ten data resulting from the study. In accordance with scientific norms, the data from this study may be used or shared with other researchers for future research (after removing personally identifying information) without additional consent from you. </p> <p> <strong>Contact Information:</strong> If you have any questions, concerns or complaints about this research, its procedures, risks and benefits, contact the Protocol Director, Robert Hawkins (<a href=""mailto:rdhawkins@stanford.edu"">rdhawkins@stanford.edu</a>, 217-549-6923). </p> <p> <strong>Independant Contact:</strong> If you are not satisfied with how this study is being conducted, or if you have any concerns, com-plaints, or general questions about the research or your rights as a participant, please contact the Stanford Institutional Review Board (IRB) to speak to someone independent of the research team at 650-723-2480 or toll free at 1-866-680-2906, or email at irbnonmed@stanford.edu. You can also write to the Stanford IRB, Stanford University, 1705 El Camino Real, Palo Alto, CA 94306. Please save or print a copy of this page for your records. </p> <p> <strong>If you agree to participate in this research, please click ""I agree""</strong> </p></br> </div>",0,html-button-response,0,3260,0.0-0.0,agree,2026-05-29T00:51:25.246Z,,,,,,,,,ub0d57z2jb
1,86319,"
                <h2>Welcome!</h2>
                <p>You will be asked a few simple questions about the possible relationship
                between different things. The questions are unrelated to one another.</p>
                <p>For each question, you will read a statement and choose the most likely
                interpretation from the options presented.</p>
                <p>Please respond thoughtfully.</p>
            ",0,html-button-response,1,89582,0.0-1.0,,,,,,,,,,,ub0d57z2jb
2,9993,"
        <p>Before we begin, here is a practice question to familiarize you with the format.</p>
        <p>Suppose you read the following piece of information:</p>
        <p class=""trial-statement"">&ldquo;While Maria was typing her report, the phone rang.&rdquo;</p>
        <p class=""trial-question"">Which of the following is most likely?</p>
    ",1,html-button-response,2,99577,0.0-2.0,,,practice,Maria began her report first,correct,,,,,,ub0d57z2jb
3,16381,"
                    <p>Suppose you read the following piece of information:</p>
                    <p class=""trial-statement"">&ldquo;Agoriv is associated with a lower risk of Ceflar&rdquo;</p>
                    <p class=""trial-question"">Which of the following is most likely?</p>
                ",2,html-button-response,3,115961,0.0-3.0,,,causal_judgment,Agoriv causes a decrease in Ceflar,xy,risk_lower,A,risk_lower_A,Agoriv is associated with a lower risk of Ceflar,"neither,yx,xy",ub0d57z2jb
4,21340,"
                    <p>Suppose you read the following piece of information:</p>
                    <p class=""trial-statement"">&ldquo;Pneuben is associated with higher probability of Efogen&rdquo;</p>
                    <p class=""trial-question"">Which of the following is most likely?</p>
                ",2,html-button-response,4,137303,0.0-4.0,,,causal_judgment,Pneuben causes an increase in Efogen,xy,prob_increase,A,prob_increase_A,Pneuben is associated with higher probability of Efogen,"neither,yx,xy",ub0d57z2jb
5,20196,"
                    <p>Suppose you read the following piece of information:</p>
                    <p class=""trial-statement"">&ldquo;Flembers is associated with Denoden&rdquo;</p>
                    <p class=""trial-question"">Which of the following is most likely?</p>
                ",2,html-button-response,5,157500,0.0-5.0,,,causal_judgment,Flembers causes Denoden,xy,assoc,B,assoc_B,Flembers is associated with Denoden,"neither,yx,xy",ub0d57z2jb
6,8745,"
                    <p>Suppose you read the following piece of information:</p>
                    <p class=""trial-statement"">&ldquo;Rebosen is associated with a higher risk of Themaglin&rdquo;</p>
                    <p class=""trial-question"">Which of the following is most likely?</p>
                ",2,html-button-response,6,166248,0.0-6.0,,,causal_judgment,Rebosen causes an increase in Themaglin,xy,risk_increase,B,risk_increase_B,Rebosen is associated with a higher risk of Themaglin,"neither,yx,xy",ub0d57z2jb
7,10272,"
                    <p>Suppose you read the following piece of information:</p>
                    <p class=""trial-statement"">&ldquo;Laurem is associated with lower probability of Turilin&rdquo;</p>
                    <p class=""trial-question"">Which of the following is most likely?</p>
                ",2,html-button-response,7,176522,0.0-7.0,,,causal_judgment,Laurem causes a decrease in Turilin,xy,prob_lower,B,prob_lower_B,Laurem is associated with lower probability of Turilin,"neither,yx,xy",ub0d57z2jb
8,29322,,"{""explain"":""Choose the best explanation for the sentence presented""}",survey-text,8,205850,0.0-8.0,,,screening,,,,,,,,ub0d57z2jb
9,1769,,"{""comments"":""""}",survey-text,9,207622,0.0-9.0,,,comments,,,,,,,,ub0d57z2jb
10,7148,,"{""age"":""42"",""gender"":"""",""native_language"":"""",""education"":""""}",survey-text,10,214774,0.0-10.0,,,demographics,,,,,,,,ub0d57z2jb
0,10720,"<div class=""consent-text""> <h2>Consent Agreement</h2> <p> Please read this consent agreement carefully before deciding whether to participate in this experiment. </p> <p> <strong>Description:</strong> You are invited to participate in a research study about language and language learning. The purpose of the research is to understand how people learn new words. This research will be conducted through the Prolific platform, including participants from the US, UK, and Canada. If you decide to participate in this research, you will learn and use new words. </p> <p> <strong>Time Involvement:</strong> The task will last the amount of time advertised on Prolific. You are free to withdraw from the study at any time. </p> <p> <strong>Risks and Benefits:</strong> Study data will be stored securely, in compliance with Stanford University standards, minimizing the risk of confiden-tiality breach. This study advances our scientific understanding of how people learn new languages. We cannot and do not guarantee or promise that you will receive any benefits from this study. </p> <p> <strong>Compensation:</strong> You will receive payment in the amount advertised on Prolific. If you do not complete this study, you will receive prorated payment based on the time that you have spent. Additionally, you may be eligible for bonus payments as described in the instructions. </p> <p> <strong>Participant's Rights:</strong> If you have read this form and have decided to participate in this project, please understand your participation is voluntary and you have the right to withdraw your consent or discontinue participation at any time without penalty or loss of benefits to which you are otherwise entitled. The alternative is not to participate. You have the right to refuse to answer particular questions. The results of this research study may be presented at scientific or professional meetings or published in scientific journals. Your individual privacy will be maintained in all published and writ-ten data resulting from the study. In accordance with scientific norms, the data from this study may be used or shared with other researchers for future research (after removing personally identifying information) without additional consent from you. </p> <p> <strong>Contact Information:</strong> If you have any questions, concerns or complaints about this research, its procedures, risks and benefits, contact the Protocol Director, Robert Hawkins (<a href=""mailto:rdhawkins@stanford.edu"">rdhawkins@stanford.edu</a>, 217-549-6923). </p> <p> <strong>Independant Contact:</strong> If you are not satisfied with how this study is being conducted, or if you have any concerns, com-plaints, or general questions about the research or your rights as a participant, please contact the Stanford Institutional Review Board (IRB) to speak to someone independent of the research team at 650-723-2480 or toll free at 1-866-680-2906, or email at irbnonmed@stanford.edu. You can also write to the Stanford IRB, Stanford University, 1705 El Camino Real, Palo Alto, CA 94306. Please save or print a copy of this page for your records. </p> <p> <strong>If you agree to participate in this research, please click ""I agree""</strong> </p></br> </div>",0,html-button-response,0,10722,0.0-0.0,agree,2026-05-29T00:52:24.057Z,,,,,,,,,25fvzz38nq
1,12087,"
                <h2>Welcome!</h2>
                <p>You will be asked a few simple questions about the possible relationship
                between different things. The questions are unrelated to one another.</p>
                <p>For each question, you will read a statement and choose the most likely
                interpretation from the options presented.</p>
                <p>Please respond thoughtfully.</p>
            ",0,html-button-response,1,22810,0.0-1.0,,,,,,,,,,,25fvzz38nq
2,12095,"
        <p>Before we begin, here is a practice question to familiarize you with the format.</p>
        <p>Suppose you read the following piece of information:</p>
        <p class=""trial-statement"">&ldquo;While Maria was typing her report, the phone rang.&rdquo;</p>
        <p class=""trial-question"">Which of the following is most likely?</p>
    ",0,html-button-response,2,34907,0.0-2.0,,,practice,Maria began her report first,correct,,,,,,25fvzz38nq
3,28438,"
                    <p>Suppose you read the following piece of information:</p>
                    <p class=""trial-statement"">&ldquo;Pneuben is associated with higher probability of Efogen&rdquo;</p>
                    <p class=""trial-question"">Which of the following is most likely?</p>
                ",1,html-button-response,3,63345,0.0-3.0,,,causal_judgment,Pneuben causes an increase in Efogen,xy,prob_increase,A,prob_increase_A,Pneuben is associated with higher probability of Efogen,"neither,xy,yx",25fvzz38nq
4,21905,"
                    <p>Suppose you read the following piece of information:</p>
                    <p class=""trial-statement"">&ldquo;Flembers is associated with Denoden&rdquo;</p>
                    <p class=""trial-question"">Which of the following is most likely?</p>
                ",1,html-button-response,4,85250,0.0-4.0,,,causal_judgment,Flembers causes Denoden,xy,assoc,B,assoc_B,Flembers is associated with Denoden,"neither,xy,yx",25fvzz38nq
5,6446,"
                    <p>Suppose you read the following piece of information:</p>
                    <p class=""trial-statement"">&ldquo;Themaglin is associated with a higher risk of Rebosen&rdquo;</p>
                    <p class=""trial-question"">Which of the following is most likely?</p>
                ",1,html-button-response,5,91698,0.0-5.0,,,causal_judgment,Themaglin causes an increase in Rebosen,xy,risk_increase,A,risk_increase_A,Themaglin is associated with a higher risk of Rebosen,"neither,xy,yx",25fvzz38nq
6,8375,"
                    <p>Suppose you read the following piece of information:</p>
                    <p class=""trial-statement"">&ldquo;Turilin is associated with lower probability of Laurem&rdquo;</p>
                    <p class=""trial-question"">Which of the following is most likely?</p>
                ",1,html-button-response,6,100074,0.0-6.0,,,causal_judgment,Turilin causes a decrease in Laurem,xy,prob_lower,A,prob_lower_A,Turilin is associated with lower probability of Laurem,"neither,xy,yx",25fvzz38nq
7,9160,"
                    <p>Suppose you read the following piece of information:</p>
                    <p class=""trial-statement"">&ldquo;Ceflar is associated with a lower risk of Agoriv&rdquo;</p>
                    <p class=""trial-question"">Which of the following is most likely?</p>
                ",1,html-button-response,7,109234,0.0-7.0,,,causal_judgment,Ceflar causes a decrease in Agoriv,xy,risk_lower,B,risk_lower_B,Ceflar is associated with a lower risk of Agoriv,"neither,xy,yx",25fvzz38nq
8,63942,,"{""explain"":""Answer questions about individual sentences and the relationship between the things in the sentences.""}",survey-text,8,173179,0.0-8.0,,,screening,,,,,,,,25fvzz38nq
9,1997,,"{""comments"":""""}",survey-text,9,175178,0.0-9.0,,,comments,,,,,,,,25fvzz38nq
10,36678,,"{""age"":""46"",""gender"":""Female"",""native_language"":""English"",""education"":""Two Year/Trade""}",survey-text,10,211858,0.0-10.0,,,demographics,,,,,,,,25fvzz38nq
0,11034,"<div class=""consent-text""> <h2>Consent Agreement</h2> <p> Please read this consent agreement carefully before deciding whether to participate in this experiment. </p> <p> <strong>Description:</strong> You are invited to participate in a research study about language and language learning. The purpose of the research is to understand how people learn new words. This research will be conducted through the Prolific platform, including participants from the US, UK, and Canada. If you decide to participate in this research, you will learn and use new words. </p> <p> <strong>Time Involvement:</strong> The task will last the amount of time advertised on Prolific. You are free to withdraw from the study at any time. </p> <p> <strong>Risks and Benefits:</strong> Study data will be stored securely, in compliance with Stanford University standards, minimizing the risk of confiden-tiality breach. This study advances our scientific understanding of how people learn new languages. We cannot and do not guarantee or promise that you will receive any benefits from this study. </p> <p> <strong>Compensation:</strong> You will receive payment in the amount advertised on Prolific. If you do not complete this study, you will receive prorated payment based on the time that you have spent. Additionally, you may be eligible for bonus payments as described in the instructions. </p> <p> <strong>Participant's Rights:</strong> If you have read this form and have decided to participate in this project, please understand your participation is voluntary and you have the right to withdraw your consent or discontinue participation at any time without penalty or loss of benefits to which you are otherwise entitled. The alternative is not to participate. You have the right to refuse to answer particular questions. The results of this research study may be presented at scientific or professional meetings or published in scientific journals. Your individual privacy will be maintained in all published and writ-ten data resulting from the study. In accordance with scientific norms, the data from this study may be used or shared with other researchers for future research (after removing personally identifying information) without additional consent from you. </p> <p> <strong>Contact Information:</strong> If you have any questions, concerns or complaints about this research, its procedures, risks and benefits, contact the Protocol Director, Robert Hawkins (<a href=""mailto:rdhawkins@stanford.edu"">rdhawkins@stanford.edu</a>, 217-549-6923). </p> <p> <strong>Independant Contact:</strong> If you are not satisfied with how this study is being conducted, or if you have any concerns, com-plaints, or general questions about the research or your rights as a participant, please contact the Stanford Institutional Review Board (IRB) to speak to someone independent of the research team at 650-723-2480 or toll free at 1-866-680-2906, or email at irbnonmed@stanford.edu. You can also write to the Stanford IRB, Stanford University, 1705 El Camino Real, Palo Alto, CA 94306. Please save or print a copy of this page for your records. </p> <p> <strong>If you agree to participate in this research, please click ""I agree""</strong> </p></br> </div>",0,html-button-response,0,11037,0.0-0.0,agree,2026-05-29T00:45:34.072Z,,,,,,,,,tu06d1eup3
1,4223,"
                <h2>Welcome!</h2>
                <p>You will be asked a few simple questions about the possible relationship
                between different things. The questions are unrelated to one another.</p>
                <p>For each question, you will read a statement and choose the most likely
                interpretation from the options presented.</p>
                <p>Please respond thoughtfully.</p>
            ",0,html-button-response,1,15264,0.0-1.0,,,,,,,,,,,tu06d1eup3
2,11532,"
        <p>Before we begin, here is a practice question to familiarize you with the format.</p>
        <p>Suppose you read the following piece of information:</p>
        <p class=""trial-statement"">&ldquo;While Maria was typing her report, the phone rang.&rdquo;</p>
        <p class=""trial-question"">Which of the following is most likely?</p>
    ",1,html-button-response,2,26798,0.0-2.0,,,practice,Maria began her report first,correct,,,,,,tu06d1eup3
3,46404,"
                    <p>Suppose you read the following piece of information:</p>
                    <p class=""trial-statement"">&ldquo;Rebosen is associated with a higher risk of Themaglin&rdquo;</p>
                    <p class=""trial-question"">Which of the following is most likely?</p>
                ",1,html-button-response,3,73203,0.0-3.0,,,causal_judgment,Rebosen causes an increase in Themaglin,xy,risk_increase,B,risk_increase_B,Rebosen is associated with a higher risk of Themaglin,"yx,xy,neither",tu06d1eup3
4,35659,"
                    <p>Suppose you read the following piece of information:</p>
                    <p class=""trial-statement"">&ldquo;Denoden is associated with Flembers&rdquo;</p>
                    <p class=""trial-question"">Which of the following is most likely?</p>
                ",2,html-button-response,4,108864,0.0-4.0,,,causal_judgment,"A third factor is causally related to Denoden and Flembers, they are not directly related",neither,assoc,A,assoc_A,Denoden is associated with Flembers,"yx,xy,neither",tu06d1eup3
5,17177,"
                    <p>Suppose you read the following piece of information:</p>
                    <p class=""trial-statement"">&ldquo;Turilin is associated with lower probability of Laurem&rdquo;</p>
                    <p class=""trial-question"">Which of the following is most likely?</p>
                ",2,html-button-response,5,126043,0.0-5.0,,,causal_judgment,"A third factor is causally related to Turilin and Laurem, they are not directly related",neither,prob_lower,A,prob_lower_A,Turilin is associated with lower probability of Laurem,"yx,xy,neither",tu06d1eup3
6,14502,"
                    <p>Suppose you read the following piece of information:</p>
                    <p class=""trial-statement"">&ldquo;Ceflar is associated with a lower risk of Agoriv&rdquo;</p>
                    <p class=""trial-question"">Which of the following is most likely?</p>
                ",2,html-button-response,6,140546,0.0-6.0,,,causal_judgment,"A third factor is causally related to Ceflar and Agoriv, they are not directly related",neither,risk_lower,B,risk_lower_B,Ceflar is associated with a lower risk of Agoriv,"yx,xy,neither",tu06d1eup3
7,7629,"
                    <p>Suppose you read the following piece of information:</p>
                    <p class=""trial-statement"">&ldquo;Pneuben is associated with higher probability of Efogen&rdquo;</p>
                    <p class=""trial-question"">Which of the following is most likely?</p>
                ",2,html-button-response,7,148177,0.0-7.0,,,causal_judgment,"A third factor is causally related to Pneuben and Efogen, they are not directly related",neither,prob_increase,A,prob_increase_A,Pneuben is associated with higher probability of Efogen,"yx,xy,neither",tu06d1eup3
8,33829,,"{""explain"":""Interpret each statement precisely, drawing no assumptive conclusions. ""}",survey-text,8,182014,0.0-8.0,,,screening,,,,,,,,tu06d1eup3
9,7953,,"{""comments"":""""}",survey-text,9,189970,0.0-9.0,,,comments,,,,,,,,tu06d1eup3
10,40647,,"{""age"":""67"",""gender"":""Female"",""native_language"":""English"",""education"":""Bachelor's degree and post-graduate studies ""}",survey-text,10,230622,0.0-10.0,,,demographics,,,,,,,,tu06d1eup3
0,6969,"<div class=""consent-text""> <h2>Consent Agreement</h2> <p> Please read this consent agreement carefully before deciding whether to participate in this experiment. </p> <p> <strong>Description:</strong> You are invited to participate in a research study about language and language learning. The purpose of the research is to understand how people learn new words. This research will be conducted through the Prolific platform, including participants from the US, UK, and Canada. If you decide to participate in this research, you will learn and use new words. </p> <p> <strong>Time Involvement:</strong> The task will last the amount of time advertised on Prolific. You are free to withdraw from the study at any time. </p> <p> <strong>Risks and Benefits:</strong> Study data will be stored securely, in compliance with Stanford University standards, minimizing the risk of confiden-tiality breach. This study advances our scientific understanding of how people learn new languages. We cannot and do not guarantee or promise that you will receive any benefits from this study. </p> <p> <strong>Compensation:</strong> You will receive payment in the amount advertised on Prolific. If you do not complete this study, you will receive prorated payment based on the time that you have spent. Additionally, you may be eligible for bonus payments as described in the instructions. </p> <p> <strong>Participant's Rights:</strong> If you have read this form and have decided to participate in this project, please understand your participation is voluntary and you have the right to withdraw your consent or discontinue participation at any time without penalty or loss of benefits to which you are otherwise entitled. The alternative is not to participate. You have the right to refuse to answer particular questions. The results of this research study may be presented at scientific or professional meetings or published in scientific journals. Your individual privacy will be maintained in all published and writ-ten data resulting from the study. In accordance with scientific norms, the data from this study may be used or shared with other researchers for future research (after removing personally identifying information) without additional consent from you. </p> <p> <strong>Contact Information:</strong> If you have any questions, concerns or complaints about this research, its procedures, risks and benefits, contact the Protocol Director, Robert Hawkins (<a href=""mailto:rdhawkins@stanford.edu"">rdhawkins@stanford.edu</a>, 217-549-6923). </p> <p> <strong>Independant Contact:</strong> If you are not satisfied with how this study is being conducted, or if you have any concerns, com-plaints, or general questions about the research or your rights as a participant, please contact the Stanford Institutional Review Board (IRB) to speak to someone independent of the research team at 650-723-2480 or toll free at 1-866-680-2906, or email at irbnonmed@stanford.edu. You can also write to the Stanford IRB, Stanford University, 1705 El Camino Real, Palo Alto, CA 94306. Please save or print a copy of this page for your records. </p> <p> <strong>If you agree to participate in this research, please click ""I agree""</strong> </p></br> </div>",0,html-button-response,0,6971,0.0-0.0,agree,2026-05-29T01:09:15.752Z,,,,,,,,,cdvg1x99jz
1,6262,"
                <h2>Welcome!</h2>
                <p>You will be asked a few simple questions about the possible relationship
                between different things. The questions are unrelated to one another.</p>
                <p>For each question, you will read a statement and choose the most likely
                interpretation from the options presented.</p>
                <p>Please respond thoughtfully.</p>
            ",0,html-button-response,1,13234,0.0-1.0,,,,,,,,,,,cdvg1x99jz
2,9951,"
        <p>Before we begin, here is a practice question to familiarize you with the format.</p>
        <p>Suppose you read the following piece of information:</p>
        <p class=""trial-statement"">&ldquo;While Maria was typing her report, the phone rang.&rdquo;</p>
        <p class=""trial-question"">Which of the following is most likely?</p>
    ",0,html-button-response,2,23186,0.0-2.0,,,practice,Maria began her report first,correct,,,,,,cdvg1x99jz
3,221192,"
                    <p>Suppose you read the following piece of information:</p>
                    <p class=""trial-statement"">&ldquo;Flembers is associated with Denoden&rdquo;</p>
                    <p class=""trial-question"">Which of the following is most likely?</p>
                ",2,html-button-response,3,244379,0.0-3.0,,,causal_judgment,"A third factor is causally related to Flembers and Denoden, they are not directly related",neither,assoc,B,assoc_B,Flembers is associated with Denoden,"yx,xy,neither",cdvg1x99jz
4,9134,"
                    <p>Suppose you read the following piece of information:</p>
                    <p class=""trial-statement"">&ldquo;Efogen is associated with higher probability of Pneuben&rdquo;</p>
                    <p class=""trial-question"">Which of the following is most likely?</p>
                ",1,html-button-response,4,253514,0.0-4.0,,,causal_judgment,Efogen causes an increase in Pneuben,xy,prob_increase,B,prob_increase_B,Efogen is associated with higher probability of Pneuben,"yx,xy,neither",cdvg1x99jz
5,10679,"
                    <p>Suppose you read the following piece of information:</p>
                    <p class=""trial-statement"">&ldquo;Themaglin is associated with a higher risk of Rebosen&rdquo;</p>
                    <p class=""trial-question"">Which of the following is most likely?</p>
                ",1,html-button-response,5,264194,0.0-5.0,,,causal_judgment,Themaglin causes an increase in Rebosen,xy,risk_increase,A,risk_increase_A,Themaglin is associated with a higher risk of Rebosen,"yx,xy,neither",cdvg1x99jz
6,6528,"
                    <p>Suppose you read the following piece of information:</p>
                    <p class=""trial-statement"">&ldquo;Turilin is associated with lower probability of Laurem&rdquo;</p>
                    <p class=""trial-question"">Which of the following is most likely?</p>
                ",1,html-button-response,6,270722,0.0-6.0,,,causal_judgment,Turilin causes a decrease in Laurem,xy,prob_lower,A,prob_lower_A,Turilin is associated with lower probability of Laurem,"yx,xy,neither",cdvg1x99jz
7,4519,"
                    <p>Suppose you read the following piece of information:</p>
                    <p class=""trial-statement"">&ldquo;Ceflar is associated with a lower risk of Agoriv&rdquo;</p>
                    <p class=""trial-question"">Which of the following is most likely?</p>
                ",1,html-button-response,7,275242,0.0-7.0,,,causal_judgment,Ceflar causes a decrease in Agoriv,xy,risk_lower,B,risk_lower_B,Ceflar is associated with a lower risk of Agoriv,"yx,xy,neither",cdvg1x99jz
8,28661,,"{""explain"":""Choose the most likely sentence to be similar/related to the presented sentence""}",survey-text,8,303906,0.0-8.0,,,screening,,,,,,,,cdvg1x99jz
9,3381,,"{""comments"":""""}",survey-text,9,307290,0.0-9.0,,,comments,,,,,,,,cdvg1x99jz
10,22230,,"{""age"":""30"",""gender"":""Woman"",""native_language"":""English"",""education"":""Some university ""}",survey-text,10,329522,0.0-10.0,,,demographics,,,,,,,,cdvg1x99jz
0,37336,"<div class=""consent-text""> <h2>Consent Agreement</h2> <p> Please read this consent agreement carefully before deciding whether to participate in this experiment. </p> <p> <strong>Description:</strong> You are invited to participate in a research study about language and language learning. The purpose of the research is to understand how people learn new words. This research will be conducted through the Prolific platform, including participants from the US, UK, and Canada. If you decide to participate in this research, you will learn and use new words. </p> <p> <strong>Time Involvement:</strong> The task will last the amount of time advertised on Prolific. You are free to withdraw from the study at any time. </p> <p> <strong>Risks and Benefits:</strong> Study data will be stored securely, in compliance with Stanford University standards, minimizing the risk of confiden-tiality breach. This study advances our scientific understanding of how people learn new languages. We cannot and do not guarantee or promise that you will receive any benefits from this study. </p> <p> <strong>Compensation:</strong> You will receive payment in the amount advertised on Prolific. If you do not complete this study, you will receive prorated payment based on the time that you have spent. Additionally, you may be eligible for bonus payments as described in the instructions. </p> <p> <strong>Participant's Rights:</strong> If you have read this form and have decided to participate in this project, please understand your participation is voluntary and you have the right to withdraw your consent or discontinue participation at any time without penalty or loss of benefits to which you are otherwise entitled. The alternative is not to participate. You have the right to refuse to answer particular questions. The results of this research study may be presented at scientific or professional meetings or published in scientific journals. Your individual privacy will be maintained in all published and writ-ten data resulting from the study. In accordance with scientific norms, the data from this study may be used or shared with other researchers for future research (after removing personally identifying information) without additional consent from you. </p> <p> <strong>Contact Information:</strong> If you have any questions, concerns or complaints about this research, its procedures, risks and benefits, contact the Protocol Director, Robert Hawkins (<a href=""mailto:rdhawkins@stanford.edu"">rdhawkins@stanford.edu</a>, 217-549-6923). </p> <p> <strong>Independant Contact:</strong> If you are not satisfied with how this study is being conducted, or if you have any concerns, com-plaints, or general questions about the research or your rights as a participant, please contact the Stanford Institutional Review Board (IRB) to speak to someone independent of the research team at 650-723-2480 or toll free at 1-866-680-2906, or email at irbnonmed@stanford.edu. You can also write to the Stanford IRB, Stanford University, 1705 El Camino Real, Palo Alto, CA 94306. Please save or print a copy of this page for your records. </p> <p> <strong>If you agree to participate in this research, please click ""I agree""</strong> </p></br> </div>",0,html-button-response,0,37339,0.0-0.0,agree,2026-05-29T00:47:06.657Z,,,,,,,,,m6osknnwro
1,15620,"
                <h2>Welcome!</h2>
                <p>You will be asked a few simple questions about the possible relationship
                between different things. The questions are unrelated to one another.</p>
                <p>For each question, you will read a statement and choose the most likely
                interpretation from the options presented.</p>
                <p>Please respond thoughtfully.</p>
            ",0,html-button-response,1,52961,0.0-1.0,,,,,,,,,,,m6osknnwro
2,23195,"
        <p>Before we begin, here is a practice question to familiarize you with the format.</p>
        <p>Suppose you read the following piece of information:</p>
        <p class=""trial-statement"">&ldquo;While Maria was typing her report, the phone rang.&rdquo;</p>
        <p class=""trial-question"">Which of the following is most likely?</p>
    ",1,html-button-response,2,76157,0.0-2.0,,,practice,Maria began her report first,correct,,,,,,m6osknnwro
3,14461,"
                    <p>Suppose you read the following piece of information:</p>
                    <p class=""trial-statement"">&ldquo;Themaglin is associated with a higher risk of Rebosen&rdquo;</p>
                    <p class=""trial-question"">Which of the following is most likely?</p>
                ",0,html-button-response,3,90621,0.0-3.0,,,causal_judgment,Themaglin causes an increase in Rebosen,xy,risk_increase,A,risk_increase_A,Themaglin is associated with a higher risk of Rebosen,"xy,yx,neither",m6osknnwro
4,31347,"
                    <p>Suppose you read the following piece of information:</p>
                    <p class=""trial-statement"">&ldquo;Ceflar is associated with a lower risk of Agoriv&rdquo;</p>
                    <p class=""trial-question"">Which of the following is most likely?</p>
                ",0,html-button-response,4,121969,0.0-4.0,,,causal_judgment,Ceflar causes a decrease in Agoriv,xy,risk_lower,B,risk_lower_B,Ceflar is associated with a lower risk of Agoriv,"xy,yx,neither",m6osknnwro
5,23207,"
                    <p>Suppose you read the following piece of information:</p>
                    <p class=""trial-statement"">&ldquo;Laurem is associated with lower probability of Turilin&rdquo;</p>
                    <p class=""trial-question"">Which of the following is most likely?</p>
                ",0,html-button-response,5,145177,0.0-5.0,,,causal_judgment,Laurem causes a decrease in Turilin,xy,prob_lower,B,prob_lower_B,Laurem is associated with lower probability of Turilin,"xy,yx,neither",m6osknnwro
6,126810,"
                    <p>Suppose you read the following piece of information:</p>
                    <p class=""trial-statement"">&ldquo;Pneuben is associated with higher probability of Efogen&rdquo;</p>
                    <p class=""trial-question"">Which of the following is most likely?</p>
                ",0,html-button-response,6,271989,0.0-6.0,,,causal_judgment,Pneuben causes an increase in Efogen,xy,prob_increase,A,prob_increase_A,Pneuben is associated with higher probability of Efogen,"xy,yx,neither",m6osknnwro
7,2880,"
                    <p>Suppose you read the following piece of information:</p>
                    <p class=""trial-statement"">&ldquo;Denoden is associated with Flembers&rdquo;</p>
                    <p class=""trial-question"">Which of the following is most likely?</p>
                ",2,html-button-response,7,274871,0.0-7.0,,,causal_judgment,"A third factor is causally related to Denoden and Flembers, they are not directly related",neither,assoc,A,assoc_A,Denoden is associated with Flembers,"xy,yx,neither",m6osknnwro
8,21854,,"{""explain"":""Describe the relationship between two variables (i.e. the impact they have on each other).""}",survey-text,8,296733,0.0-8.0,,,screening,,,,,,,,m6osknnwro
9,8968,,"{""comments"":""No.""}",survey-text,9,305704,0.0-9.0,,,comments,,,,,,,,m6osknnwro
10,49933,,"{""age"":""19"",""gender"":""Female"",""native_language"":""English"",""education"":""I am currently getting my undergraduate degree (BSc).""}",survey-text,10,355643,0.0-10.0,,,demographics,,,,,,,,m6osknnwro
0,3521,"<div class=""consent-text""> <h2>Consent Agreement</h2> <p> Please read this consent agreement carefully before deciding whether to participate in this experiment. </p> <p> <strong>Description:</strong> You are invited to participate in a research study about language and language learning. The purpose of the research is to understand how people learn new words. This research will be conducted through the Prolific platform, including participants from the US, UK, and Canada. If you decide to participate in this research, you will learn and use new words. </p> <p> <strong>Time Involvement:</strong> The task will last the amount of time advertised on Prolific. You are free to withdraw from the study at any time. </p> <p> <strong>Risks and Benefits:</strong> Study data will be stored securely, in compliance with Stanford University standards, minimizing the risk of confiden-tiality breach. This study advances our scientific understanding of how people learn new languages. We cannot and do not guarantee or promise that you will receive any benefits from this study. </p> <p> <strong>Compensation:</strong> You will receive payment in the amount advertised on Prolific. If you do not complete this study, you will receive prorated payment based on the time that you have spent. Additionally, you may be eligible for bonus payments as described in the instructions. </p> <p> <strong>Participant's Rights:</strong> If you have read this form and have decided to participate in this project, please understand your participation is voluntary and you have the right to withdraw your consent or discontinue participation at any time without penalty or loss of benefits to which you are otherwise entitled. The alternative is not to participate. You have the right to refuse to answer particular questions. The results of this research study may be presented at scientific or professional meetings or published in scientific journals. Your individual privacy will be maintained in all published and writ-ten data resulting from the study. In accordance with scientific norms, the data from this study may be used or shared with other researchers for future research (after removing personally identifying information) without additional consent from you. </p> <p> <strong>Contact Information:</strong> If you have any questions, concerns or complaints about this research, its procedures, risks and benefits, contact the Protocol Director, Robert Hawkins (<a href=""mailto:rdhawkins@stanford.edu"">rdhawkins@stanford.edu</a>, 217-549-6923). </p> <p> <strong>Independant Contact:</strong> If you are not satisfied with how this study is being conducted, or if you have any concerns, com-plaints, or general questions about the research or your rights as a participant, please contact the Stanford Institutional Review Board (IRB) to speak to someone independent of the research team at 650-723-2480 or toll free at 1-866-680-2906, or email at irbnonmed@stanford.edu. You can also write to the Stanford IRB, Stanford University, 1705 El Camino Real, Palo Alto, CA 94306. Please save or print a copy of this page for your records. </p> <p> <strong>If you agree to participate in this research, please click ""I agree""</strong> </p></br> </div>",0,html-button-response,0,3523,0.0-0.0,agree,2026-05-29T00:46:51.673Z,,,,,,,,,wxy75vhhzs
1,8580,"
                <h2>Welcome!</h2>
                <p>You will be asked a few simple questions about the possible relationship
                between different things. The questions are unrelated to one another.</p>
                <p>For each question, you will read a statement and choose the most likely
                interpretation from the options presented.</p>
                <p>Please respond thoughtfully.</p>
            ",0,html-button-response,1,12106,0.0-1.0,,,,,,,,,,,wxy75vhhzs
2,11556,"
        <p>Before we begin, here is a practice question to familiarize you with the format.</p>
        <p>Suppose you read the following piece of information:</p>
        <p class=""trial-statement"">&ldquo;While Maria was typing her report, the phone rang.&rdquo;</p>
        <p class=""trial-question"">Which of the following is most likely?</p>
    ",1,html-button-response,2,23664,0.0-2.0,,,practice,Maria began her report first,correct,,,,,,wxy75vhhzs
3,32707,"
                    <p>Suppose you read the following piece of information:</p>
                    <p class=""trial-statement"">&ldquo;Denoden is associated with Flembers&rdquo;</p>
                    <p class=""trial-question"">Which of the following is most likely?</p>
                ",0,html-button-response,3,56372,0.0-3.0,,,causal_judgment,Flembers causes Denoden,yx,assoc,A,assoc_A,Denoden is associated with Flembers,"yx,neither,xy",wxy75vhhzs
4,15315,"
                    <p>Suppose you read the following piece of information:</p>
                    <p class=""trial-statement"">&ldquo;Ceflar is associated with a lower risk of Agoriv&rdquo;</p>
                    <p class=""trial-question"">Which of the following is most likely?</p>
                ",2,html-button-response,4,71689,0.0-4.0,,,causal_judgment,Ceflar causes a decrease in Agoriv,xy,risk_lower,B,risk_lower_B,Ceflar is associated with a lower risk of Agoriv,"yx,neither,xy",wxy75vhhzs
5,14483,"
                    <p>Suppose you read the following piece of information:</p>
                    <p class=""trial-statement"">&ldquo;Efogen is associated with higher probability of Pneuben&rdquo;</p>
                    <p class=""trial-question"">Which of the following is most likely?</p>
                ",2,html-button-response,5,86173,0.0-5.0,,,causal_judgment,Efogen causes an increase in Pneuben,xy,prob_increase,B,prob_increase_B,Efogen is associated with higher probability of Pneuben,"yx,neither,xy",wxy75vhhzs
6,12183,"
                    <p>Suppose you read the following piece of information:</p>
                    <p class=""trial-statement"">&ldquo;Themaglin is associated with a higher risk of Rebosen&rdquo;</p>
                    <p class=""trial-question"">Which of the following is most likely?</p>
                ",2,html-button-response,6,98357,0.0-6.0,,,causal_judgment,Themaglin causes an increase in Rebosen,xy,risk_increase,A,risk_increase_A,Themaglin is associated with a higher risk of Rebosen,"yx,neither,xy",wxy75vhhzs
7,11550,"
                    <p>Suppose you read the following piece of information:</p>
                    <p class=""trial-statement"">&ldquo;Laurem is associated with lower probability of Turilin&rdquo;</p>
                    <p class=""trial-question"">Which of the following is most likely?</p>
                ",2,html-button-response,7,109909,0.0-7.0,,,causal_judgment,Laurem causes a decrease in Turilin,xy,prob_lower,B,prob_lower_B,Laurem is associated with lower probability of Turilin,"yx,neither,xy",wxy75vhhzs
8,41893,,"{""explain"":""read a sentence and define the outcome from the choices. ""}",survey-text,8,151809,0.0-8.0,,,screening,,,,,,,,wxy75vhhzs
9,4913,,"{""comments"":""None""}",survey-text,9,156724,0.0-9.0,,,comments,,,,,,,,wxy75vhhzs
10,21446,,"{""age"":""60"",""gender"":""Male"",""native_language"":""English"",""education"":""Masters Degree""}",survey-text,10,178173,0.0-10.0,,,demographics,,,,,,,,wxy75vhhzs
0,3430,"<div class=""consent-text""> <h2>Consent Agreement</h2> <p> Please read this consent agreement carefully before deciding whether to participate in this experiment. </p> <p> <strong>Description:</strong> You are invited to participate in a research study about language and language learning. The purpose of the research is to understand how people learn new words. This research will be conducted through the Prolific platform, including participants from the US, UK, and Canada. If you decide to participate in this research, you will learn and use new words. </p> <p> <strong>Time Involvement:</strong> The task will last the amount of time advertised on Prolific. You are free to withdraw from the study at any time. </p> <p> <strong>Risks and Benefits:</strong> Study data will be stored securely, in compliance with Stanford University standards, minimizing the risk of confiden-tiality breach. This study advances our scientific understanding of how people learn new languages. We cannot and do not guarantee or promise that you will receive any benefits from this study. </p> <p> <strong>Compensation:</strong> You will receive payment in the amount advertised on Prolific. If you do not complete this study, you will receive prorated payment based on the time that you have spent. Additionally, you may be eligible for bonus payments as described in the instructions. </p> <p> <strong>Participant's Rights:</strong> If you have read this form and have decided to participate in this project, please understand your participation is voluntary and you have the right to withdraw your consent or discontinue participation at any time without penalty or loss of benefits to which you are otherwise entitled. The alternative is not to participate. You have the right to refuse to answer particular questions. The results of this research study may be presented at scientific or professional meetings or published in scientific journals. Your individual privacy will be maintained in all published and writ-ten data resulting from the study. In accordance with scientific norms, the data from this study may be used or shared with other researchers for future research (after removing personally identifying information) without additional consent from you. </p> <p> <strong>Contact Information:</strong> If you have any questions, concerns or complaints about this research, its procedures, risks and benefits, contact the Protocol Director, Robert Hawkins (<a href=""mailto:rdhawkins@stanford.edu"">rdhawkins@stanford.edu</a>, 217-549-6923). </p> <p> <strong>Independant Contact:</strong> If you are not satisfied with how this study is being conducted, or if you have any concerns, com-plaints, or general questions about the research or your rights as a participant, please contact the Stanford Institutional Review Board (IRB) to speak to someone independent of the research team at 650-723-2480 or toll free at 1-866-680-2906, or email at irbnonmed@stanford.edu. You can also write to the Stanford IRB, Stanford University, 1705 El Camino Real, Palo Alto, CA 94306. Please save or print a copy of this page for your records. </p> <p> <strong>If you agree to participate in this research, please click ""I agree""</strong> </p></br> </div>",0,html-button-response,0,3438,0.0-0.0,agree,2026-05-29T00:45:22.234Z,,,,,,,,,n546bl2jej
1,8780,"
                <h2>Welcome!</h2>
                <p>You will be asked a few simple questions about the possible relationship
                between different things. The questions are unrelated to one another.</p>
                <p>For each question, you will read a statement and choose the most likely
                interpretation from the options presented.</p>
                <p>Please respond thoughtfully.</p>
            ",0,html-button-response,1,12243,0.0-1.0,,,,,,,,,,,n546bl2jej
2,15039,"
        <p>Before we begin, here is a practice question to familiarize you with the format.</p>
        <p>Suppose you read the following piece of information:</p>
        <p class=""trial-statement"">&ldquo;While Maria was typing her report, the phone rang.&rdquo;</p>
        <p class=""trial-question"">Which of the following is most likely?</p>
    ",0,html-button-response,2,27283,0.0-2.0,,,practice,Maria began her report first,correct,,,,,,n546bl2jej
3,28881,"
                    <p>Suppose you read the following piece of information:</p>
                    <p class=""trial-statement"">&ldquo;Flembers is associated with Denoden&rdquo;</p>
                    <p class=""trial-question"">Which of the following is most likely?</p>
                ",2,html-button-response,3,56165,0.0-3.0,,,causal_judgment,Flembers causes Denoden,xy,assoc,B,assoc_B,Flembers is associated with Denoden,"neither,yx,xy",n546bl2jej
4,23821,"
                    <p>Suppose you read the following piece of information:</p>
                    <p class=""trial-statement"">&ldquo;Ceflar is associated with a lower risk of Agoriv&rdquo;</p>
                    <p class=""trial-question"">Which of the following is most likely?</p>
                ",2,html-button-response,4,79987,0.0-4.0,,,causal_judgment,Ceflar causes a decrease in Agoriv,xy,risk_lower,B,risk_lower_B,Ceflar is associated with a lower risk of Agoriv,"neither,yx,xy",n546bl2jej
5,41712,"
                    <p>Suppose you read the following piece of information:</p>
                    <p class=""trial-statement"">&ldquo;Turilin is associated with lower probability of Laurem&rdquo;</p>
                    <p class=""trial-question"">Which of the following is most likely?</p>
                ",1,html-button-response,5,121701,0.0-5.0,,,causal_judgment,Laurem causes a decrease in Turilin,yx,prob_lower,A,prob_lower_A,Turilin is associated with lower probability of Laurem,"neither,yx,xy",n546bl2jej
6,12369,"
                    <p>Suppose you read the following piece of information:</p>
                    <p class=""trial-statement"">&ldquo;Rebosen is associated with a higher risk of Themaglin&rdquo;</p>
                    <p class=""trial-question"">Which of the following is most likely?</p>
                ",2,html-button-response,6,134071,0.0-6.0,,,causal_judgment,Rebosen causes an increase in Themaglin,xy,risk_increase,B,risk_increase_B,Rebosen is associated with a higher risk of Themaglin,"neither,yx,xy",n546bl2jej
7,16067,"
                    <p>Suppose you read the following piece of information:</p>
                    <p class=""trial-statement"">&ldquo;Pneuben is associated with higher probability of Efogen&rdquo;</p>
                    <p class=""trial-question"">Which of the following is most likely?</p>
                ",2,html-button-response,7,150140,0.0-7.0,,,causal_judgment,Pneuben causes an increase in Efogen,xy,prob_increase,A,prob_increase_A,Pneuben is associated with higher probability of Efogen,"neither,yx,xy",n546bl2jej
8,47524,,"{""explain"":""The cause and effect of one thing that leads to another. Sequence.""}",survey-text,8,197714,0.0-8.0,,,screening,,,,,,,,n546bl2jej
9,10404,,"{""comments"":""Interesting study""}",survey-text,9,208122,0.0-9.0,,,comments,,,,,,,,n546bl2jej
10,22271,,"{""age"":""48"",""gender"":""Female"",""native_language"":""English"",""education"":""College""}",survey-text,10,230397,0.0-10.0,,,demographics,,,,,,,,n546bl2jej
0,14785,"<div class=""consent-text""> <h2>Consent Agreement</h2> <p> Please read this consent agreement carefully before deciding whether to participate in this experiment. </p> <p> <strong>Description:</strong> You are invited to participate in a research study about language and language learning. The purpose of the research is to understand how people learn new words. This research will be conducted through the Prolific platform, including participants from the US, UK, and Canada. If you decide to participate in this research, you will learn and use new words. </p> <p> <strong>Time Involvement:</strong> The task will last the amount of time advertised on Prolific. You are free to withdraw from the study at any time. </p> <p> <strong>Risks and Benefits:</strong> Study data will be stored securely, in compliance with Stanford University standards, minimizing the risk of confiden-tiality breach. This study advances our scientific understanding of how people learn new languages. We cannot and do not guarantee or promise that you will receive any benefits from this study. </p> <p> <strong>Compensation:</strong> You will receive payment in the amount advertised on Prolific. If you do not complete this study, you will receive prorated payment based on the time that you have spent. Additionally, you may be eligible for bonus payments as described in the instructions. </p> <p> <strong>Participant's Rights:</strong> If you have read this form and have decided to participate in this project, please understand your participation is voluntary and you have the right to withdraw your consent or discontinue participation at any time without penalty or loss of benefits to which you are otherwise entitled. The alternative is not to participate. You have the right to refuse to answer particular questions. The results of this research study may be presented at scientific or professional meetings or published in scientific journals. Your individual privacy will be maintained in all published and writ-ten data resulting from the study. In accordance with scientific norms, the data from this study may be used or shared with other researchers for future research (after removing personally identifying information) without additional consent from you. </p> <p> <strong>Contact Information:</strong> If you have any questions, concerns or complaints about this research, its procedures, risks and benefits, contact the Protocol Director, Robert Hawkins (<a href=""mailto:rdhawkins@stanford.edu"">rdhawkins@stanford.edu</a>, 217-549-6923). </p> <p> <strong>Independant Contact:</strong> If you are not satisfied with how this study is being conducted, or if you have any concerns, com-plaints, or general questions about the research or your rights as a participant, please contact the Stanford Institutional Review Board (IRB) to speak to someone independent of the research team at 650-723-2480 or toll free at 1-866-680-2906, or email at irbnonmed@stanford.edu. You can also write to the Stanford IRB, Stanford University, 1705 El Camino Real, Palo Alto, CA 94306. Please save or print a copy of this page for your records. </p> <p> <strong>If you agree to participate in this research, please click ""I agree""</strong> </p></br> </div>",0,html-button-response,0,14788,0.0-0.0,agree,2026-05-29T00:49:15.891Z,,,,,,,,,e2a12qzqgb
1,16061,"
                <h2>Welcome!</h2>
                <p>You will be asked a few simple questions about the possible relationship
                between different things. The questions are unrelated to one another.</p>
                <p>For each question, you will read a statement and choose the most likely
                interpretation from the options presented.</p>
                <p>Please respond thoughtfully.</p>
            ",0,html-button-response,1,30850,0.0-1.0,,,,,,,,,,,e2a12qzqgb
2,7422,"
        <p>Before we begin, here is a practice question to familiarize you with the format.</p>
        <p>Suppose you read the following piece of information:</p>
        <p class=""trial-statement"">&ldquo;While Maria was typing her report, the phone rang.&rdquo;</p>
        <p class=""trial-question"">Which of the following is most likely?</p>
    ",1,html-button-response,2,38273,0.0-2.0,,,practice,Maria began her report first,correct,,,,,,e2a12qzqgb
3,24607,"
                    <p>Suppose you read the following piece of information:</p>
                    <p class=""trial-statement"">&ldquo;Turilin is associated with lower probability of Laurem&rdquo;</p>
                    <p class=""trial-question"">Which of the following is most likely?</p>
                ",0,html-button-response,3,62881,0.0-3.0,,,causal_judgment,Turilin causes a decrease in Laurem,xy,prob_lower,A,prob_lower_A,Turilin is associated with lower probability of Laurem,"xy,yx,neither",e2a12qzqgb
4,10751,"
                    <p>Suppose you read the following piece of information:</p>
                    <p class=""trial-statement"">&ldquo;Themaglin is associated with a higher risk of Rebosen&rdquo;</p>
                    <p class=""trial-question"">Which of the following is most likely?</p>
                ",0,html-button-response,4,73633,0.0-4.0,,,causal_judgment,Themaglin causes an increase in Rebosen,xy,risk_increase,A,risk_increase_A,Themaglin is associated with a higher risk of Rebosen,"xy,yx,neither",e2a12qzqgb
5,7288,"
                    <p>Suppose you read the following piece of information:</p>
                    <p class=""trial-statement"">&ldquo;Flembers is associated with Denoden&rdquo;</p>
                    <p class=""trial-question"">Which of the following is most likely?</p>
                ",2,html-button-response,5,80922,0.0-5.0,,,causal_judgment,"A third factor is causally related to Flembers and Denoden, they are not directly related",neither,assoc,B,assoc_B,Flembers is associated with Denoden,"xy,yx,neither",e2a12qzqgb
6,7711,"
                    <p>Suppose you read the following piece of information:</p>
                    <p class=""trial-statement"">&ldquo;Ceflar is associated with a lower risk of Agoriv&rdquo;</p>
                    <p class=""trial-question"">Which of the following is most likely?</p>
                ",0,html-button-response,6,88633,0.0-6.0,,,causal_judgment,Ceflar causes a decrease in Agoriv,xy,risk_lower,B,risk_lower_B,Ceflar is associated with a lower risk of Agoriv,"xy,yx,neither",e2a12qzqgb
7,4695,"
                    <p>Suppose you read the following piece of information:</p>
                    <p class=""trial-statement"">&ldquo;Pneuben is associated with higher probability of Efogen&rdquo;</p>
                    <p class=""trial-question"">Which of the following is most likely?</p>
                ",0,html-button-response,7,93329,0.0-7.0,,,causal_judgment,Pneuben causes an increase in Efogen,xy,prob_increase,A,prob_increase_A,Pneuben is associated with higher probability of Efogen,"xy,yx,neither",e2a12qzqgb
8,20187,,"{""explain"":""To see if there was a correlation between two things based on how the sentence was structured. ""}",survey-text,8,113522,0.0-8.0,,,screening,,,,,,,,e2a12qzqgb
9,9942,,"{""comments"":""None, thought this was interesting. Thank you!""}",survey-text,9,123465,0.0-9.0,,,comments,,,,,,,,e2a12qzqgb
10,10951,,"{""age"":""32"",""gender"":""Trans woman"",""native_language"":""English"",""education"":""Bachelor's""}",survey-text,10,134418,0.0-10.0,,,demographics,,,,,,,,e2a12qzqgb
0,2906,"<div class=""consent-text""> <h2>Consent Agreement</h2> <p> Please read this consent agreement carefully before deciding whether to participate in this experiment. </p> <p> <strong>Description:</strong> You are invited to participate in a research study about language and language learning. The purpose of the research is to understand how people learn new words. This research will be conducted through the Prolific platform, including participants from the US, UK, and Canada. If you decide to participate in this research, you will learn and use new words. </p> <p> <strong>Time Involvement:</strong> The task will last the amount of time advertised on Prolific. You are free to withdraw from the study at any time. </p> <p> <strong>Risks and Benefits:</strong> Study data will be stored securely, in compliance with Stanford University standards, minimizing the risk of confiden-tiality breach. This study advances our scientific understanding of how people learn new languages. We cannot and do not guarantee or promise that you will receive any benefits from this study. </p> <p> <strong>Compensation:</strong> You will receive payment in the amount advertised on Prolific. If you do not complete this study, you will receive prorated payment based on the time that you have spent. Additionally, you may be eligible for bonus payments as described in the instructions. </p> <p> <strong>Participant's Rights:</strong> If you have read this form and have decided to participate in this project, please understand your participation is voluntary and you have the right to withdraw your consent or discontinue participation at any time without penalty or loss of benefits to which you are otherwise entitled. The alternative is not to participate. You have the right to refuse to answer particular questions. The results of this research study may be presented at scientific or professional meetings or published in scientific journals. Your individual privacy will be maintained in all published and writ-ten data resulting from the study. In accordance with scientific norms, the data from this study may be used or shared with other researchers for future research (after removing personally identifying information) without additional consent from you. </p> <p> <strong>Contact Information:</strong> If you have any questions, concerns or complaints about this research, its procedures, risks and benefits, contact the Protocol Director, Robert Hawkins (<a href=""mailto:rdhawkins@stanford.edu"">rdhawkins@stanford.edu</a>, 217-549-6923). </p> <p> <strong>Independant Contact:</strong> If you are not satisfied with how this study is being conducted, or if you have any concerns, com-plaints, or general questions about the research or your rights as a participant, please contact the Stanford Institutional Review Board (IRB) to speak to someone independent of the research team at 650-723-2480 or toll free at 1-866-680-2906, or email at irbnonmed@stanford.edu. You can also write to the Stanford IRB, Stanford University, 1705 El Camino Real, Palo Alto, CA 94306. Please save or print a copy of this page for your records. </p> <p> <strong>If you agree to participate in this research, please click ""I agree""</strong> </p></br> </div>",0,html-button-response,0,2909,0.0-0.0,agree,2026-05-29T00:47:11.710Z,,,,,,,,,8zhsyo7tgd
1,6927,"
                <h2>Welcome!</h2>
                <p>You will be asked a few simple questions about the possible relationship
                between different things. The questions are unrelated to one another.</p>
                <p>For each question, you will read a statement and choose the most likely
                interpretation from the options presented.</p>
                <p>Please respond thoughtfully.</p>
            ",0,html-button-response,1,9838,0.0-1.0,,,,,,,,,,,8zhsyo7tgd
2,16337,"
        <p>Before we begin, here is a practice question to familiarize you with the format.</p>
        <p>Suppose you read the following piece of information:</p>
        <p class=""trial-statement"">&ldquo;While Maria was typing her report, the phone rang.&rdquo;</p>
        <p class=""trial-question"">Which of the following is most likely?</p>
    ",0,html-button-response,2,26176,0.0-2.0,,,practice,Maria began her report first,correct,,,,,,8zhsyo7tgd
3,22814,"
                    <p>Suppose you read the following piece of information:</p>
                    <p class=""trial-statement"">&ldquo;Pneuben is associated with higher probability of Efogen&rdquo;</p>
                    <p class=""trial-question"">Which of the following is most likely?</p>
                ",2,html-button-response,3,48992,0.0-3.0,,,causal_judgment,Pneuben causes an increase in Efogen,xy,prob_increase,A,prob_increase_A,Pneuben is associated with higher probability of Efogen,"neither,yx,xy",8zhsyo7tgd
4,20416,"
                    <p>Suppose you read the following piece of information:</p>
                    <p class=""trial-statement"">&ldquo;Flembers is associated with Denoden&rdquo;</p>
                    <p class=""trial-question"">Which of the following is most likely?</p>
                ",2,html-button-response,4,69409,0.0-4.0,,,causal_judgment,Flembers causes Denoden,xy,assoc,B,assoc_B,Flembers is associated with Denoden,"neither,yx,xy",8zhsyo7tgd
5,9952,"
                    <p>Suppose you read the following piece of information:</p>
                    <p class=""trial-statement"">&ldquo;Laurem is associated with lower probability of Turilin&rdquo;</p>
                    <p class=""trial-question"">Which of the following is most likely?</p>
                ",2,html-button-response,5,79362,0.0-5.0,,,causal_judgment,Laurem causes a decrease in Turilin,xy,prob_lower,B,prob_lower_B,Laurem is associated with lower probability of Turilin,"neither,yx,xy",8zhsyo7tgd
6,8532,"
                    <p>Suppose you read the following piece of information:</p>
                    <p class=""trial-statement"">&ldquo;Agoriv is associated with a lower risk of Ceflar&rdquo;</p>
                    <p class=""trial-question"">Which of the following is most likely?</p>
                ",2,html-button-response,6,87896,0.0-6.0,,,causal_judgment,Agoriv causes a decrease in Ceflar,xy,risk_lower,A,risk_lower_A,Agoriv is associated with a lower risk of Ceflar,"neither,yx,xy",8zhsyo7tgd
7,9566,"
                    <p>Suppose you read the following piece of information:</p>
                    <p class=""trial-statement"">&ldquo;Rebosen is associated with a higher risk of Themaglin&rdquo;</p>
                    <p class=""trial-question"">Which of the following is most likely?</p>
                ",2,html-button-response,7,97462,0.0-7.0,,,causal_judgment,Rebosen causes an increase in Themaglin,xy,risk_increase,B,risk_increase_B,Rebosen is associated with a higher risk of Themaglin,"neither,yx,xy",8zhsyo7tgd
8,15548,,"{""explain"":""Answer questions ""}",survey-text,8,113016,0.0-8.0,,,screening,,,,,,,,8zhsyo7tgd
9,3731,,"{""comments"":""None""}",survey-text,9,116749,0.0-9.0,,,comments,,,,,,,,8zhsyo7tgd
10,7072,,"{""age"":""39"",""gender"":"""",""native_language"":"""",""education"":""""}",survey-text,10,123832,0.0-10.0,,,demographics,,,,,,,,8zhsyo7tgd
0,7170,"<div class=""consent-text""> <h2>Consent Agreement</h2> <p> Please read this consent agreement carefully before deciding whether to participate in this experiment. </p> <p> <strong>Description:</strong> You are invited to participate in a research study about language and language learning. The purpose of the research is to understand how people learn new words. This research will be conducted through the Prolific platform, including participants from the US, UK, and Canada. If you decide to participate in this research, you will learn and use new words. </p> <p> <strong>Time Involvement:</strong> The task will last the amount of time advertised on Prolific. You are free to withdraw from the study at any time. </p> <p> <strong>Risks and Benefits:</strong> Study data will be stored securely, in compliance with Stanford University standards, minimizing the risk of confiden-tiality breach. This study advances our scientific understanding of how people learn new languages. We cannot and do not guarantee or promise that you will receive any benefits from this study. </p> <p> <strong>Compensation:</strong> You will receive payment in the amount advertised on Prolific. If you do not complete this study, you will receive prorated payment based on the time that you have spent. Additionally, you may be eligible for bonus payments as described in the instructions. </p> <p> <strong>Participant's Rights:</strong> If you have read this form and have decided to participate in this project, please understand your participation is voluntary and you have the right to withdraw your consent or discontinue participation at any time without penalty or loss of benefits to which you are otherwise entitled. The alternative is not to participate. You have the right to refuse to answer particular questions. The results of this research study may be presented at scientific or professional meetings or published in scientific journals. Your individual privacy will be maintained in all published and writ-ten data resulting from the study. In accordance with scientific norms, the data from this study may be used or shared with other researchers for future research (after removing personally identifying information) without additional consent from you. </p> <p> <strong>Contact Information:</strong> If you have any questions, concerns or complaints about this research, its procedures, risks and benefits, contact the Protocol Director, Robert Hawkins (<a href=""mailto:rdhawkins@stanford.edu"">rdhawkins@stanford.edu</a>, 217-549-6923). </p> <p> <strong>Independant Contact:</strong> If you are not satisfied with how this study is being conducted, or if you have any concerns, com-plaints, or general questions about the research or your rights as a participant, please contact the Stanford Institutional Review Board (IRB) to speak to someone independent of the research team at 650-723-2480 or toll free at 1-866-680-2906, or email at irbnonmed@stanford.edu. You can also write to the Stanford IRB, Stanford University, 1705 El Camino Real, Palo Alto, CA 94306. Please save or print a copy of this page for your records. </p> <p> <strong>If you agree to participate in this research, please click ""I agree""</strong> </p></br> </div>",0,html-button-response,0,7173,0.0-0.0,agree,2026-05-29T00:45:05.981Z,,,,,,,,,qfele8fzsr
1,2005,"
                <h2>Welcome!</h2>
                <p>You will be asked a few simple questions about the possible relationship
                between different things. The questions are unrelated to one another.</p>
                <p>For each question, you will read a statement and choose the most likely
                interpretation from the options presented.</p>
                <p>Please respond thoughtfully.</p>
            ",0,html-button-response,1,9178,0.0-1.0,,,,,,,,,,,qfele8fzsr
2,5724,"
        <p>Before we begin, here is a practice question to familiarize you with the format.</p>
        <p>Suppose you read the following piece of information:</p>
        <p class=""trial-statement"">&ldquo;While Maria was typing her report, the phone rang.&rdquo;</p>
        <p class=""trial-question"">Which of the following is most likely?</p>
    ",0,html-button-response,2,14902,0.0-2.0,,,practice,Maria began her report first,correct,,,,,,qfele8fzsr
3,17806,"
                    <p>Suppose you read the following piece of information:</p>
                    <p class=""trial-statement"">&ldquo;Themaglin is associated with a higher risk of Rebosen&rdquo;</p>
                    <p class=""trial-question"">Which of the following is most likely?</p>
                ",0,html-button-response,3,32708,0.0-3.0,,,causal_judgment,"A third factor is causally related to Themaglin and Rebosen, they are not directly related",neither,risk_increase,A,risk_increase_A,Themaglin is associated with a higher risk of Rebosen,"neither,xy,yx",qfele8fzsr
4,4873,"
                    <p>Suppose you read the following piece of information:</p>
                    <p class=""trial-statement"">&ldquo;Efogen is associated with higher probability of Pneuben&rdquo;</p>
                    <p class=""trial-question"">Which of the following is most likely?</p>
                ",0,html-button-response,4,37582,0.0-4.0,,,causal_judgment,"A third factor is causally related to Efogen and Pneuben, they are not directly related",neither,prob_increase,B,prob_increase_B,Efogen is associated with higher probability of Pneuben,"neither,xy,yx",qfele8fzsr
5,8350,"
                    <p>Suppose you read the following piece of information:</p>
                    <p class=""trial-statement"">&ldquo;Laurem is associated with lower probability of Turilin&rdquo;</p>
                    <p class=""trial-question"">Which of the following is most likely?</p>
                ",0,html-button-response,5,45932,0.0-5.0,,,causal_judgment,"A third factor is causally related to Laurem and Turilin, they are not directly related",neither,prob_lower,B,prob_lower_B,Laurem is associated with lower probability of Turilin,"neither,xy,yx",qfele8fzsr
6,15398,"
                    <p>Suppose you read the following piece of information:</p>
                    <p class=""trial-statement"">&ldquo;Denoden is associated with Flembers&rdquo;</p>
                    <p class=""trial-question"">Which of the following is most likely?</p>
                ",2,html-button-response,6,61330,0.0-6.0,,,causal_judgment,Flembers causes Denoden,yx,assoc,A,assoc_A,Denoden is associated with Flembers,"neither,xy,yx",qfele8fzsr
7,19617,"
                    <p>Suppose you read the following piece of information:</p>
                    <p class=""trial-statement"">&ldquo;Ceflar is associated with a lower risk of Agoriv&rdquo;</p>
                    <p class=""trial-question"">Which of the following is most likely?</p>
                ",1,html-button-response,7,80948,0.0-7.0,,,causal_judgment,Ceflar causes a decrease in Agoriv,xy,risk_lower,B,risk_lower_B,Ceflar is associated with a lower risk of Agoriv,"neither,xy,yx",qfele8fzsr
8,52055,,"{""explain"":""I was asked to interpret the meanings of connections.""}",survey-text,8,133007,0.0-8.0,,,screening,,,,,,,,qfele8fzsr
9,1110,,"{""comments"":""""}",survey-text,9,134118,0.0-9.0,,,comments,,,,,,,,qfele8fzsr
10,15407,,"{""age"":""27"",""gender"":""male"",""native_language"":""english"",""education"":""associate's degree""}",survey-text,10,149526,0.0-10.0,,,demographics,,,,,,,,qfele8fzsr
0,66138,"<div class=""consent-text""> <h2>Consent Agreement</h2> <p> Please read this consent agreement carefully before deciding whether to participate in this experiment. </p> <p> <strong>Description:</strong> You are invited to participate in a research study about language and language learning. The purpose of the research is to understand how people learn new words. This research will be conducted through the Prolific platform, including participants from the US, UK, and Canada. If you decide to participate in this research, you will learn and use new words. </p> <p> <strong>Time Involvement:</strong> The task will last the amount of time advertised on Prolific. You are free to withdraw from the study at any time. </p> <p> <strong>Risks and Benefits:</strong> Study data will be stored securely, in compliance with Stanford University standards, minimizing the risk of confiden-tiality breach. This study advances our scientific understanding of how people learn new languages. We cannot and do not guarantee or promise that you will receive any benefits from this study. </p> <p> <strong>Compensation:</strong> You will receive payment in the amount advertised on Prolific. If you do not complete this study, you will receive prorated payment based on the time that you have spent. Additionally, you may be eligible for bonus payments as described in the instructions. </p> <p> <strong>Participant's Rights:</strong> If you have read this form and have decided to participate in this project, please understand your participation is voluntary and you have the right to withdraw your consent or discontinue participation at any time without penalty or loss of benefits to which you are otherwise entitled. The alternative is not to participate. You have the right to refuse to answer particular questions. The results of this research study may be presented at scientific or professional meetings or published in scientific journals. Your individual privacy will be maintained in all published and writ-ten data resulting from the study. In accordance with scientific norms, the data from this study may be used or shared with other researchers for future research (after removing personally identifying information) without additional consent from you. </p> <p> <strong>Contact Information:</strong> If you have any questions, concerns or complaints about this research, its procedures, risks and benefits, contact the Protocol Director, Robert Hawkins (<a href=""mailto:rdhawkins@stanford.edu"">rdhawkins@stanford.edu</a>, 217-549-6923). </p> <p> <strong>Independant Contact:</strong> If you are not satisfied with how this study is being conducted, or if you have any concerns, com-plaints, or general questions about the research or your rights as a participant, please contact the Stanford Institutional Review Board (IRB) to speak to someone independent of the research team at 650-723-2480 or toll free at 1-866-680-2906, or email at irbnonmed@stanford.edu. You can also write to the Stanford IRB, Stanford University, 1705 El Camino Real, Palo Alto, CA 94306. Please save or print a copy of this page for your records. </p> <p> <strong>If you agree to participate in this research, please click ""I agree""</strong> </p></br> </div>",0,html-button-response,0,66140,0.0-0.0,agree,2026-05-29T00:48:01.469Z,,,,,,,,,c201s63kgg
1,4016,"
                <h2>Welcome!</h2>
                <p>You will be asked a few simple questions about the possible relationship
                between different things. The questions are unrelated to one another.</p>
                <p>For each question, you will read a statement and choose the most likely
                interpretation from the options presented.</p>
                <p>Please respond thoughtfully.</p>
            ",0,html-button-response,1,70158,0.0-1.0,,,,,,,,,,,c201s63kgg
2,16479,"
        <p>Before we begin, here is a practice question to familiarize you with the format.</p>
        <p>Suppose you read the following piece of information:</p>
        <p class=""trial-statement"">&ldquo;While Maria was typing her report, the phone rang.&rdquo;</p>
        <p class=""trial-question"">Which of the following is most likely?</p>
    ",0,html-button-response,2,86638,0.0-2.0,,,practice,Maria began her report first,correct,,,,,,c201s63kgg
3,14127,"
                    <p>Suppose you read the following piece of information:</p>
                    <p class=""trial-statement"">&ldquo;Agoriv is associated with a lower risk of Ceflar&rdquo;</p>
                    <p class=""trial-question"">Which of the following is most likely?</p>
                ",1,html-button-response,3,100766,0.0-3.0,,,causal_judgment,Agoriv causes a decrease in Ceflar,xy,risk_lower,A,risk_lower_A,Agoriv is associated with a lower risk of Ceflar,"yx,xy,neither",c201s63kgg
4,11113,"
                    <p>Suppose you read the following piece of information:</p>
                    <p class=""trial-statement"">&ldquo;Flembers is associated with Denoden&rdquo;</p>
                    <p class=""trial-question"">Which of the following is most likely?</p>
                ",2,html-button-response,4,111880,0.0-4.0,,,causal_judgment,"A third factor is causally related to Flembers and Denoden, they are not directly related",neither,assoc,B,assoc_B,Flembers is associated with Denoden,"yx,xy,neither",c201s63kgg
5,11589,"
                    <p>Suppose you read the following piece of information:</p>
                    <p class=""trial-statement"">&ldquo;Laurem is associated with lower probability of Turilin&rdquo;</p>
                    <p class=""trial-question"">Which of the following is most likely?</p>
                ",2,html-button-response,5,123470,0.0-5.0,,,causal_judgment,"A third factor is causally related to Laurem and Turilin, they are not directly related",neither,prob_lower,B,prob_lower_B,Laurem is associated with lower probability of Turilin,"yx,xy,neither",c201s63kgg
6,13727,"
                    <p>Suppose you read the following piece of information:</p>
                    <p class=""trial-statement"">&ldquo;Pneuben is associated with higher probability of Efogen&rdquo;</p>
                    <p class=""trial-question"">Which of the following is most likely?</p>
                ",2,html-button-response,6,137198,0.0-6.0,,,causal_judgment,"A third factor is causally related to Pneuben and Efogen, they are not directly related",neither,prob_increase,A,prob_increase_A,Pneuben is associated with higher probability of Efogen,"yx,xy,neither",c201s63kgg
7,18256,"
                    <p>Suppose you read the following piece of information:</p>
                    <p class=""trial-statement"">&ldquo;Rebosen is associated with a higher risk of Themaglin&rdquo;</p>
                    <p class=""trial-question"">Which of the following is most likely?</p>
                ",2,html-button-response,7,155454,0.0-7.0,,,causal_judgment,"A third factor is causally related to Rebosen and Themaglin, they are not directly related",neither,risk_increase,B,risk_increase_B,Rebosen is associated with a higher risk of Themaglin,"yx,xy,neither",c201s63kgg
8,20365,,"{""explain"":""I was asked to Compare sentences ""}",survey-text,8,175825,0.0-8.0,,,screening,,,,,,,,c201s63kgg
9,3089,,"{""comments"":""""}",survey-text,9,178915,0.0-9.0,,,comments,,,,,,,,c201s63kgg
10,15461,,"{""age"":""53"",""gender"":""Female"",""native_language"":""English"",""education"":""Bachelor Degree""}",survey-text,10,194378,0.0-10.0,,,demographics,,,,,,,,c201s63kgg
0,3840,"<div class=""consent-text""> <h2>Consent Agreement</h2> <p> Please read this consent agreement carefully before deciding whether to participate in this experiment. </p> <p> <strong>Description:</strong> You are invited to participate in a research study about language and language learning. The purpose of the research is to understand how people learn new words. This research will be conducted through the Prolific platform, including participants from the US, UK, and Canada. If you decide to participate in this research, you will learn and use new words. </p> <p> <strong>Time Involvement:</strong> The task will last the amount of time advertised on Prolific. You are free to withdraw from the study at any time. </p> <p> <strong>Risks and Benefits:</strong> Study data will be stored securely, in compliance with Stanford University standards, minimizing the risk of confiden-tiality breach. This study advances our scientific understanding of how people learn new languages. We cannot and do not guarantee or promise that you will receive any benefits from this study. </p> <p> <strong>Compensation:</strong> You will receive payment in the amount advertised on Prolific. If you do not complete this study, you will receive prorated payment based on the time that you have spent. Additionally, you may be eligible for bonus payments as described in the instructions. </p> <p> <strong>Participant's Rights:</strong> If you have read this form and have decided to participate in this project, please understand your participation is voluntary and you have the right to withdraw your consent or discontinue participation at any time without penalty or loss of benefits to which you are otherwise entitled. The alternative is not to participate. You have the right to refuse to answer particular questions. The results of this research study may be presented at scientific or professional meetings or published in scientific journals. Your individual privacy will be maintained in all published and writ-ten data resulting from the study. In accordance with scientific norms, the data from this study may be used or shared with other researchers for future research (after removing personally identifying information) without additional consent from you. </p> <p> <strong>Contact Information:</strong> If you have any questions, concerns or complaints about this research, its procedures, risks and benefits, contact the Protocol Director, Robert Hawkins (<a href=""mailto:rdhawkins@stanford.edu"">rdhawkins@stanford.edu</a>, 217-549-6923). </p> <p> <strong>Independant Contact:</strong> If you are not satisfied with how this study is being conducted, or if you have any concerns, com-plaints, or general questions about the research or your rights as a participant, please contact the Stanford Institutional Review Board (IRB) to speak to someone independent of the research team at 650-723-2480 or toll free at 1-866-680-2906, or email at irbnonmed@stanford.edu. You can also write to the Stanford IRB, Stanford University, 1705 El Camino Real, Palo Alto, CA 94306. Please save or print a copy of this page for your records. </p> <p> <strong>If you agree to participate in this research, please click ""I agree""</strong> </p></br> </div>",0,html-button-response,0,3843,0.0-0.0,agree,2026-05-29T00:45:30.722Z,,,,,,,,,amyqjz9d8o
1,5827,"
                <h2>Welcome!</h2>
                <p>You will be asked a few simple questions about the possible relationship
                between different things. The questions are unrelated to one another.</p>
                <p>For each question, you will read a statement and choose the most likely
                interpretation from the options presented.</p>
                <p>Please respond thoughtfully.</p>
            ",0,html-button-response,1,9671,0.0-1.0,,,,,,,,,,,amyqjz9d8o
2,10794,"
        <p>Before we begin, here is a practice question to familiarize you with the format.</p>
        <p>Suppose you read the following piece of information:</p>
        <p class=""trial-statement"">&ldquo;While Maria was typing her report, the phone rang.&rdquo;</p>
        <p class=""trial-question"">Which of the following is most likely?</p>
    ",1,html-button-response,2,20466,0.0-2.0,,,practice,Maria began her report first,correct,,,,,,amyqjz9d8o
3,46173,"
                    <p>Suppose you read the following piece of information:</p>
                    <p class=""trial-statement"">&ldquo;Pneuben is associated with higher probability of Efogen&rdquo;</p>
                    <p class=""trial-question"">Which of the following is most likely?</p>
                ",2,html-button-response,3,66640,0.0-3.0,,,causal_judgment,"A third factor is causally related to Pneuben and Efogen, they are not directly related",neither,prob_increase,A,prob_increase_A,Pneuben is associated with higher probability of Efogen,"xy,yx,neither",amyqjz9d8o
4,11509,"
                    <p>Suppose you read the following piece of information:</p>
                    <p class=""trial-statement"">&ldquo;Ceflar is associated with a lower risk of Agoriv&rdquo;</p>
                    <p class=""trial-question"">Which of the following is most likely?</p>
                ",2,html-button-response,4,78150,0.0-4.0,,,causal_judgment,"A third factor is causally related to Ceflar and Agoriv, they are not directly related",neither,risk_lower,B,risk_lower_B,Ceflar is associated with a lower risk of Agoriv,"xy,yx,neither",amyqjz9d8o
5,27815,"
                    <p>Suppose you read the following piece of information:</p>
                    <p class=""trial-statement"">&ldquo;Rebosen is associated with a higher risk of Themaglin&rdquo;</p>
                    <p class=""trial-question"">Which of the following is most likely?</p>
                ",2,html-button-response,5,105966,0.0-5.0,,,causal_judgment,"A third factor is causally related to Rebosen and Themaglin, they are not directly related",neither,risk_increase,B,risk_increase_B,Rebosen is associated with a higher risk of Themaglin,"xy,yx,neither",amyqjz9d8o
6,6667,"
                    <p>Suppose you read the following piece of information:</p>
                    <p class=""trial-statement"">&ldquo;Denoden is associated with Flembers&rdquo;</p>
                    <p class=""trial-question"">Which of the following is most likely?</p>
                ",2,html-button-response,6,112634,0.0-6.0,,,causal_judgment,"A third factor is causally related to Denoden and Flembers, they are not directly related",neither,assoc,A,assoc_A,Denoden is associated with Flembers,"xy,yx,neither",amyqjz9d8o
7,4715,"
                    <p>Suppose you read the following piece of information:</p>
                    <p class=""trial-statement"">&ldquo;Laurem is associated with lower probability of Turilin&rdquo;</p>
                    <p class=""trial-question"">Which of the following is most likely?</p>
                ",2,html-button-response,7,117350,0.0-7.0,,,causal_judgment,"A third factor is causally related to Laurem and Turilin, they are not directly related",neither,prob_lower,B,prob_lower_B,Laurem is associated with lower probability of Turilin,"xy,yx,neither",amyqjz9d8o
8,123771,,"{""explain"":""Evaluating what the statement meant""}",survey-text,8,241126,0.0-8.0,,,screening,,,,,,,,amyqjz9d8o
9,58685,,"{""comments"":""It was definitely unique from any other study I have encountered.  Thank you for allowing me the opportunity to participate in it.""}",survey-text,9,299814,0.0-9.0,,,comments,,,,,,,,amyqjz9d8o
10,36139,,"{""age"":""65"",""gender"":""female"",""native_language"":""english"",""education"":""High School Completion""}",survey-text,10,335955,0.0-10.0,,,demographics,,,,,,,,amyqjz9d8o
0,2460,"<div class=""consent-text""> <h2>Consent Agreement</h2> <p> Please read this consent agreement carefully before deciding whether to participate in this experiment. </p> <p> <strong>Description:</strong> You are invited to participate in a research study about language and language learning. The purpose of the research is to understand how people learn new words. This research will be conducted through the Prolific platform, including participants from the US, UK, and Canada. If you decide to participate in this research, you will learn and use new words. </p> <p> <strong>Time Involvement:</strong> The task will last the amount of time advertised on Prolific. You are free to withdraw from the study at any time. </p> <p> <strong>Risks and Benefits:</strong> Study data will be stored securely, in compliance with Stanford University standards, minimizing the risk of confiden-tiality breach. This study advances our scientific understanding of how people learn new languages. We cannot and do not guarantee or promise that you will receive any benefits from this study. </p> <p> <strong>Compensation:</strong> You will receive payment in the amount advertised on Prolific. If you do not complete this study, you will receive prorated payment based on the time that you have spent. Additionally, you may be eligible for bonus payments as described in the instructions. </p> <p> <strong>Participant's Rights:</strong> If you have read this form and have decided to participate in this project, please understand your participation is voluntary and you have the right to withdraw your consent or discontinue participation at any time without penalty or loss of benefits to which you are otherwise entitled. The alternative is not to participate. You have the right to refuse to answer particular questions. The results of this research study may be presented at scientific or professional meetings or published in scientific journals. Your individual privacy will be maintained in all published and writ-ten data resulting from the study. In accordance with scientific norms, the data from this study may be used or shared with other researchers for future research (after removing personally identifying information) without additional consent from you. </p> <p> <strong>Contact Information:</strong> If you have any questions, concerns or complaints about this research, its procedures, risks and benefits, contact the Protocol Director, Robert Hawkins (<a href=""mailto:rdhawkins@stanford.edu"">rdhawkins@stanford.edu</a>, 217-549-6923). </p> <p> <strong>Independant Contact:</strong> If you are not satisfied with how this study is being conducted, or if you have any concerns, com-plaints, or general questions about the research or your rights as a participant, please contact the Stanford Institutional Review Board (IRB) to speak to someone independent of the research team at 650-723-2480 or toll free at 1-866-680-2906, or email at irbnonmed@stanford.edu. You can also write to the Stanford IRB, Stanford University, 1705 El Camino Real, Palo Alto, CA 94306. Please save or print a copy of this page for your records. </p> <p> <strong>If you agree to participate in this research, please click ""I agree""</strong> </p></br> </div>",0,html-button-response,0,2462,0.0-0.0,agree,2026-05-29T00:55:34.687Z,,,,,,,,,joqfsas0uo
1,3897,"
                <h2>Welcome!</h2>
                <p>You will be asked a few simple questions about the possible relationship
                between different things. The questions are unrelated to one another.</p>
                <p>For each question, you will read a statement and choose the most likely
                interpretation from the options presented.</p>
                <p>Please respond thoughtfully.</p>
            ",0,html-button-response,1,6361,0.0-1.0,,,,,,,,,,,joqfsas0uo
2,10541,"
        <p>Before we begin, here is a practice question to familiarize you with the format.</p>
        <p>Suppose you read the following piece of information:</p>
        <p class=""trial-statement"">&ldquo;While Maria was typing her report, the phone rang.&rdquo;</p>
        <p class=""trial-question"">Which of the following is most likely?</p>
    ",1,html-button-response,2,16906,0.0-2.0,,,practice,Maria began her report first,correct,,,,,,joqfsas0uo
3,19296,"
                    <p>Suppose you read the following piece of information:</p>
                    <p class=""trial-statement"">&ldquo;Denoden is associated with Flembers&rdquo;</p>
                    <p class=""trial-question"">Which of the following is most likely?</p>
                ",0,html-button-response,3,36206,0.0-3.0,,,causal_judgment,Flembers causes Denoden,yx,assoc,A,assoc_A,Denoden is associated with Flembers,"yx,neither,xy",joqfsas0uo
4,14119,"
                    <p>Suppose you read the following piece of information:</p>
                    <p class=""trial-statement"">&ldquo;Agoriv is associated with a lower risk of Ceflar&rdquo;</p>
                    <p class=""trial-question"">Which of the following is most likely?</p>
                ",2,html-button-response,4,50326,0.0-4.0,,,causal_judgment,Agoriv causes a decrease in Ceflar,xy,risk_lower,A,risk_lower_A,Agoriv is associated with a lower risk of Ceflar,"yx,neither,xy",joqfsas0uo
5,10630,"
                    <p>Suppose you read the following piece of information:</p>
                    <p class=""trial-statement"">&ldquo;Turilin is associated with lower probability of Laurem&rdquo;</p>
                    <p class=""trial-question"">Which of the following is most likely?</p>
                ",2,html-button-response,5,60958,0.0-5.0,,,causal_judgment,Turilin causes a decrease in Laurem,xy,prob_lower,A,prob_lower_A,Turilin is associated with lower probability of Laurem,"yx,neither,xy",joqfsas0uo
6,7644,"
                    <p>Suppose you read the following piece of information:</p>
                    <p class=""trial-statement"">&ldquo;Efogen is associated with higher probability of Pneuben&rdquo;</p>
                    <p class=""trial-question"">Which of the following is most likely?</p>
                ",1,html-button-response,6,68603,0.0-6.0,,,causal_judgment,"A third factor is causally related to Efogen and Pneuben, they are not directly related",neither,prob_increase,B,prob_increase_B,Efogen is associated with higher probability of Pneuben,"yx,neither,xy",joqfsas0uo
7,17742,"
                    <p>Suppose you read the following piece of information:</p>
                    <p class=""trial-statement"">&ldquo;Rebosen is associated with a higher risk of Themaglin&rdquo;</p>
                    <p class=""trial-question"">Which of the following is most likely?</p>
                ",1,html-button-response,7,86346,0.0-7.0,,,causal_judgment,"A third factor is causally related to Rebosen and Themaglin, they are not directly related",neither,risk_increase,B,risk_increase_B,Rebosen is associated with a higher risk of Themaglin,"yx,neither,xy",joqfsas0uo
8,34782,,"{""explain"":""Determine the relationship between two items based on sentence structure. ""}",survey-text,8,121141,0.0-8.0,,,screening,,,,,,,,joqfsas0uo
9,5553,,"{""comments"":""No ""}",survey-text,9,126695,0.0-9.0,,,comments,,,,,,,,joqfsas0uo
10,28111,,"{""age"":""54"",""gender"":""Female "",""native_language"":""English "",""education"":""Bachelors ""}",survey-text,10,154824,0.0-10.0,,,demographics,,,,,,,,joqfsas0uo
0,2409,"<div class=""consent-text""> <h2>Consent Agreement</h2> <p> Please read this consent agreement carefully before deciding whether to participate in this experiment. </p> <p> <strong>Description:</strong> You are invited to participate in a research study about language and language learning. The purpose of the research is to understand how people learn new words. This research will be conducted through the Prolific platform, including participants from the US, UK, and Canada. If you decide to participate in this research, you will learn and use new words. </p> <p> <strong>Time Involvement:</strong> The task will last the amount of time advertised on Prolific. You are free to withdraw from the study at any time. </p> <p> <strong>Risks and Benefits:</strong> Study data will be stored securely, in compliance with Stanford University standards, minimizing the risk of confiden-tiality breach. This study advances our scientific understanding of how people learn new languages. We cannot and do not guarantee or promise that you will receive any benefits from this study. </p> <p> <strong>Compensation:</strong> You will receive payment in the amount advertised on Prolific. If you do not complete this study, you will receive prorated payment based on the time that you have spent. Additionally, you may be eligible for bonus payments as described in the instructions. </p> <p> <strong>Participant's Rights:</strong> If you have read this form and have decided to participate in this project, please understand your participation is voluntary and you have the right to withdraw your consent or discontinue participation at any time without penalty or loss of benefits to which you are otherwise entitled. The alternative is not to participate. You have the right to refuse to answer particular questions. The results of this research study may be presented at scientific or professional meetings or published in scientific journals. Your individual privacy will be maintained in all published and writ-ten data resulting from the study. In accordance with scientific norms, the data from this study may be used or shared with other researchers for future research (after removing personally identifying information) without additional consent from you. </p> <p> <strong>Contact Information:</strong> If you have any questions, concerns or complaints about this research, its procedures, risks and benefits, contact the Protocol Director, Robert Hawkins (<a href=""mailto:rdhawkins@stanford.edu"">rdhawkins@stanford.edu</a>, 217-549-6923). </p> <p> <strong>Independant Contact:</strong> If you are not satisfied with how this study is being conducted, or if you have any concerns, com-plaints, or general questions about the research or your rights as a participant, please contact the Stanford Institutional Review Board (IRB) to speak to someone independent of the research team at 650-723-2480 or toll free at 1-866-680-2906, or email at irbnonmed@stanford.edu. You can also write to the Stanford IRB, Stanford University, 1705 El Camino Real, Palo Alto, CA 94306. Please save or print a copy of this page for your records. </p> <p> <strong>If you agree to participate in this research, please click ""I agree""</strong> </p></br> </div>",0,html-button-response,0,2411,0.0-0.0,agree,2026-05-29T00:45:06.452Z,,,,,,,,,owlqyqdv0y
1,3675,"
                <h2>Welcome!</h2>
                <p>You will be asked a few simple questions about the possible relationship
                between different things. The questions are unrelated to one another.</p>
                <p>For each question, you will read a statement and choose the most likely
                interpretation from the options presented.</p>
                <p>Please respond thoughtfully.</p>
            ",0,html-button-response,1,6087,0.0-1.0,,,,,,,,,,,owlqyqdv0y
2,4407,"
        <p>Before we begin, here is a practice question to familiarize you with the format.</p>
        <p>Suppose you read the following piece of information:</p>
        <p class=""trial-statement"">&ldquo;While Maria was typing her report, the phone rang.&rdquo;</p>
        <p class=""trial-question"">Which of the following is most likely?</p>
    ",1,html-button-response,2,10494,0.0-2.0,,,practice,Maria began her report first,correct,,,,,,owlqyqdv0y
3,12839,"
                    <p>Suppose you read the following piece of information:</p>
                    <p class=""trial-statement"">&ldquo;Rebosen is associated with a higher risk of Themaglin&rdquo;</p>
                    <p class=""trial-question"">Which of the following is most likely?</p>
                ",0,html-button-response,3,23334,0.0-3.0,,,causal_judgment,Rebosen causes an increase in Themaglin,xy,risk_increase,B,risk_increase_B,Rebosen is associated with a higher risk of Themaglin,"xy,neither,yx",owlqyqdv0y
4,10544,"
                    <p>Suppose you read the following piece of information:</p>
                    <p class=""trial-statement"">&ldquo;Denoden is associated with Flembers&rdquo;</p>
                    <p class=""trial-question"">Which of the following is most likely?</p>
                ",0,html-button-response,4,33879,0.0-4.0,,,causal_judgment,Denoden causes Flembers,xy,assoc,A,assoc_A,Denoden is associated with Flembers,"xy,neither,yx",owlqyqdv0y
5,6002,"
                    <p>Suppose you read the following piece of information:</p>
                    <p class=""trial-statement"">&ldquo;Efogen is associated with higher probability of Pneuben&rdquo;</p>
                    <p class=""trial-question"">Which of the following is most likely?</p>
                ",0,html-button-response,5,39882,0.0-5.0,,,causal_judgment,Efogen causes an increase in Pneuben,xy,prob_increase,B,prob_increase_B,Efogen is associated with higher probability of Pneuben,"xy,neither,yx",owlqyqdv0y
6,7243,"
                    <p>Suppose you read the following piece of information:</p>
                    <p class=""trial-statement"">&ldquo;Laurem is associated with lower probability of Turilin&rdquo;</p>
                    <p class=""trial-question"">Which of the following is most likely?</p>
                ",0,html-button-response,6,47126,0.0-6.0,,,causal_judgment,Laurem causes a decrease in Turilin,xy,prob_lower,B,prob_lower_B,Laurem is associated with lower probability of Turilin,"xy,neither,yx",owlqyqdv0y
7,3936,"
                    <p>Suppose you read the following piece of information:</p>
                    <p class=""trial-statement"">&ldquo;Agoriv is associated with a lower risk of Ceflar&rdquo;</p>
                    <p class=""trial-question"">Which of the following is most likely?</p>
                ",0,html-button-response,7,51063,0.0-7.0,,,causal_judgment,Agoriv causes a decrease in Ceflar,xy,risk_lower,A,risk_lower_A,Agoriv is associated with a lower risk of Ceflar,"xy,neither,yx",owlqyqdv0y
8,30341,,"{""explain"":""Decide based on evidence what the causal relationship between two things were.""}",survey-text,8,81407,0.0-8.0,,,screening,,,,,,,,owlqyqdv0y
9,1209,,"{""comments"":""""}",survey-text,9,82618,0.0-9.0,,,comments,,,,,,,,owlqyqdv0y
10,13120,,"{""age"":""27"",""gender"":""female"",""native_language"":""english"",""education"":""sophmore in college""}",survey-text,10,95739,0.0-10.0,,,demographics,,,,,,,,owlqyqdv0y
0,1625,"<div class=""consent-text""> <h2>Consent Agreement</h2> <p> Please read this consent agreement carefully before deciding whether to participate in this experiment. </p> <p> <strong>Description:</strong> You are invited to participate in a research study about language and language learning. The purpose of the research is to understand how people learn new words. This research will be conducted through the Prolific platform, including participants from the US, UK, and Canada. If you decide to participate in this research, you will learn and use new words. </p> <p> <strong>Time Involvement:</strong> The task will last the amount of time advertised on Prolific. You are free to withdraw from the study at any time. </p> <p> <strong>Risks and Benefits:</strong> Study data will be stored securely, in compliance with Stanford University standards, minimizing the risk of confiden-tiality breach. This study advances our scientific understanding of how people learn new languages. We cannot and do not guarantee or promise that you will receive any benefits from this study. </p> <p> <strong>Compensation:</strong> You will receive payment in the amount advertised on Prolific. If you do not complete this study, you will receive prorated payment based on the time that you have spent. Additionally, you may be eligible for bonus payments as described in the instructions. </p> <p> <strong>Participant's Rights:</strong> If you have read this form and have decided to participate in this project, please understand your participation is voluntary and you have the right to withdraw your consent or discontinue participation at any time without penalty or loss of benefits to which you are otherwise entitled. The alternative is not to participate. You have the right to refuse to answer particular questions. The results of this research study may be presented at scientific or professional meetings or published in scientific journals. Your individual privacy will be maintained in all published and writ-ten data resulting from the study. In accordance with scientific norms, the data from this study may be used or shared with other researchers for future research (after removing personally identifying information) without additional consent from you. </p> <p> <strong>Contact Information:</strong> If you have any questions, concerns or complaints about this research, its procedures, risks and benefits, contact the Protocol Director, Robert Hawkins (<a href=""mailto:rdhawkins@stanford.edu"">rdhawkins@stanford.edu</a>, 217-549-6923). </p> <p> <strong>Independant Contact:</strong> If you are not satisfied with how this study is being conducted, or if you have any concerns, com-plaints, or general questions about the research or your rights as a participant, please contact the Stanford Institutional Review Board (IRB) to speak to someone independent of the research team at 650-723-2480 or toll free at 1-866-680-2906, or email at irbnonmed@stanford.edu. You can also write to the Stanford IRB, Stanford University, 1705 El Camino Real, Palo Alto, CA 94306. Please save or print a copy of this page for your records. </p> <p> <strong>If you agree to participate in this research, please click ""I agree""</strong> </p></br> </div>",0,html-button-response,0,1628,0.0-0.0,agree,2026-05-29T00:46:53.088Z,,,,,,,,,qyu6y8q1r2
1,2242,"
                <h2>Welcome!</h2>
                <p>You will be asked a few simple questions about the possible relationship
                between different things. The questions are unrelated to one another.</p>
                <p>For each question, you will read a statement and choose the most likely
                interpretation from the options presented.</p>
                <p>Please respond thoughtfully.</p>
            ",0,html-button-response,1,3872,0.0-1.0,,,,,,,,,,,qyu6y8q1r2
2,10877,"
        <p>Before we begin, here is a practice question to familiarize you with the format.</p>
        <p>Suppose you read the following piece of information:</p>
        <p class=""trial-statement"">&ldquo;While Maria was typing her report, the phone rang.&rdquo;</p>
        <p class=""trial-question"">Which of the following is most likely?</p>
    ",0,html-button-response,2,14749,0.0-2.0,,,practice,Maria began her report first,correct,,,,,,qyu6y8q1r2
3,14230,"
                    <p>Suppose you read the following piece of information:</p>
                    <p class=""trial-statement"">&ldquo;Denoden is associated with Flembers&rdquo;</p>
                    <p class=""trial-question"">Which of the following is most likely?</p>
                ",2,html-button-response,3,28980,0.0-3.0,,,causal_judgment,"A third factor is causally related to Denoden and Flembers, they are not directly related",neither,assoc,A,assoc_A,Denoden is associated with Flembers,"xy,yx,neither",qyu6y8q1r2
4,25229,"
                    <p>Suppose you read the following piece of information:</p>
                    <p class=""trial-statement"">&ldquo;Efogen is associated with higher probability of Pneuben&rdquo;</p>
                    <p class=""trial-question"">Which of the following is most likely?</p>
                ",1,html-button-response,4,54210,0.0-4.0,,,causal_judgment,Pneuben causes an increase in Efogen,yx,prob_increase,B,prob_increase_B,Efogen is associated with higher probability of Pneuben,"xy,yx,neither",qyu6y8q1r2
5,18409,"
                    <p>Suppose you read the following piece of information:</p>
                    <p class=""trial-statement"">&ldquo;Turilin is associated with lower probability of Laurem&rdquo;</p>
                    <p class=""trial-question"">Which of the following is most likely?</p>
                ",1,html-button-response,5,72620,0.0-5.0,,,causal_judgment,Laurem causes a decrease in Turilin,yx,prob_lower,A,prob_lower_A,Turilin is associated with lower probability of Laurem,"xy,yx,neither",qyu6y8q1r2
6,13053,"
                    <p>Suppose you read the following piece of information:</p>
                    <p class=""trial-statement"">&ldquo;Agoriv is associated with a lower risk of Ceflar&rdquo;</p>
                    <p class=""trial-question"">Which of the following is most likely?</p>
                ",0,html-button-response,6,85673,0.0-6.0,,,causal_judgment,Agoriv causes a decrease in Ceflar,xy,risk_lower,A,risk_lower_A,Agoriv is associated with a lower risk of Ceflar,"xy,yx,neither",qyu6y8q1r2
7,12492,"
                    <p>Suppose you read the following piece of information:</p>
                    <p class=""trial-statement"">&ldquo;Rebosen is associated with a higher risk of Themaglin&rdquo;</p>
                    <p class=""trial-question"">Which of the following is most likely?</p>
                ",0,html-button-response,7,98166,0.0-7.0,,,causal_judgment,Rebosen causes an increase in Themaglin,xy,risk_increase,B,risk_increase_B,Rebosen is associated with a higher risk of Themaglin,"xy,yx,neither",qyu6y8q1r2
8,18908,,"{""explain"":""I was asked to draw conclusions from various statements. ""}",survey-text,8,117081,0.0-8.0,,,screening,,,,,,,,qyu6y8q1r2
9,1669,,"{""comments"":""""}",survey-text,9,118751,0.0-9.0,,,comments,,,,,,,,qyu6y8q1r2
10,9474,,"{""age"":""28"",""gender"":""Male"",""native_language"":""English"",""education"":""""}",survey-text,10,128228,0.0-10.0,,,demographics,,,,,,,,qyu6y8q1r2
0,4030,"<div class=""consent-text""> <h2>Consent Agreement</h2> <p> Please read this consent agreement carefully before deciding whether to participate in this experiment. </p> <p> <strong>Description:</strong> You are invited to participate in a research study about language and language learning. The purpose of the research is to understand how people learn new words. This research will be conducted through the Prolific platform, including participants from the US, UK, and Canada. If you decide to participate in this research, you will learn and use new words. </p> <p> <strong>Time Involvement:</strong> The task will last the amount of time advertised on Prolific. You are free to withdraw from the study at any time. </p> <p> <strong>Risks and Benefits:</strong> Study data will be stored securely, in compliance with Stanford University standards, minimizing the risk of confiden-tiality breach. This study advances our scientific understanding of how people learn new languages. We cannot and do not guarantee or promise that you will receive any benefits from this study. </p> <p> <strong>Compensation:</strong> You will receive payment in the amount advertised on Prolific. If you do not complete this study, you will receive prorated payment based on the time that you have spent. Additionally, you may be eligible for bonus payments as described in the instructions. </p> <p> <strong>Participant's Rights:</strong> If you have read this form and have decided to participate in this project, please understand your participation is voluntary and you have the right to withdraw your consent or discontinue participation at any time without penalty or loss of benefits to which you are otherwise entitled. The alternative is not to participate. You have the right to refuse to answer particular questions. The results of this research study may be presented at scientific or professional meetings or published in scientific journals. Your individual privacy will be maintained in all published and writ-ten data resulting from the study. In accordance with scientific norms, the data from this study may be used or shared with other researchers for future research (after removing personally identifying information) without additional consent from you. </p> <p> <strong>Contact Information:</strong> If you have any questions, concerns or complaints about this research, its procedures, risks and benefits, contact the Protocol Director, Robert Hawkins (<a href=""mailto:rdhawkins@stanford.edu"">rdhawkins@stanford.edu</a>, 217-549-6923). </p> <p> <strong>Independant Contact:</strong> If you are not satisfied with how this study is being conducted, or if you have any concerns, com-plaints, or general questions about the research or your rights as a participant, please contact the Stanford Institutional Review Board (IRB) to speak to someone independent of the research team at 650-723-2480 or toll free at 1-866-680-2906, or email at irbnonmed@stanford.edu. You can also write to the Stanford IRB, Stanford University, 1705 El Camino Real, Palo Alto, CA 94306. Please save or print a copy of this page for your records. </p> <p> <strong>If you agree to participate in this research, please click ""I agree""</strong> </p></br> </div>",0,html-button-response,0,4031,0.0-0.0,agree,2026-05-29T00:45:07.558Z,,,,,,,,,xk4p8dpgng
1,1431,"
                <h2>Welcome!</h2>
                <p>You will be asked a few simple questions about the possible relationship
                between different things. The questions are unrelated to one another.</p>
                <p>For each question, you will read a statement and choose the most likely
                interpretation from the options presented.</p>
                <p>Please respond thoughtfully.</p>
            ",0,html-button-response,1,5464,0.0-1.0,,,,,,,,,,,xk4p8dpgng
2,14442,"
        <p>Before we begin, here is a practice question to familiarize you with the format.</p>
        <p>Suppose you read the following piece of information:</p>
        <p class=""trial-statement"">&ldquo;While Maria was typing her report, the phone rang.&rdquo;</p>
        <p class=""trial-question"">Which of the following is most likely?</p>
    ",1,html-button-response,2,19907,0.0-2.0,,,practice,Maria began her report first,correct,,,,,,xk4p8dpgng
3,25985,"
                    <p>Suppose you read the following piece of information:</p>
                    <p class=""trial-statement"">&ldquo;Turilin is associated with lower probability of Laurem&rdquo;</p>
                    <p class=""trial-question"">Which of the following is most likely?</p>
                ",0,html-button-response,3,45894,0.0-3.0,,,causal_judgment,Turilin causes a decrease in Laurem,xy,prob_lower,A,prob_lower_A,Turilin is associated with lower probability of Laurem,"xy,yx,neither",xk4p8dpgng
4,8332,"
                    <p>Suppose you read the following piece of information:</p>
                    <p class=""trial-statement"">&ldquo;Pneuben is associated with higher probability of Efogen&rdquo;</p>
                    <p class=""trial-question"">Which of the following is most likely?</p>
                ",0,html-button-response,4,54227,0.0-4.0,,,causal_judgment,Pneuben causes an increase in Efogen,xy,prob_increase,A,prob_increase_A,Pneuben is associated with higher probability of Efogen,"xy,yx,neither",xk4p8dpgng
5,22162,"
                    <p>Suppose you read the following piece of information:</p>
                    <p class=""trial-statement"">&ldquo;Rebosen is associated with a higher risk of Themaglin&rdquo;</p>
                    <p class=""trial-question"">Which of the following is most likely?</p>
                ",0,html-button-response,5,76389,0.0-5.0,,,causal_judgment,Rebosen causes an increase in Themaglin,xy,risk_increase,B,risk_increase_B,Rebosen is associated with a higher risk of Themaglin,"xy,yx,neither",xk4p8dpgng
6,17850,"
                    <p>Suppose you read the following piece of information:</p>
                    <p class=""trial-statement"">&ldquo;Ceflar is associated with a lower risk of Agoriv&rdquo;</p>
                    <p class=""trial-question"">Which of the following is most likely?</p>
                ",0,html-button-response,6,94240,0.0-6.0,,,causal_judgment,Ceflar causes a decrease in Agoriv,xy,risk_lower,B,risk_lower_B,Ceflar is associated with a lower risk of Agoriv,"xy,yx,neither",xk4p8dpgng
7,13071,"
                    <p>Suppose you read the following piece of information:</p>
                    <p class=""trial-statement"">&ldquo;Denoden is associated with Flembers&rdquo;</p>
                    <p class=""trial-question"">Which of the following is most likely?</p>
                ",2,html-button-response,7,107312,0.0-7.0,,,causal_judgment,"A third factor is causally related to Denoden and Flembers, they are not directly related",neither,assoc,A,assoc_A,Denoden is associated with Flembers,"xy,yx,neither",xk4p8dpgng
8,38217,,"{""explain"":""To answer questions about whether or not one of the things you just read about caused the other""}",survey-text,8,145535,0.0-8.0,,,screening,,,,,,,,xk4p8dpgng
9,2070,,"{""comments"":""""}",survey-text,9,147606,0.0-9.0,,,comments,,,,,,,,xk4p8dpgng
10,17073,,"{""age"":""19"",""gender"":""woman"",""native_language"":""English"",""education"":""Highschool""}",survey-text,10,164681,0.0-10.0,,,demographics,,,,,,,,xk4p8dpgng
0,3156,"<div class=""consent-text""> <h2>Consent Agreement</h2> <p> Please read this consent agreement carefully before deciding whether to participate in this experiment. </p> <p> <strong>Description:</strong> You are invited to participate in a research study about language and language learning. The purpose of the research is to understand how people learn new words. This research will be conducted through the Prolific platform, including participants from the US, UK, and Canada. If you decide to participate in this research, you will learn and use new words. </p> <p> <strong>Time Involvement:</strong> The task will last the amount of time advertised on Prolific. You are free to withdraw from the study at any time. </p> <p> <strong>Risks and Benefits:</strong> Study data will be stored securely, in compliance with Stanford University standards, minimizing the risk of confiden-tiality breach. This study advances our scientific understanding of how people learn new languages. We cannot and do not guarantee or promise that you will receive any benefits from this study. </p> <p> <strong>Compensation:</strong> You will receive payment in the amount advertised on Prolific. If you do not complete this study, you will receive prorated payment based on the time that you have spent. Additionally, you may be eligible for bonus payments as described in the instructions. </p> <p> <strong>Participant's Rights:</strong> If you have read this form and have decided to participate in this project, please understand your participation is voluntary and you have the right to withdraw your consent or discontinue participation at any time without penalty or loss of benefits to which you are otherwise entitled. The alternative is not to participate. You have the right to refuse to answer particular questions. The results of this research study may be presented at scientific or professional meetings or published in scientific journals. Your individual privacy will be maintained in all published and writ-ten data resulting from the study. In accordance with scientific norms, the data from this study may be used or shared with other researchers for future research (after removing personally identifying information) without additional consent from you. </p> <p> <strong>Contact Information:</strong> If you have any questions, concerns or complaints about this research, its procedures, risks and benefits, contact the Protocol Director, Robert Hawkins (<a href=""mailto:rdhawkins@stanford.edu"">rdhawkins@stanford.edu</a>, 217-549-6923). </p> <p> <strong>Independant Contact:</strong> If you are not satisfied with how this study is being conducted, or if you have any concerns, com-plaints, or general questions about the research or your rights as a participant, please contact the Stanford Institutional Review Board (IRB) to speak to someone independent of the research team at 650-723-2480 or toll free at 1-866-680-2906, or email at irbnonmed@stanford.edu. You can also write to the Stanford IRB, Stanford University, 1705 El Camino Real, Palo Alto, CA 94306. Please save or print a copy of this page for your records. </p> <p> <strong>If you agree to participate in this research, please click ""I agree""</strong> </p></br> </div>",0,html-button-response,0,3159,0.0-0.0,agree,2026-05-29T00:45:28.063Z,,,,,,,,,brrf7v9yjg
1,11080,"
                <h2>Welcome!</h2>
                <p>You will be asked a few simple questions about the possible relationship
                between different things. The questions are unrelated to one another.</p>
                <p>For each question, you will read a statement and choose the most likely
                interpretation from the options presented.</p>
                <p>Please respond thoughtfully.</p>
            ",0,html-button-response,1,14241,0.0-1.0,,,,,,,,,,,brrf7v9yjg
2,23386,"
        <p>Before we begin, here is a practice question to familiarize you with the format.</p>
        <p>Suppose you read the following piece of information:</p>
        <p class=""trial-statement"">&ldquo;While Maria was typing her report, the phone rang.&rdquo;</p>
        <p class=""trial-question"">Which of the following is most likely?</p>
    ",0,html-button-response,2,37630,0.0-2.0,,,practice,Maria began her report first,correct,,,,,,brrf7v9yjg
3,28968,"
                    <p>Suppose you read the following piece of information:</p>
                    <p class=""trial-statement"">&ldquo;Themaglin is associated with a higher risk of Rebosen&rdquo;</p>
                    <p class=""trial-question"">Which of the following is most likely?</p>
                ",1,html-button-response,3,66600,0.0-3.0,,,causal_judgment,Themaglin causes an increase in Rebosen,xy,risk_increase,A,risk_increase_A,Themaglin is associated with a higher risk of Rebosen,"neither,xy,yx",brrf7v9yjg
4,17634,"
                    <p>Suppose you read the following piece of information:</p>
                    <p class=""trial-statement"">&ldquo;Flembers is associated with Denoden&rdquo;</p>
                    <p class=""trial-question"">Which of the following is most likely?</p>
                ",2,html-button-response,4,84236,0.0-4.0,,,causal_judgment,Denoden causes Flembers,yx,assoc,B,assoc_B,Flembers is associated with Denoden,"neither,xy,yx",brrf7v9yjg
5,8882,"
                    <p>Suppose you read the following piece of information:</p>
                    <p class=""trial-statement"">&ldquo;Laurem is associated with lower probability of Turilin&rdquo;</p>
                    <p class=""trial-question"">Which of the following is most likely?</p>
                ",1,html-button-response,5,93119,0.0-5.0,,,causal_judgment,Laurem causes a decrease in Turilin,xy,prob_lower,B,prob_lower_B,Laurem is associated with lower probability of Turilin,"neither,xy,yx",brrf7v9yjg
6,27203,"
                    <p>Suppose you read the following piece of information:</p>
                    <p class=""trial-statement"">&ldquo;Agoriv is associated with a lower risk of Ceflar&rdquo;</p>
                    <p class=""trial-question"">Which of the following is most likely?</p>
                ",2,html-button-response,6,120323,0.0-6.0,,,causal_judgment,Ceflar causes a decrease in Agoriv,yx,risk_lower,A,risk_lower_A,Agoriv is associated with a lower risk of Ceflar,"neither,xy,yx",brrf7v9yjg
7,5615,"
                    <p>Suppose you read the following piece of information:</p>
                    <p class=""trial-statement"">&ldquo;Pneuben is associated with higher probability of Efogen&rdquo;</p>
                    <p class=""trial-question"">Which of the following is most likely?</p>
                ",1,html-button-response,7,125939,0.0-7.0,,,causal_judgment,Pneuben causes an increase in Efogen,xy,prob_increase,A,prob_increase_A,Pneuben is associated with higher probability of Efogen,"neither,xy,yx",brrf7v9yjg
8,60672,,"{""explain"":""My interpretation of different scenarios that were presented.""}",survey-text,8,186617,0.0-8.0,,,screening,,,,,,,,brrf7v9yjg
9,5451,,"{""comments"":""""}",survey-text,9,192069,0.0-9.0,,,comments,,,,,,,,brrf7v9yjg
10,27449,,"{""age"":""44"",""gender"":""Female "",""native_language"":""English "",""education"":""Some College ""}",survey-text,10,219530,0.0-10.0,,,demographics,,,,,,,,brrf7v9yjg
0,5640,"<div class=""consent-text""> <h2>Consent Agreement</h2> <p> Please read this consent agreement carefully before deciding whether to participate in this experiment. </p> <p> <strong>Description:</strong> You are invited to participate in a research study about language and language learning. The purpose of the research is to understand how people learn new words. This research will be conducted through the Prolific platform, including participants from the US, UK, and Canada. If you decide to participate in this research, you will learn and use new words. </p> <p> <strong>Time Involvement:</strong> The task will last the amount of time advertised on Prolific. You are free to withdraw from the study at any time. </p> <p> <strong>Risks and Benefits:</strong> Study data will be stored securely, in compliance with Stanford University standards, minimizing the risk of confiden-tiality breach. This study advances our scientific understanding of how people learn new languages. We cannot and do not guarantee or promise that you will receive any benefits from this study. </p> <p> <strong>Compensation:</strong> You will receive payment in the amount advertised on Prolific. If you do not complete this study, you will receive prorated payment based on the time that you have spent. Additionally, you may be eligible for bonus payments as described in the instructions. </p> <p> <strong>Participant's Rights:</strong> If you have read this form and have decided to participate in this project, please understand your participation is voluntary and you have the right to withdraw your consent or discontinue participation at any time without penalty or loss of benefits to which you are otherwise entitled. The alternative is not to participate. You have the right to refuse to answer particular questions. The results of this research study may be presented at scientific or professional meetings or published in scientific journals. Your individual privacy will be maintained in all published and writ-ten data resulting from the study. In accordance with scientific norms, the data from this study may be used or shared with other researchers for future research (after removing personally identifying information) without additional consent from you. </p> <p> <strong>Contact Information:</strong> If you have any questions, concerns or complaints about this research, its procedures, risks and benefits, contact the Protocol Director, Robert Hawkins (<a href=""mailto:rdhawkins@stanford.edu"">rdhawkins@stanford.edu</a>, 217-549-6923). </p> <p> <strong>Independant Contact:</strong> If you are not satisfied with how this study is being conducted, or if you have any concerns, com-plaints, or general questions about the research or your rights as a participant, please contact the Stanford Institutional Review Board (IRB) to speak to someone independent of the research team at 650-723-2480 or toll free at 1-866-680-2906, or email at irbnonmed@stanford.edu. You can also write to the Stanford IRB, Stanford University, 1705 El Camino Real, Palo Alto, CA 94306. Please save or print a copy of this page for your records. </p> <p> <strong>If you agree to participate in this research, please click ""I agree""</strong> </p></br> </div>",0,html-button-response,0,5651,0.0-0.0,agree,2026-05-29T00:45:05.829Z,,,,,,,,,wbqyvravw3
1,3485,"
                <h2>Welcome!</h2>
                <p>You will be asked a few simple questions about the possible relationship
                between different things. The questions are unrelated to one another.</p>
                <p>For each question, you will read a statement and choose the most likely
                interpretation from the options presented.</p>
                <p>Please respond thoughtfully.</p>
            ",0,html-button-response,1,9138,0.0-1.0,,,,,,,,,,,wbqyvravw3
2,10049,"
        <p>Before we begin, here is a practice question to familiarize you with the format.</p>
        <p>Suppose you read the following piece of information:</p>
        <p class=""trial-statement"">&ldquo;While Maria was typing her report, the phone rang.&rdquo;</p>
        <p class=""trial-question"">Which of the following is most likely?</p>
    ",0,html-button-response,2,19188,0.0-2.0,,,practice,Maria began her report first,correct,,,,,,wbqyvravw3
3,20880,"
                    <p>Suppose you read the following piece of information:</p>
                    <p class=""trial-statement"">&ldquo;Agoriv is associated with a lower risk of Ceflar&rdquo;</p>
                    <p class=""trial-question"">Which of the following is most likely?</p>
                ",0,html-button-response,3,40068,0.0-3.0,,,causal_judgment,Agoriv causes a decrease in Ceflar,xy,risk_lower,A,risk_lower_A,Agoriv is associated with a lower risk of Ceflar,"xy,yx,neither",wbqyvravw3
4,40455,"
                    <p>Suppose you read the following piece of information:</p>
                    <p class=""trial-statement"">&ldquo;Rebosen is associated with a higher risk of Themaglin&rdquo;</p>
                    <p class=""trial-question"">Which of the following is most likely?</p>
                ",0,html-button-response,4,80524,0.0-4.0,,,causal_judgment,Rebosen causes an increase in Themaglin,xy,risk_increase,B,risk_increase_B,Rebosen is associated with a higher risk of Themaglin,"xy,yx,neither",wbqyvravw3
5,7121,"
                    <p>Suppose you read the following piece of information:</p>
                    <p class=""trial-statement"">&ldquo;Denoden is associated with Flembers&rdquo;</p>
                    <p class=""trial-question"">Which of the following is most likely?</p>
                ",1,html-button-response,5,87647,0.0-5.0,,,causal_judgment,Flembers causes Denoden,yx,assoc,A,assoc_A,Denoden is associated with Flembers,"xy,yx,neither",wbqyvravw3
6,7513,"
                    <p>Suppose you read the following piece of information:</p>
                    <p class=""trial-statement"">&ldquo;Turilin is associated with lower probability of Laurem&rdquo;</p>
                    <p class=""trial-question"">Which of the following is most likely?</p>
                ",0,html-button-response,6,95162,0.0-6.0,,,causal_judgment,Turilin causes a decrease in Laurem,xy,prob_lower,A,prob_lower_A,Turilin is associated with lower probability of Laurem,"xy,yx,neither",wbqyvravw3
7,22457,"
                    <p>Suppose you read the following piece of information:</p>
                    <p class=""trial-statement"">&ldquo;Efogen is associated with higher probability of Pneuben&rdquo;</p>
                    <p class=""trial-question"">Which of the following is most likely?</p>
                ",0,html-button-response,7,117620,0.0-7.0,,,causal_judgment,Efogen causes an increase in Pneuben,xy,prob_increase,B,prob_increase_B,Efogen is associated with higher probability of Pneuben,"xy,yx,neither",wbqyvravw3
8,16481,,"{""explain"":""choose the most probable choice""}",survey-text,8,134121,0.0-8.0,,,screening,,,,,,,,wbqyvravw3
9,15868,,"{""comments"":""""}",survey-text,9,149992,0.0-9.0,,,comments,,,,,,,,wbqyvravw3
10,34954,,"{""age"":""48"",""gender"":""female"",""native_language"":""English"",""education"":""high school grad""}",survey-text,10,184987,0.0-10.0,,,demographics,,,,,,,,wbqyvravw3
0,6993,"<div class=""consent-text""> <h2>Consent Agreement</h2> <p> Please read this consent agreement carefully before deciding whether to participate in this experiment. </p> <p> <strong>Description:</strong> You are invited to participate in a research study about language and language learning. The purpose of the research is to understand how people learn new words. This research will be conducted through the Prolific platform, including participants from the US, UK, and Canada. If you decide to participate in this research, you will learn and use new words. </p> <p> <strong>Time Involvement:</strong> The task will last the amount of time advertised on Prolific. You are free to withdraw from the study at any time. </p> <p> <strong>Risks and Benefits:</strong> Study data will be stored securely, in compliance with Stanford University standards, minimizing the risk of confiden-tiality breach. This study advances our scientific understanding of how people learn new languages. We cannot and do not guarantee or promise that you will receive any benefits from this study. </p> <p> <strong>Compensation:</strong> You will receive payment in the amount advertised on Prolific. If you do not complete this study, you will receive prorated payment based on the time that you have spent. Additionally, you may be eligible for bonus payments as described in the instructions. </p> <p> <strong>Participant's Rights:</strong> If you have read this form and have decided to participate in this project, please understand your participation is voluntary and you have the right to withdraw your consent or discontinue participation at any time without penalty or loss of benefits to which you are otherwise entitled. The alternative is not to participate. You have the right to refuse to answer particular questions. The results of this research study may be presented at scientific or professional meetings or published in scientific journals. Your individual privacy will be maintained in all published and writ-ten data resulting from the study. In accordance with scientific norms, the data from this study may be used or shared with other researchers for future research (after removing personally identifying information) without additional consent from you. </p> <p> <strong>Contact Information:</strong> If you have any questions, concerns or complaints about this research, its procedures, risks and benefits, contact the Protocol Director, Robert Hawkins (<a href=""mailto:rdhawkins@stanford.edu"">rdhawkins@stanford.edu</a>, 217-549-6923). </p> <p> <strong>Independant Contact:</strong> If you are not satisfied with how this study is being conducted, or if you have any concerns, com-plaints, or general questions about the research or your rights as a participant, please contact the Stanford Institutional Review Board (IRB) to speak to someone independent of the research team at 650-723-2480 or toll free at 1-866-680-2906, or email at irbnonmed@stanford.edu. You can also write to the Stanford IRB, Stanford University, 1705 El Camino Real, Palo Alto, CA 94306. Please save or print a copy of this page for your records. </p> <p> <strong>If you agree to participate in this research, please click ""I agree""</strong> </p></br> </div>",0,html-button-response,0,6998,0.0-0.0,agree,2026-05-29T00:45:13.960Z,,,,,,,,,lwv3sg6jpx
1,15202,"
                <h2>Welcome!</h2>
                <p>You will be asked a few simple questions about the possible relationship
                between different things. The questions are unrelated to one another.</p>
                <p>For each question, you will read a statement and choose the most likely
                interpretation from the options presented.</p>
                <p>Please respond thoughtfully.</p>
            ",0,html-button-response,1,22202,0.0-1.0,,,,,,,,,,,lwv3sg6jpx
2,18814,"
        <p>Before we begin, here is a practice question to familiarize you with the format.</p>
        <p>Suppose you read the following piece of information:</p>
        <p class=""trial-statement"">&ldquo;While Maria was typing her report, the phone rang.&rdquo;</p>
        <p class=""trial-question"">Which of the following is most likely?</p>
    ",0,html-button-response,2,41017,0.0-2.0,,,practice,Maria began her report first,correct,,,,,,lwv3sg6jpx
3,34672,"
                    <p>Suppose you read the following piece of information:</p>
                    <p class=""trial-statement"">&ldquo;Flembers is associated with Denoden&rdquo;</p>
                    <p class=""trial-question"">Which of the following is most likely?</p>
                ",1,html-button-response,3,75691,0.0-3.0,,,causal_judgment,Denoden causes Flembers,yx,assoc,B,assoc_B,Flembers is associated with Denoden,"neither,yx,xy",lwv3sg6jpx
4,14223,"
                    <p>Suppose you read the following piece of information:</p>
                    <p class=""trial-statement"">&ldquo;Pneuben is associated with higher probability of Efogen&rdquo;</p>
                    <p class=""trial-question"">Which of the following is most likely?</p>
                ",2,html-button-response,4,89915,0.0-4.0,,,causal_judgment,Pneuben causes an increase in Efogen,xy,prob_increase,A,prob_increase_A,Pneuben is associated with higher probability of Efogen,"neither,yx,xy",lwv3sg6jpx
5,10954,"
                    <p>Suppose you read the following piece of information:</p>
                    <p class=""trial-statement"">&ldquo;Laurem is associated with lower probability of Turilin&rdquo;</p>
                    <p class=""trial-question"">Which of the following is most likely?</p>
                ",2,html-button-response,5,100871,0.0-5.0,,,causal_judgment,Laurem causes a decrease in Turilin,xy,prob_lower,B,prob_lower_B,Laurem is associated with lower probability of Turilin,"neither,yx,xy",lwv3sg6jpx
6,10355,"
                    <p>Suppose you read the following piece of information:</p>
                    <p class=""trial-statement"">&ldquo;Agoriv is associated with a lower risk of Ceflar&rdquo;</p>
                    <p class=""trial-question"">Which of the following is most likely?</p>
                ",2,html-button-response,6,111227,0.0-6.0,,,causal_judgment,Agoriv causes a decrease in Ceflar,xy,risk_lower,A,risk_lower_A,Agoriv is associated with a lower risk of Ceflar,"neither,yx,xy",lwv3sg6jpx
7,23555,"
                    <p>Suppose you read the following piece of information:</p>
                    <p class=""trial-statement"">&ldquo;Themaglin is associated with a higher risk of Rebosen&rdquo;</p>
                    <p class=""trial-question"">Which of the following is most likely?</p>
                ",2,html-button-response,7,134783,0.0-7.0,,,causal_judgment,Themaglin causes an increase in Rebosen,xy,risk_increase,A,risk_increase_A,Themaglin is associated with a higher risk of Rebosen,"neither,yx,xy",lwv3sg6jpx
8,72740,,"{""explain"":""I was asked to pick which option was most probable given the statement.""}",survey-text,8,207529,0.0-8.0,,,screening,,,,,,,,lwv3sg6jpx
9,11697,,"{""comments"":""""}",survey-text,9,219231,0.0-9.0,,,comments,,,,,,,,lwv3sg6jpx
10,21179,,"{""age"":""24"",""gender"":""Female"",""native_language"":""English"",""education"":""GED""}",survey-text,10,240412,0.0-10.0,,,demographics,,,,,,,,lwv3sg6jpx
0,3262,"<div class=""consent-text""> <h2>Consent Agreement</h2> <p> Please read this consent agreement carefully before deciding whether to participate in this experiment. </p> <p> <strong>Description:</strong> You are invited to participate in a research study about language and language learning. The purpose of the research is to understand how people learn new words. This research will be conducted through the Prolific platform, including participants from the US, UK, and Canada. If you decide to participate in this research, you will learn and use new words. </p> <p> <strong>Time Involvement:</strong> The task will last the amount of time advertised on Prolific. You are free to withdraw from the study at any time. </p> <p> <strong>Risks and Benefits:</strong> Study data will be stored securely, in compliance with Stanford University standards, minimizing the risk of confiden-tiality breach. This study advances our scientific understanding of how people learn new languages. We cannot and do not guarantee or promise that you will receive any benefits from this study. </p> <p> <strong>Compensation:</strong> You will receive payment in the amount advertised on Prolific. If you do not complete this study, you will receive prorated payment based on the time that you have spent. Additionally, you may be eligible for bonus payments as described in the instructions. </p> <p> <strong>Participant's Rights:</strong> If you have read this form and have decided to participate in this project, please understand your participation is voluntary and you have the right to withdraw your consent or discontinue participation at any time without penalty or loss of benefits to which you are otherwise entitled. The alternative is not to participate. You have the right to refuse to answer particular questions. The results of this research study may be presented at scientific or professional meetings or published in scientific journals. Your individual privacy will be maintained in all published and writ-ten data resulting from the study. In accordance with scientific norms, the data from this study may be used or shared with other researchers for future research (after removing personally identifying information) without additional consent from you. </p> <p> <strong>Contact Information:</strong> If you have any questions, concerns or complaints about this research, its procedures, risks and benefits, contact the Protocol Director, Robert Hawkins (<a href=""mailto:rdhawkins@stanford.edu"">rdhawkins@stanford.edu</a>, 217-549-6923). </p> <p> <strong>Independant Contact:</strong> If you are not satisfied with how this study is being conducted, or if you have any concerns, com-plaints, or general questions about the research or your rights as a participant, please contact the Stanford Institutional Review Board (IRB) to speak to someone independent of the research team at 650-723-2480 or toll free at 1-866-680-2906, or email at irbnonmed@stanford.edu. You can also write to the Stanford IRB, Stanford University, 1705 El Camino Real, Palo Alto, CA 94306. Please save or print a copy of this page for your records. </p> <p> <strong>If you agree to participate in this research, please click ""I agree""</strong> </p></br> </div>",0,html-button-response,0,3266,0.0-0.0,agree,2026-05-29T00:46:18.511Z,,,,,,,,,am72rae81g
1,1491,"
                <h2>Welcome!</h2>
                <p>You will be asked a few simple questions about the possible relationship
                between different things. The questions are unrelated to one another.</p>
                <p>For each question, you will read a statement and choose the most likely
                interpretation from the options presented.</p>
                <p>Please respond thoughtfully.</p>
            ",0,html-button-response,1,4760,0.0-1.0,,,,,,,,,,,am72rae81g
2,5476,"
        <p>Before we begin, here is a practice question to familiarize you with the format.</p>
        <p>Suppose you read the following piece of information:</p>
        <p class=""trial-statement"">&ldquo;While Maria was typing her report, the phone rang.&rdquo;</p>
        <p class=""trial-question"">Which of the following is most likely?</p>
    ",0,html-button-response,2,10237,0.0-2.0,,,practice,Maria began her report first,correct,,,,,,am72rae81g
3,16740,"
                    <p>Suppose you read the following piece of information:</p>
                    <p class=""trial-statement"">&ldquo;Efogen is associated with higher probability of Pneuben&rdquo;</p>
                    <p class=""trial-question"">Which of the following is most likely?</p>
                ",1,html-button-response,3,26979,0.0-3.0,,,causal_judgment,Pneuben causes an increase in Efogen,yx,prob_increase,B,prob_increase_B,Efogen is associated with higher probability of Pneuben,"neither,yx,xy",am72rae81g
4,13579,"
                    <p>Suppose you read the following piece of information:</p>
                    <p class=""trial-statement"">&ldquo;Turilin is associated with lower probability of Laurem&rdquo;</p>
                    <p class=""trial-question"">Which of the following is most likely?</p>
                ",1,html-button-response,4,40559,0.0-4.0,,,causal_judgment,Laurem causes a decrease in Turilin,yx,prob_lower,A,prob_lower_A,Turilin is associated with lower probability of Laurem,"neither,yx,xy",am72rae81g
5,25603,"
                    <p>Suppose you read the following piece of information:</p>
                    <p class=""trial-statement"">&ldquo;Themaglin is associated with a higher risk of Rebosen&rdquo;</p>
                    <p class=""trial-question"">Which of the following is most likely?</p>
                ",1,html-button-response,5,66163,0.0-5.0,,,causal_judgment,Rebosen causes an increase in Themaglin,yx,risk_increase,A,risk_increase_A,Themaglin is associated with a higher risk of Rebosen,"neither,yx,xy",am72rae81g
6,5344,"
                    <p>Suppose you read the following piece of information:</p>
                    <p class=""trial-statement"">&ldquo;Denoden is associated with Flembers&rdquo;</p>
                    <p class=""trial-question"">Which of the following is most likely?</p>
                ",0,html-button-response,6,71509,0.0-6.0,,,causal_judgment,"A third factor is causally related to Denoden and Flembers, they are not directly related",neither,assoc,A,assoc_A,Denoden is associated with Flembers,"neither,yx,xy",am72rae81g
7,6111,"
                    <p>Suppose you read the following piece of information:</p>
                    <p class=""trial-statement"">&ldquo;Ceflar is associated with a lower risk of Agoriv&rdquo;</p>
                    <p class=""trial-question"">Which of the following is most likely?</p>
                ",2,html-button-response,7,77621,0.0-7.0,,,causal_judgment,Ceflar causes a decrease in Agoriv,xy,risk_lower,B,risk_lower_B,Ceflar is associated with a lower risk of Agoriv,"neither,yx,xy",am72rae81g
8,271628,,"{""explain"":""Read a sentence and determine which following sentence is most likely.""}",survey-text,8,349255,0.0-8.0,,,screening,,,,,,,,am72rae81g
9,8842,,"{""comments"":""Stay gold.""}",survey-text,9,358100,0.0-9.0,,,comments,,,,,,,,am72rae81g
10,20773,,"{""age"":""55"",""gender"":""Male"",""native_language"":""English"",""education"":""Associate's""}",survey-text,10,378877,0.0-10.0,,,demographics,,,,,,,,am72rae81g
0,1837,"<div class=""consent-text""> <h2>Consent Agreement</h2> <p> Please read this consent agreement carefully before deciding whether to participate in this experiment. </p> <p> <strong>Description:</strong> You are invited to participate in a research study about language and language learning. The purpose of the research is to understand how people learn new words. This research will be conducted through the Prolific platform, including participants from the US, UK, and Canada. If you decide to participate in this research, you will learn and use new words. </p> <p> <strong>Time Involvement:</strong> The task will last the amount of time advertised on Prolific. You are free to withdraw from the study at any time. </p> <p> <strong>Risks and Benefits:</strong> Study data will be stored securely, in compliance with Stanford University standards, minimizing the risk of confiden-tiality breach. This study advances our scientific understanding of how people learn new languages. We cannot and do not guarantee or promise that you will receive any benefits from this study. </p> <p> <strong>Compensation:</strong> You will receive payment in the amount advertised on Prolific. If you do not complete this study, you will receive prorated payment based on the time that you have spent. Additionally, you may be eligible for bonus payments as described in the instructions. </p> <p> <strong>Participant's Rights:</strong> If you have read this form and have decided to participate in this project, please understand your participation is voluntary and you have the right to withdraw your consent or discontinue participation at any time without penalty or loss of benefits to which you are otherwise entitled. The alternative is not to participate. You have the right to refuse to answer particular questions. The results of this research study may be presented at scientific or professional meetings or published in scientific journals. Your individual privacy will be maintained in all published and writ-ten data resulting from the study. In accordance with scientific norms, the data from this study may be used or shared with other researchers for future research (after removing personally identifying information) without additional consent from you. </p> <p> <strong>Contact Information:</strong> If you have any questions, concerns or complaints about this research, its procedures, risks and benefits, contact the Protocol Director, Robert Hawkins (<a href=""mailto:rdhawkins@stanford.edu"">rdhawkins@stanford.edu</a>, 217-549-6923). </p> <p> <strong>Independant Contact:</strong> If you are not satisfied with how this study is being conducted, or if you have any concerns, com-plaints, or general questions about the research or your rights as a participant, please contact the Stanford Institutional Review Board (IRB) to speak to someone independent of the research team at 650-723-2480 or toll free at 1-866-680-2906, or email at irbnonmed@stanford.edu. You can also write to the Stanford IRB, Stanford University, 1705 El Camino Real, Palo Alto, CA 94306. Please save or print a copy of this page for your records. </p> <p> <strong>If you agree to participate in this research, please click ""I agree""</strong> </p></br> </div>",0,html-button-response,0,1842,0.0-0.0,agree,2026-05-29T01:11:14.503Z,,,,,,,,,q4kka2dyp5
1,1863,"
                <h2>Welcome!</h2>
                <p>You will be asked a few simple questions about the possible relationship
                between different things. The questions are unrelated to one another.</p>
                <p>For each question, you will read a statement and choose the most likely
                interpretation from the options presented.</p>
                <p>Please respond thoughtfully.</p>
            ",0,html-button-response,1,3705,0.0-1.0,,,,,,,,,,,q4kka2dyp5
2,7503,"
        <p>Before we begin, here is a practice question to familiarize you with the format.</p>
        <p>Suppose you read the following piece of information:</p>
        <p class=""trial-statement"">&ldquo;While Maria was typing her report, the phone rang.&rdquo;</p>
        <p class=""trial-question"">Which of the following is most likely?</p>
    ",1,html-button-response,2,11209,0.0-2.0,,,practice,Maria began her report first,correct,,,,,,q4kka2dyp5
3,9383,"
                    <p>Suppose you read the following piece of information:</p>
                    <p class=""trial-statement"">&ldquo;Rebosen is associated with a higher risk of Themaglin&rdquo;</p>
                    <p class=""trial-question"">Which of the following is most likely?</p>
                ",0,html-button-response,3,20593,0.0-3.0,,,causal_judgment,Rebosen causes an increase in Themaglin,xy,risk_increase,B,risk_increase_B,Rebosen is associated with a higher risk of Themaglin,"xy,yx,neither",q4kka2dyp5
4,3911,"
                    <p>Suppose you read the following piece of information:</p>
                    <p class=""trial-statement"">&ldquo;Agoriv is associated with a lower risk of Ceflar&rdquo;</p>
                    <p class=""trial-question"">Which of the following is most likely?</p>
                ",0,html-button-response,4,24505,0.0-4.0,,,causal_judgment,Agoriv causes a decrease in Ceflar,xy,risk_lower,A,risk_lower_A,Agoriv is associated with a lower risk of Ceflar,"xy,yx,neither",q4kka2dyp5
5,4959,"
                    <p>Suppose you read the following piece of information:</p>
                    <p class=""trial-statement"">&ldquo;Laurem is associated with lower probability of Turilin&rdquo;</p>
                    <p class=""trial-question"">Which of the following is most likely?</p>
                ",0,html-button-response,5,29465,0.0-5.0,,,causal_judgment,Laurem causes a decrease in Turilin,xy,prob_lower,B,prob_lower_B,Laurem is associated with lower probability of Turilin,"xy,yx,neither",q4kka2dyp5
6,4968,"
                    <p>Suppose you read the following piece of information:</p>
                    <p class=""trial-statement"">&ldquo;Denoden is associated with Flembers&rdquo;</p>
                    <p class=""trial-question"">Which of the following is most likely?</p>
                ",2,html-button-response,6,34433,0.0-6.0,,,causal_judgment,"A third factor is causally related to Denoden and Flembers, they are not directly related",neither,assoc,A,assoc_A,Denoden is associated with Flembers,"xy,yx,neither",q4kka2dyp5
7,4743,"
                    <p>Suppose you read the following piece of information:</p>
                    <p class=""trial-statement"">&ldquo;Pneuben is associated with higher probability of Efogen&rdquo;</p>
                    <p class=""trial-question"">Which of the following is most likely?</p>
                ",0,html-button-response,7,39177,0.0-7.0,,,causal_judgment,Pneuben causes an increase in Efogen,xy,prob_increase,A,prob_increase_A,Pneuben is associated with higher probability of Efogen,"xy,yx,neither",q4kka2dyp5
8,21021,,"{""explain"":""To see the relation between two different factors or objects.""}",survey-text,8,60202,0.0-8.0,,,screening,,,,,,,,q4kka2dyp5
9,13221,,"{""comments"":""No additional comments or feedback at this time, thank you.""}",survey-text,9,73425,0.0-9.0,,,comments,,,,,,,,q4kka2dyp5
10,9038,,"{""age"":""27"",""gender"":""Male"",""native_language"":"""",""education"":""""}",survey-text,10,82465,0.0-10.0,,,demographics,,,,,,,,q4kka2dyp5
0,6585,"<div class=""consent-text""> <h2>Consent Agreement</h2> <p> Please read this consent agreement carefully before deciding whether to participate in this experiment. </p> <p> <strong>Description:</strong> You are invited to participate in a research study about language and language learning. The purpose of the research is to understand how people learn new words. This research will be conducted through the Prolific platform, including participants from the US, UK, and Canada. If you decide to participate in this research, you will learn and use new words. </p> <p> <strong>Time Involvement:</strong> The task will last the amount of time advertised on Prolific. You are free to withdraw from the study at any time. </p> <p> <strong>Risks and Benefits:</strong> Study data will be stored securely, in compliance with Stanford University standards, minimizing the risk of confiden-tiality breach. This study advances our scientific understanding of how people learn new languages. We cannot and do not guarantee or promise that you will receive any benefits from this study. </p> <p> <strong>Compensation:</strong> You will receive payment in the amount advertised on Prolific. If you do not complete this study, you will receive prorated payment based on the time that you have spent. Additionally, you may be eligible for bonus payments as described in the instructions. </p> <p> <strong>Participant's Rights:</strong> If you have read this form and have decided to participate in this project, please understand your participation is voluntary and you have the right to withdraw your consent or discontinue participation at any time without penalty or loss of benefits to which you are otherwise entitled. The alternative is not to participate. You have the right to refuse to answer particular questions. The results of this research study may be presented at scientific or professional meetings or published in scientific journals. Your individual privacy will be maintained in all published and writ-ten data resulting from the study. In accordance with scientific norms, the data from this study may be used or shared with other researchers for future research (after removing personally identifying information) without additional consent from you. </p> <p> <strong>Contact Information:</strong> If you have any questions, concerns or complaints about this research, its procedures, risks and benefits, contact the Protocol Director, Robert Hawkins (<a href=""mailto:rdhawkins@stanford.edu"">rdhawkins@stanford.edu</a>, 217-549-6923). </p> <p> <strong>Independant Contact:</strong> If you are not satisfied with how this study is being conducted, or if you have any concerns, com-plaints, or general questions about the research or your rights as a participant, please contact the Stanford Institutional Review Board (IRB) to speak to someone independent of the research team at 650-723-2480 or toll free at 1-866-680-2906, or email at irbnonmed@stanford.edu. You can also write to the Stanford IRB, Stanford University, 1705 El Camino Real, Palo Alto, CA 94306. Please save or print a copy of this page for your records. </p> <p> <strong>If you agree to participate in this research, please click ""I agree""</strong> </p></br> </div>",0,html-button-response,0,6588,0.0-0.0,agree,2026-05-29T00:45:21.181Z,,,,,,,,,chy2vn59hu
1,6700,"
                <h2>Welcome!</h2>
                <p>You will be asked a few simple questions about the possible relationship
                between different things. The questions are unrelated to one another.</p>
                <p>For each question, you will read a statement and choose the most likely
                interpretation from the options presented.</p>
                <p>Please respond thoughtfully.</p>
            ",0,html-button-response,1,13296,0.0-1.0,,,,,,,,,,,chy2vn59hu
2,9817,"
        <p>Before we begin, here is a practice question to familiarize you with the format.</p>
        <p>Suppose you read the following piece of information:</p>
        <p class=""trial-statement"">&ldquo;While Maria was typing her report, the phone rang.&rdquo;</p>
        <p class=""trial-question"">Which of the following is most likely?</p>
    ",1,html-button-response,2,23115,0.0-2.0,,,practice,Maria began her report first,correct,,,,,,chy2vn59hu
3,26363,"
                    <p>Suppose you read the following piece of information:</p>
                    <p class=""trial-statement"">&ldquo;Turilin is associated with lower probability of Laurem&rdquo;</p>
                    <p class=""trial-question"">Which of the following is most likely?</p>
                ",0,html-button-response,3,49481,0.0-3.0,,,causal_judgment,Laurem causes a decrease in Turilin,yx,prob_lower,A,prob_lower_A,Turilin is associated with lower probability of Laurem,"yx,xy,neither",chy2vn59hu
4,18021,"
                    <p>Suppose you read the following piece of information:</p>
                    <p class=""trial-statement"">&ldquo;Flembers is associated with Denoden&rdquo;</p>
                    <p class=""trial-question"">Which of the following is most likely?</p>
                ",2,html-button-response,4,67505,0.0-4.0,,,causal_judgment,"A third factor is causally related to Flembers and Denoden, they are not directly related",neither,assoc,B,assoc_B,Flembers is associated with Denoden,"yx,xy,neither",chy2vn59hu
5,2367,"
                    <p>Suppose you read the following piece of information:</p>
                    <p class=""trial-statement"">&ldquo;Efogen is associated with higher probability of Pneuben&rdquo;</p>
                    <p class=""trial-question"">Which of the following is most likely?</p>
                ",2,html-button-response,5,69875,0.0-5.0,,,causal_judgment,"A third factor is causally related to Efogen and Pneuben, they are not directly related",neither,prob_increase,B,prob_increase_B,Efogen is associated with higher probability of Pneuben,"yx,xy,neither",chy2vn59hu
6,13210,"
                    <p>Suppose you read the following piece of information:</p>
                    <p class=""trial-statement"">&ldquo;Themaglin is associated with a higher risk of Rebosen&rdquo;</p>
                    <p class=""trial-question"">Which of the following is most likely?</p>
                ",1,html-button-response,6,83087,0.0-6.0,,,causal_judgment,Themaglin causes an increase in Rebosen,xy,risk_increase,A,risk_increase_A,Themaglin is associated with a higher risk of Rebosen,"yx,xy,neither",chy2vn59hu
7,7963,"
                    <p>Suppose you read the following piece of information:</p>
                    <p class=""trial-statement"">&ldquo;Ceflar is associated with a lower risk of Agoriv&rdquo;</p>
                    <p class=""trial-question"">Which of the following is most likely?</p>
                ",1,html-button-response,7,91052,0.0-7.0,,,causal_judgment,Ceflar causes a decrease in Agoriv,xy,risk_lower,B,risk_lower_B,Ceflar is associated with a lower risk of Agoriv,"yx,xy,neither",chy2vn59hu
8,41071,,"{""explain"":""Pick a statement that best described the text given""}",survey-text,8,132128,0.0-8.0,,,screening,,,,,,,,chy2vn59hu
9,2606,,"{""comments"":""""}",survey-text,9,134736,0.0-9.0,,,comments,,,,,,,,chy2vn59hu
10,26101,,"{""age"":""25"",""gender"":""Female "",""native_language"":""English "",""education"":""Foundation degree""}",survey-text,10,160841,0.0-10.0,,,demographics,,,,,,,,chy2vn59hu
